sample_id	model_id	condition	member	cd_index	group_size	group_rank	local_header_offset	span_bytes	compressed_size	uncompressed_size	crc32
id_00_abnormal_00000005	id_00	abnormal	valve/id_00/abnormal/00000005.wav	8	119	5	8271444	1527908	1527845	2560080	3134823358
id_00_abnormal_00000017	id_00	abnormal	valve/id_00/abnormal/00000017.wav	20	119	17	27137590	1536501	1536438	2560080	740012449
id_00_abnormal_00000029	id_00	abnormal	valve/id_00/abnormal/00000029.wav	32	119	29	46274943	1647397	1647334	2560080	3026481548
id_00_abnormal_00000041	id_00	abnormal	valve/id_00/abnormal/00000041.wav	44	119	41	65535734	1563477	1563414	2560080	549171616
id_00_abnormal_00000053	id_00	abnormal	valve/id_00/abnormal/00000053.wav	56	119	53	84876175	1584785	1584722	2560080	1188477068
id_00_abnormal_00000065	id_00	abnormal	valve/id_00/abnormal/00000065.wav	68	119	65	104285865	1662565	1662502	2560080	1037304280
id_00_abnormal_00000077	id_00	abnormal	valve/id_00/abnormal/00000077.wav	80	119	77	123649578	1664271	1664208	2560080	898084464
id_00_abnormal_00000089	id_00	abnormal	valve/id_00/abnormal/00000089.wav	92	119	89	142851113	1610700	1610637	2560080	2069081948
id_00_abnormal_00000101	id_00	abnormal	valve/id_00/abnormal/00000101.wav	104	119	101	162056618	1545086	1545023	2560080	3535052229
id_00_abnormal_00000113	id_00	abnormal	valve/id_00/abnormal/00000113.wav	116	119	113	181335299	1654065	1654002	2560080	3614196439
id_00_normal_00000016	id_00	normal	valve/id_00/normal/00000016.wav	139	991	16	217407076	1682877	1682816	2560080	3050942166
id_00_normal_00000049	id_00	normal	valve/id_00/normal/00000049.wav	172	991	49	271931147	1629229	1629168	2560080	1643862093
id_00_normal_00000082	id_00	normal	valve/id_00/normal/00000082.wav	205	991	82	326021831	1623969	1623908	2560080	2756481150
id_00_normal_00000115	id_00	normal	valve/id_00/normal/00000115.wav	238	991	115	380110673	1654151	1654090	2560080	479522411
id_00_normal_00000148	id_00	normal	valve/id_00/normal/00000148.wav	271	991	148	434561169	1612263	1612202	2560080	1233440386
id_00_normal_00000181	id_00	normal	valve/id_00/normal/00000181.wav	304	991	181	489594469	1707551	1707490	2560080	2540063761
id_00_normal_00000214	id_00	normal	valve/id_00/normal/00000214.wav	337	991	214	544451780	1645007	1644946	2560080	981157467
id_00_normal_00000247	id_00	normal	valve/id_00/normal/00000247.wav	370	991	247	598807159	1634925	1634864	2560080	3428964627
id_00_normal_00000280	id_00	normal	valve/id_00/normal/00000280.wav	403	991	280	653473880	1697073	1697012	2560080	1020043271
id_00_normal_00000313	id_00	normal	valve/id_00/normal/00000313.wav	436	991	313	707782459	1670641	1670580	2560080	2084424052
id_00_normal_00000346	id_00	normal	valve/id_00/normal/00000346.wav	469	991	346	762504996	1666093	1666032	2560080	2666742167
id_00_normal_00000379	id_00	normal	valve/id_00/normal/00000379.wav	502	991	379	816593774	1674781	1674720	2560080	2361663102
id_00_normal_00000412	id_00	normal	valve/id_00/normal/00000412.wav	535	991	412	870667371	1622367	1622306	2560080	3796975594
id_00_normal_00000445	id_00	normal	valve/id_00/normal/00000445.wav	568	991	445	924865396	1681827	1681766	2560080	419478669
id_00_normal_00000478	id_00	normal	valve/id_00/normal/00000478.wav	601	991	478	979152567	1668849	1668788	2560080	506497139
id_00_normal_00000512	id_00	normal	valve/id_00/normal/00000512.wav	635	991	512	1034954078	1659674	1659613	2560080	3983849646
id_00_normal_00000545	id_00	normal	valve/id_00/normal/00000545.wav	668	991	545	1088284965	1521001	1520940	2560080	3127328500
id_00_normal_00000578	id_00	normal	valve/id_00/normal/00000578.wav	701	991	578	1141731559	1648004	1647943	2560080	2757100013
id_00_normal_00000611	id_00	normal	valve/id_00/normal/00000611.wav	734	991	611	1195397826	1651471	1651410	2560080	331381937
id_00_normal_00000644	id_00	normal	valve/id_00/normal/00000644.wav	767	991	644	1248176235	1617091	1617030	2560080	2283187630
id_00_normal_00000677	id_00	normal	valve/id_00/normal/00000677.wav	800	991	677	1301479815	1620680	1620619	2560080	1943265337
id_00_normal_00000710	id_00	normal	valve/id_00/normal/00000710.wav	833	991	710	1354735593	1505048	1504987	2560080	39531963
id_00_normal_00000743	id_00	normal	valve/id_00/normal/00000743.wav	866	991	743	1408346795	1595601	1595540	2560080	4159663147
id_00_normal_00000776	id_00	normal	valve/id_00/normal/00000776.wav	899	991	776	1461757879	1717033	1716972	2560080	2626340657
id_00_normal_00000809	id_00	normal	valve/id_00/normal/00000809.wav	932	991	809	1515586724	1675647	1675586	2560080	3229119505
id_00_normal_00000842	id_00	normal	valve/id_00/normal/00000842.wav	965	991	842	1568849346	1642302	1642241	2560080	4130867019
id_00_normal_00000875	id_00	normal	valve/id_00/normal/00000875.wav	998	991	875	1622217100	1661301	1661240	2560080	2173440558
id_00_normal_00000908	id_00	normal	valve/id_00/normal/00000908.wav	1031	991	908	1675639283	1662837	1662776	2560080	3196752829
id_00_normal_00000941	id_00	normal	valve/id_00/normal/00000941.wav	1064	991	941	1729076940	1736206	1736145	2560080	3219564349
id_00_normal_00000974	id_00	normal	valve/id_00/normal/00000974.wav	1097	991	974	1782795039	1674892	1674831	2560080	3417851911
id_02_abnormal_00000006	id_02	abnormal	valve/id_02/abnormal/00000006.wav	1122	120	6	1820227845	1689644	1689581	2560080	2766203944
id_02_abnormal_00000018	id_02	abnormal	valve/id_02/abnormal/00000018.wav	1134	120	18	1840064216	1634751	1634688	2560080	717461577
id_02_abnormal_00000030	id_02	abnormal	valve/id_02/abnormal/00000030.wav	1146	120	30	1859901662	1620508	1620445	2560080	3884898074
id_02_abnormal_00000042	id_02	abnormal	valve/id_02/abnormal/00000042.wav	1158	120	42	1879591407	1642156	1642093	2560080	1129289710
id_02_abnormal_00000054	id_02	abnormal	valve/id_02/abnormal/00000054.wav	1170	120	54	1899068901	1686667	1686604	2560080	4111098119
id_02_abnormal_00000066	id_02	abnormal	valve/id_02/abnormal/00000066.wav	1182	120	66	1918866273	1691700	1691637	2560080	3574529448
id_02_abnormal_00000078	id_02	abnormal	valve/id_02/abnormal/00000078.wav	1194	120	78	1938813738	1657497	1657434	2560080	2335094935
id_02_abnormal_00000090	id_02	abnormal	valve/id_02/abnormal/00000090.wav	1206	120	90	1958729033	1655055	1654992	2560080	971575798
id_02_abnormal_00000102	id_02	abnormal	valve/id_02/abnormal/00000102.wav	1218	120	102	1978698323	1663792	1663729	2560080	2019423102
id_02_abnormal_00000114	id_02	abnormal	valve/id_02/abnormal/00000114.wav	1230	120	114	1998765611	1658579	1658516	2560080	2147263058
id_02_normal_00000011	id_02	normal	valve/id_02/normal/00000011.wav	1248	708	11	2026448242	1532685	1532624	2560080	3809764917
id_02_normal_00000035	id_02	normal	valve/id_02/normal/00000035.wav	1272	708	35	2065701617	1596224	1596163	2560080	70226063
id_02_normal_00000059	id_02	normal	valve/id_02/normal/00000059.wav	1296	708	59	2104665069	1694858	1694797	2560080	3239343253
id_02_normal_00000082	id_02	normal	valve/id_02/normal/00000082.wav	1319	708	82	2142311912	1623542	1623481	2560080	2147233389
id_02_normal_00000106	id_02	normal	valve/id_02/normal/00000106.wav	1343	708	106	2181150208	1552592	1552531	2560080	108973302
id_02_normal_00000129	id_02	normal	valve/id_02/normal/00000129.wav	1366	708	129	2218861448	1589748	1589687	2560080	3042934546
id_02_normal_00000153	id_02	normal	valve/id_02/normal/00000153.wav	1390	708	153	2257671405	1618151	1618090	2560080	2948270358
id_02_normal_00000177	id_02	normal	valve/id_02/normal/00000177.wav	1414	708	177	2296971158	1577335	1577274	2560080	3378207614
id_02_normal_00000200	id_02	normal	valve/id_02/normal/00000200.wav	1437	708	200	2334064559	1667491	1667430	2560080	2868855296
id_02_normal_00000224	id_02	normal	valve/id_02/normal/00000224.wav	1461	708	224	2372929516	1630351	1630290	2560080	3979853795
id_02_normal_00000247	id_02	normal	valve/id_02/normal/00000247.wav	1484	708	247	2410363551	1616979	1616918	2560080	4276115699
id_02_normal_00000271	id_02	normal	valve/id_02/normal/00000271.wav	1508	708	271	2449263766	1682642	1682581	2560080	2714094672
id_02_normal_00000295	id_02	normal	valve/id_02/normal/00000295.wav	1532	708	295	2488879223	1610191	1610130	2560080	3963024057
id_02_normal_00000318	id_02	normal	valve/id_02/normal/00000318.wav	1555	708	318	2525910467	1610802	1610741	2560080	2101687956
id_02_normal_00000342	id_02	normal	valve/id_02/normal/00000342.wav	1579	708	342	2565210379	1644489	1644428	2560080	586987274
id_02_normal_00000365	id_02	normal	valve/id_02/normal/00000365.wav	1602	708	365	2602734406	1663980	1663919	2560080	2345770694
id_02_normal_00000389	id_02	normal	valve/id_02/normal/00000389.wav	1626	708	389	2641962590	1608756	1608695	2560080	3054341184
id_02_normal_00000413	id_02	normal	valve/id_02/normal/00000413.wav	1650	708	413	2681079632	1606620	1606559	2560080	3545533025
id_02_normal_00000436	id_02	normal	valve/id_02/normal/00000436.wav	1673	708	436	2718459181	1612327	1612266	2560080	3351564593
id_02_normal_00000460	id_02	normal	valve/id_02/normal/00000460.wav	1697	708	460	2758099697	1743360	1743299	2560080	117699087
id_02_normal_00000483	id_02	normal	valve/id_02/normal/00000483.wav	1720	708	483	2796474604	1644451	1644390	2560080	2176242801
id_02_normal_00000507	id_02	normal	valve/id_02/normal/00000507.wav	1744	708	507	2836250036	1655537	1655476	2560080	3065486762
id_02_normal_00000531	id_02	normal	valve/id_02/normal/00000531.wav	1768	708	531	2876105971	1641903	1641842	2560080	1306845401
id_02_normal_00000554	id_02	normal	valve/id_02/normal/00000554.wav	1791	708	554	2914566727	1652635	1652574	2560080	1810456415
id_02_normal_00000578	id_02	normal	valve/id_02/normal/00000578.wav	1815	708	578	2954499314	1712890	1712829	2560080	2980655985
id_02_normal_00000601	id_02	normal	valve/id_02/normal/00000601.wav	1838	708	601	2992489252	1664900	1664839	2560080	3663167610
id_02_normal_00000625	id_02	normal	valve/id_02/normal/00000625.wav	1862	708	625	3032567647	1587990	1587929	2560080	3160211463
id_02_normal_00000649	id_02	normal	valve/id_02/normal/00000649.wav	1886	708	649	3072397730	1654459	1654398	2560080	1253106735
id_02_normal_00000672	id_02	normal	valve/id_02/normal/00000672.wav	1909	708	672	3110164476	1720843	1720782	2560080	4266267053
id_02_normal_00000696	id_02	normal	valve/id_02/normal/00000696.wav	1933	708	696	3150341513	1698793	1698732	2560080	604236699
id_04_abnormal_00000006	id_04	abnormal	valve/id_04/abnormal/00000006.wav	1953	120	6	3180400282	1674749	1674686	2560080	3777251354
id_04_abnormal_00000018	id_04	abnormal	valve/id_04/abnormal/00000018.wav	1965	120	18	3200400304	1654196	1654133	2560080	2341338488
id_04_abnormal_00000030	id_04	abnormal	valve/id_04/abnormal/00000030.wav	1977	120	30	3220454021	1683659	1683596	2560080	2220266494
id_04_abnormal_00000042	id_04	abnormal	valve/id_04/abnormal/00000042.wav	1989	120	42	3240539662	1675286	1675223	2560080	3943845286
id_04_abnormal_00000054	id_04	abnormal	valve/id_04/abnormal/00000054.wav	2001	120	54	3260366311	1655937	1655874	2560080	1383016741
id_04_abnormal_00000066	id_04	abnormal	valve/id_04/abnormal/00000066.wav	2013	120	66	3280672418	1740403	1740340	2560080	677210501
id_04_abnormal_00000078	id_04	abnormal	valve/id_04/abnormal/00000078.wav	2025	120	78	3300816040	1708434	1708371	2560080	798433237
id_04_abnormal_00000090	id_04	abnormal	valve/id_04/abnormal/00000090.wav	2037	120	90	3321110938	1692334	1692271	2560080	3593037063
id_04_abnormal_00000102	id_04	abnormal	valve/id_04/abnormal/00000102.wav	2049	120	102	3341182678	1670905	1670842	2560080	2873987478
id_04_abnormal_00000114	id_04	abnormal	valve/id_04/abnormal/00000114.wav	2061	120	114	3361438596	1708891	1708828	2560080	2731713837
id_04_normal_00000016	id_04	normal	valve/id_04/normal/00000016.wav	2084	1000	16	3398999653	1688734	1688673	2560080	1973926054
id_04_normal_00000050	id_04	normal	valve/id_04/normal/00000050.wav	2118	1000	50	3456627259	1708932	1708871	2560080	899172469
id_04_normal_00000083	id_04	normal	valve/id_04/normal/00000083.wav	2151	1000	83	3512631726	1686494	1686433	2560080	3311658004
id_04_normal_00000116	id_04	normal	valve/id_04/normal/00000116.wav	2184	1000	116	3568840329	1695638	1695577	2560080	262341559
id_04_normal_00000150	id_04	normal	valve/id_04/normal/00000150.wav	2218	1000	150	3626929424	1651535	1651474	2560080	419887939
id_04_normal_00000183	id_04	normal	valve/id_04/normal/00000183.wav	2251	1000	183	3683063273	1682959	1682898	2560080	3469698010
id_04_normal_00000216	id_04	normal	valve/id_04/normal/00000216.wav	2284	1000	216	3738953035	1685783	1685722	2560080	2147294345
id_04_normal_00000250	id_04	normal	valve/id_04/normal/00000250.wav	2318	1000	250	3796145589	1676443	1676382	2560080	2621590818
id_04_normal_00000283	id_04	normal	valve/id_04/normal/00000283.wav	2351	1000	283	3852225302	1680661	1680600	2560080	904987545
id_04_normal_00000316	id_04	normal	valve/id_04/normal/00000316.wav	2384	1000	316	3908029413	1717299	1717238	2560080	2273456714
id_04_normal_00000350	id_04	normal	valve/id_04/normal/00000350.wav	2418	1000	350	3965513337	1711463	1711402	2560080	3272660251
id_04_normal_00000383	id_04	normal	valve/id_04/normal/00000383.wav	2451	1000	383	4021463520	1679520	1679459	2560080	1161863949
id_04_normal_00000416	id_04	normal	valve/id_04/normal/00000416.wav	2484	1000	416	4077083546	1715732	1715671	2560080	3464595084
id_04_normal_00000450	id_04	normal	valve/id_04/normal/00000450.wav	2518	1000	450	4134498151	1706077	1706016	2560080	1252234555
id_04_normal_00000483	id_04	normal	valve/id_04/normal/00000483.wav	2551	1000	483	4190467368	1697527	1697466	2560080	302111479
id_04_normal_00000516	id_04	normal	valve/id_04/normal/00000516.wav	2584	1000	516	4246119222	1653227	1653166	2560080	3284023917
id_04_normal_00000550	id_04	normal	valve/id_04/normal/00000550.wav	2618	1000	550	4302879449	1672208	1672147	2560080	1390557261
id_04_normal_00000583	id_04	normal	valve/id_04/normal/00000583.wav	2651	1000	583	4358315190	1659901	1659840	2560080	3246282888
id_04_normal_00000616	id_04	normal	valve/id_04/normal/00000616.wav	2684	1000	616	4413123142	1680668	1680607	2560080	28120046
id_04_normal_00000650	id_04	normal	valve/id_04/normal/00000650.wav	2718	1000	650	4469928639	1654634	1654573	2560080	2873246514
id_04_normal_00000683	id_04	normal	valve/id_04/normal/00000683.wav	2751	1000	683	4525234902	1647258	1647197	2560080	2966070086
id_04_normal_00000716	id_04	normal	valve/id_04/normal/00000716.wav	2784	1000	716	4580150086	1649038	1648977	2560080	758425530
id_04_normal_00000750	id_04	normal	valve/id_04/normal/00000750.wav	2818	1000	750	4636962952	1719342	1719281	2560080	3941997066
id_04_normal_00000783	id_04	normal	valve/id_04/normal/00000783.wav	2851	1000	783	4692127146	1625688	1625627	2560080	1152272847
id_04_normal_00000816	id_04	normal	valve/id_04/normal/00000816.wav	2884	1000	816	4747552848	1681527	1681466	2560080	1494315953
id_04_normal_00000850	id_04	normal	valve/id_04/normal/00000850.wav	2918	1000	850	4804781297	1646445	1646384	2560080	2610535625
id_04_normal_00000883	id_04	normal	valve/id_04/normal/00000883.wav	2951	1000	883	4860400623	1695467	1695406	2560080	2626990168
id_04_normal_00000916	id_04	normal	valve/id_04/normal/00000916.wav	2984	1000	916	4916537297	1617711	1617650	2560080	1158303128
id_04_normal_00000950	id_04	normal	valve/id_04/normal/00000950.wav	3018	1000	950	4973709685	1667413	1667352	2560080	3792770283
id_04_normal_00000983	id_04	normal	valve/id_04/normal/00000983.wav	3051	1000	983	5029449565	1674773	1674712	2560080	399460564
id_06_abnormal_00000006	id_06	abnormal	valve/id_06/abnormal/00000006.wav	3076	120	6	5068163715	1697904	1697841	2560080	2135276533
id_06_abnormal_00000018	id_06	abnormal	valve/id_06/abnormal/00000018.wav	3088	120	18	5088057969	1664167	1664104	2560080	2678860888
id_06_abnormal_00000030	id_06	abnormal	valve/id_06/abnormal/00000030.wav	3100	120	30	5107828125	1611280	1611217	2560080	3979562777
id_06_abnormal_00000042	id_06	abnormal	valve/id_06/abnormal/00000042.wav	3112	120	42	5127658528	1682110	1682047	2560080	950083937
id_06_abnormal_00000054	id_06	abnormal	valve/id_06/abnormal/00000054.wav	3124	120	54	5147582681	1617282	1617219	2560080	3856996978
id_06_abnormal_00000066	id_06	abnormal	valve/id_06/abnormal/00000066.wav	3136	120	66	5167551677	1669569	1669506	2560080	4028244498
id_06_abnormal_00000078	id_06	abnormal	valve/id_06/abnormal/00000078.wav	3148	120	78	5187753335	1708369	1708306	2560080	3578737259
id_06_abnormal_00000090	id_06	abnormal	valve/id_06/abnormal/00000090.wav	3160	120	90	5207982990	1695221	1695158	2560080	2437734618
id_06_abnormal_00000102	id_06	abnormal	valve/id_06/abnormal/00000102.wav	3172	120	102	5228324471	1635628	1635565	2560080	3385726732
id_06_abnormal_00000114	id_06	abnormal	valve/id_06/abnormal/00000114.wav	3184	120	114	5248532797	1683205	1683142	2560080	210433216
id_06_normal_00000016	id_06	normal	valve/id_06/normal/00000016.wav	3207	992	16	5284860289	1583182	1583121	2560080	994992973
id_06_normal_00000049	id_06	normal	valve/id_06/normal/00000049.wav	3240	992	49	5339323149	1634936	1634875	2560080	2319839665
id_06_normal_00000082	id_06	normal	valve/id_06/normal/00000082.wav	3273	992	82	5394206481	1648342	1648281	2560080	3147424169
id_06_normal_00000115	id_06	normal	valve/id_06/normal/00000115.wav	3306	992	115	5448677732	1638869	1638808	2560080	3566076599
id_06_normal_00000148	id_06	normal	valve/id_06/normal/00000148.wav	3339	992	148	5502898575	1639797	1639736	2560080	968343428
id_06_normal_00000181	id_06	normal	valve/id_06/normal/00000181.wav	3372	992	181	5557197914	1670381	1670320	2560080	4184124438
id_06_normal_00000214	id_06	normal	valve/id_06/normal/00000214.wav	3405	992	214	5611637812	1690023	1689962	2560080	2839462217
id_06_normal_00000248	id_06	normal	valve/id_06/normal/00000248.wav	3439	992	248	5667585801	1676419	1676358	2560080	1908324215
id_06_normal_00000281	id_06	normal	valve/id_06/normal/00000281.wav	3472	992	281	5722229858	1681094	1681033	2560080	554088177
id_06_normal_00000314	id_06	normal	valve/id_06/normal/00000314.wav	3505	992	314	5776476017	1651645	1651584	2560080	3805081638
id_06_normal_00000347	id_06	normal	valve/id_06/normal/00000347.wav	3538	992	347	5830981991	1675937	1675876	2560080	985571960
id_06_normal_00000380	id_06	normal	valve/id_06/normal/00000380.wav	3571	992	380	5885681330	1667985	1667924	2560080	1974972711
id_06_normal_00000413	id_06	normal	valve/id_06/normal/00000413.wav	3604	992	413	5940067525	1647732	1647671	2560080	2759084034
id_06_normal_00000446	id_06	normal	valve/id_06/normal/00000446.wav	3637	992	446	5994557717	1633049	1632988	2560080	4002031231
id_06_normal_00000479	id_06	normal	valve/id_06/normal/00000479.wav	3670	992	479	6048628904	1624511	1624450	2560080	2815135921
id_06_normal_00000512	id_06	normal	valve/id_06/normal/00000512.wav	3703	992	512	6103764333	1679435	1679374	2560080	1239139588
id_06_normal_00000545	id_06	normal	valve/id_06/normal/00000545.wav	3736	992	545	6159727605	1724265	1724204	2560080	3334793575
id_06_normal_00000578	id_06	normal	valve/id_06/normal/00000578.wav	3769	992	578	6215571826	1679323	1679262	2560080	2309479250
id_06_normal_00000611	id_06	normal	valve/id_06/normal/00000611.wav	3802	992	611	6271086372	1660581	1660520	2560080	3504427007
id_06_normal_00000644	id_06	normal	valve/id_06/normal/00000644.wav	3835	992	644	6327250650	1713464	1713403	2560080	1811838096
id_06_normal_00000677	id_06	normal	valve/id_06/normal/00000677.wav	3868	992	677	6383160508	1677614	1677553	2560080	3271716586
id_06_normal_00000710	id_06	normal	valve/id_06/normal/00000710.wav	3901	992	710	6439309578	1632691	1632630	2560080	3249643091
id_06_normal_00000744	id_06	normal	valve/id_06/normal/00000744.wav	3935	992	744	6496698579	1685435	1685374	2560080	1729353024
id_06_normal_00000777	id_06	normal	valve/id_06/normal/00000777.wav	3968	992	777	6552466693	1693569	1693508	2560080	1026466365
id_06_normal_00000810	id_06	normal	valve/id_06/normal/00000810.wav	4001	992	810	6608068021	1682840	1682779	2560080	1463580908
id_06_normal_00000843	id_06	normal	valve/id_06/normal/00000843.wav	4034	992	843	6663642786	1614952	1614891	2560080	2901999746
id_06_normal_00000876	id_06	normal	valve/id_06/normal/00000876.wav	4067	992	876	6719348358	1714725	1714664	2560080	2646961280
id_06_normal_00000909	id_06	normal	valve/id_06/normal/00000909.wav	4100	992	909	6774899374	1714415	1714354	2560080	66393509
id_06_normal_00000942	id_06	normal	valve/id_06/normal/00000942.wav	4133	992	942	6830794720	1676663	1676602	2560080	3946007041
id_06_normal_00000975	id_06	normal	valve/id_06/normal/00000975.wav	4166	992	975	6886690838	1688516	1688455	2560080	1341320579
