ordinal	product_id	label_filename	payload_filename	label_url	payload_url	label_bytes	label_sha256	file_bytes	array_offset	array_bytes	lines	samples	data_type
1	zl0_0001_0667035647_000edr_n0010052aut_04096_0260lmj	ZL0_0001_0667035647_000EDR_N0010052AUT_04096_0260LMJ03.xml	ZL0_0001_0667035647_000EDR_N0010052AUT_04096_0260LMJ03.IMG	https://pds-imaging.jpl.nasa.gov/data/mars2020/mars2020_mastcamz_ops_raw/data/sol/00001/ids/edr/zcam/ZL0_0001_0667035647_000EDR_N0010052AUT_04096_0260LMJ03.xml	https://pds-imaging.jpl.nasa.gov/data/mars2020/mars2020_mastcamz_ops_raw/data/sol/00001/ids/edr/zcam/ZL0_0001_0667035647_000EDR_N0010052AUT_04096_0260LMJ03.IMG	55247	b8e1bc3b283909547423009b6ebc2b48e72d4461ed26644dbc04c1346b8c6279	3988160	32960	3955200	1200	1648	SignedMSB2
2	zl0_0001_0667035653_000edr_n0010052aut_04096_0260lmj	ZL0_0001_0667035653_000EDR_N0010052AUT_04096_0260LMJ03.xml	ZL0_0001_0667035653_000EDR_N0010052AUT_04096_0260LMJ03.IMG	https://pds-imaging.jpl.nasa.gov/data/mars2020/mars2020_mastcamz_ops_raw/data/sol/00001/ids/edr/zcam/ZL0_0001_0667035653_000EDR_N0010052AUT_04096_0260LMJ03.xml	https://pds-imaging.jpl.nasa.gov/data/mars2020/mars2020_mastcamz_ops_raw/data/sol/00001/ids/edr/zcam/ZL0_0001_0667035653_000EDR_N0010052AUT_04096_0260LMJ03.IMG	55248	de63115a1fa1f14b85a476af68b2977d1e2d84947e09b219862ac6be028ee692	3988160	32960	3955200	1200	1648	SignedMSB2
3	zl0_0001_0667035659_000edr_n0010052aut_04096_0260lmj	ZL0_0001_0667035659_000EDR_N0010052AUT_04096_0260LMJ03.xml	ZL0_0001_0667035659_000EDR_N0010052AUT_04096_0260LMJ03.IMG	https://pds-imaging.jpl.nasa.gov/data/mars2020/mars2020_mastcamz_ops_raw/data/sol/00001/ids/edr/zcam/ZL0_0001_0667035659_000EDR_N0010052AUT_04096_0260LMJ03.xml	https://pds-imaging.jpl.nasa.gov/data/mars2020/mars2020_mastcamz_ops_raw/data/sol/00001/ids/edr/zcam/ZL0_0001_0667035659_000EDR_N0010052AUT_04096_0260LMJ03.IMG	55262	eb1b515915787f38f70bf6ea8abdc7cc3ef42862020fb14f93178143f0c8e98d	3988160	32960	3955200	1200	1648	SignedMSB2
4	zl0_0001_0667035667_000edr_n0010052aut_04096_0260lmj	ZL0_0001_0667035667_000EDR_N0010052AUT_04096_0260LMJ03.xml	ZL0_0001_0667035667_000EDR_N0010052AUT_04096_0260LMJ03.IMG	https://pds-imaging.jpl.nasa.gov/data/mars2020/mars2020_mastcamz_ops_raw/data/sol/00001/ids/edr/zcam/ZL0_0001_0667035667_000EDR_N0010052AUT_04096_0260LMJ03.xml	https://pds-imaging.jpl.nasa.gov/data/mars2020/mars2020_mastcamz_ops_raw/data/sol/00001/ids/edr/zcam/ZL0_0001_0667035667_000EDR_N0010052AUT_04096_0260LMJ03.IMG	55262	f7847fd27077c4177c1e28ce968992d13414c2ca9ecb9c8caf07d5ce7894d2ff	3988160	32960	3955200	1200	1648	SignedMSB2
5	zl0_0001_0667035675_000edr_n0010052aut_04096_0260lmj	ZL0_0001_0667035675_000EDR_N0010052AUT_04096_0260LMJ03.xml	ZL0_0001_0667035675_000EDR_N0010052AUT_04096_0260LMJ03.IMG	https://pds-imaging.jpl.nasa.gov/data/mars2020/mars2020_mastcamz_ops_raw/data/sol/00001/ids/edr/zcam/ZL0_0001_0667035675_000EDR_N0010052AUT_04096_0260LMJ03.xml	https://pds-imaging.jpl.nasa.gov/data/mars2020/mars2020_mastcamz_ops_raw/data/sol/00001/ids/edr/zcam/ZL0_0001_0667035675_000EDR_N0010052AUT_04096_0260LMJ03.IMG	55262	5f4762afd194878ed5ddf135eb11ffae9c13f761138bf13481255fcc8600048a	3988160	32960	3955200	1200	1648	SignedMSB2
6	zl0_0001_0667035701_000edr_n0010052aut_04096_0260lmj	ZL0_0001_0667035701_000EDR_N0010052AUT_04096_0260LMJ03.xml	ZL0_0001_0667035701_000EDR_N0010052AUT_04096_0260LMJ03.IMG	https://pds-imaging.jpl.nasa.gov/data/mars2020/mars2020_mastcamz_ops_raw/data/sol/00001/ids/edr/zcam/ZL0_0001_0667035701_000EDR_N0010052AUT_04096_0260LMJ03.xml	https://pds-imaging.jpl.nasa.gov/data/mars2020/mars2020_mastcamz_ops_raw/data/sol/00001/ids/edr/zcam/ZL0_0001_0667035701_000EDR_N0010052AUT_04096_0260LMJ03.IMG	55265	44c33eb461d731183fa73af03cfa3cc47c2fb65ef8d57e56b7cf32180ce338b2	3988160	32960	3955200	1200	1648	SignedMSB2
7	zl0_0002_0667131112_000edr_n0010052aut_04096_0260luj	ZL0_0002_0667131112_000EDR_N0010052AUT_04096_0260LUJ03.xml	ZL0_0002_0667131112_000EDR_N0010052AUT_04096_0260LUJ03.IMG	https://pds-imaging.jpl.nasa.gov/data/mars2020/mars2020_mastcamz_ops_raw/data/sol/00002/ids/edr/zcam/ZL0_0002_0667131112_000EDR_N0010052AUT_04096_0260LUJ03.xml	https://pds-imaging.jpl.nasa.gov/data/mars2020/mars2020_mastcamz_ops_raw/data/sol/00002/ids/edr/zcam/ZL0_0002_0667131112_000EDR_N0010052AUT_04096_0260LUJ03.IMG	55155	cd9b317e3200959b1a87f10a7df66608e0c46d3601387c96e9a5170f6729b086	3988160	32960	3955200	1200	1648	SignedMSB2
8	zl0_0002_0667131195_000edr_n0010052aut_04096_0260luj	ZL0_0002_0667131195_000EDR_N0010052AUT_04096_0260LUJ03.xml	ZL0_0002_0667131195_000EDR_N0010052AUT_04096_0260LUJ03.IMG	https://pds-imaging.jpl.nasa.gov/data/mars2020/mars2020_mastcamz_ops_raw/data/sol/00002/ids/edr/zcam/ZL0_0002_0667131195_000EDR_N0010052AUT_04096_0260LUJ03.xml	https://pds-imaging.jpl.nasa.gov/data/mars2020/mars2020_mastcamz_ops_raw/data/sol/00002/ids/edr/zcam/ZL0_0002_0667131195_000EDR_N0010052AUT_04096_0260LUJ03.IMG	55164	36c3b5a79255726d5a440e5e4666588e4c6e2bcfd28aafd7e0a3e5ee5e408dc7	3988160	32960	3955200	1200	1648	SignedMSB2
9	zl0_0002_0667131328_646edr_n0010052zcam00012_0630luj	ZL0_0002_0667131328_646EDR_N0010052ZCAM00012_0630LUJ02.xml	ZL0_0002_0667131328_646EDR_N0010052ZCAM00012_0630LUJ02.IMG	https://pds-imaging.jpl.nasa.gov/data/mars2020/mars2020_mastcamz_ops_raw/data/sol/00002/ids/edr/zcam/ZL0_0002_0667131328_646EDR_N0010052ZCAM00012_0630LUJ02.xml	https://pds-imaging.jpl.nasa.gov/data/mars2020/mars2020_mastcamz_ops_raw/data/sol/00002/ids/edr/zcam/ZL0_0002_0667131328_646EDR_N0010052ZCAM00012_0630LUJ02.IMG	55171	2345f589216dc13a6e6516c7115a1f0993d42db68b17549a8b627e2654924790	3988160	32960	3955200	1200	1648	SignedMSB2
10	zl0_0002_0667131372_646edr_n0010052zcam00012_0630luj	ZL0_0002_0667131372_646EDR_N0010052ZCAM00012_0630LUJ02.xml	ZL0_0002_0667131372_646EDR_N0010052ZCAM00012_0630LUJ02.IMG	https://pds-imaging.jpl.nasa.gov/data/mars2020/mars2020_mastcamz_ops_raw/data/sol/00002/ids/edr/zcam/ZL0_0002_0667131372_646EDR_N0010052ZCAM00012_0630LUJ02.xml	https://pds-imaging.jpl.nasa.gov/data/mars2020/mars2020_mastcamz_ops_raw/data/sol/00002/ids/edr/zcam/ZL0_0002_0667131372_646EDR_N0010052ZCAM00012_0630LUJ02.IMG	55221	e2b16ddcffd9265f97d13d86ef6c197a2016b3b028a26462cea59c250416a4a3	3988160	32960	3955200	1200	1648	SignedMSB2
11	zl0_0002_0667131744_646edr_n0010052zcam00012_1100luj	ZL0_0002_0667131744_646EDR_N0010052ZCAM00012_1100LUJ02.xml	ZL0_0002_0667131744_646EDR_N0010052ZCAM00012_1100LUJ02.IMG	https://pds-imaging.jpl.nasa.gov/data/mars2020/mars2020_mastcamz_ops_raw/data/sol/00002/ids/edr/zcam/ZL0_0002_0667131744_646EDR_N0010052ZCAM00012_1100LUJ02.xml	https://pds-imaging.jpl.nasa.gov/data/mars2020/mars2020_mastcamz_ops_raw/data/sol/00002/ids/edr/zcam/ZL0_0002_0667131744_646EDR_N0010052ZCAM00012_1100LUJ02.IMG	55171	98c6cba141ca252f85eefbc7e110547b61e4f0c97cd15be8c7d8eca86ead80c7	3988160	32960	3955200	1200	1648	SignedMSB2
12	zl0_0002_0667131841_000edr_n0010052aut_04096_1100luj	ZL0_0002_0667131841_000EDR_N0010052AUT_04096_1100LUJ04.xml	ZL0_0002_0667131841_000EDR_N0010052AUT_04096_1100LUJ04.IMG	https://pds-imaging.jpl.nasa.gov/data/mars2020/mars2020_mastcamz_ops_raw/data/sol/00002/ids/edr/zcam/ZL0_0002_0667131841_000EDR_N0010052AUT_04096_1100LUJ04.xml	https://pds-imaging.jpl.nasa.gov/data/mars2020/mars2020_mastcamz_ops_raw/data/sol/00002/ids/edr/zcam/ZL0_0002_0667131841_000EDR_N0010052AUT_04096_1100LUJ04.IMG	55182	7d259aa4a07411500b0e4b8149df223c17b3c1d39b50ac459fbb50da4448cace	3988160	32960	3955200	1200	1648	SignedMSB2
13	zl0_0002_0667132063_000edr_n0010052aut_04096_0260luj	ZL0_0002_0667132063_000EDR_N0010052AUT_04096_0260LUJ03.xml	ZL0_0002_0667132063_000EDR_N0010052AUT_04096_0260LUJ03.IMG	https://pds-imaging.jpl.nasa.gov/data/mars2020/mars2020_mastcamz_ops_raw/data/sol/00002/ids/edr/zcam/ZL0_0002_0667132063_000EDR_N0010052AUT_04096_0260LUJ03.xml	https://pds-imaging.jpl.nasa.gov/data/mars2020/mars2020_mastcamz_ops_raw/data/sol/00002/ids/edr/zcam/ZL0_0002_0667132063_000EDR_N0010052AUT_04096_0260LUJ03.IMG	55181	219c01eebad74e1c059b9e8aaf88faf3cefb9713b8823b76cf50582fa33438e2	3988160	32960	3955200	1200	1648	SignedMSB2
14	zl1_0002_0667131377_646edr_n0010052zcam00012_0630luj	ZL1_0002_0667131377_646EDR_N0010052ZCAM00012_0630LUJ02.xml	ZL1_0002_0667131377_646EDR_N0010052ZCAM00012_0630LUJ02.IMG	https://pds-imaging.jpl.nasa.gov/data/mars2020/mars2020_mastcamz_ops_raw/data/sol/00002/ids/edr/zcam/ZL1_0002_0667131377_646EDR_N0010052ZCAM00012_0630LUJ02.xml	https://pds-imaging.jpl.nasa.gov/data/mars2020/mars2020_mastcamz_ops_raw/data/sol/00002/ids/edr/zcam/ZL1_0002_0667131377_646EDR_N0010052ZCAM00012_0630LUJ02.IMG	54364	176c2b2b5496ce6053c2f9a0975fdc50e0cb04ada8721588c55ad53d69f19cc1	3988160	32960	3955200	1200	1648	SignedMSB2
15	zl1_0002_0667131389_665edr_n0010052zcam00012_0630luj	ZL1_0002_0667131389_665EDR_N0010052ZCAM00012_0630LUJ02.xml	ZL1_0002_0667131389_665EDR_N0010052ZCAM00012_0630LUJ02.IMG	https://pds-imaging.jpl.nasa.gov/data/mars2020/mars2020_mastcamz_ops_raw/data/sol/00002/ids/edr/zcam/ZL1_0002_0667131389_665EDR_N0010052ZCAM00012_0630LUJ02.xml	https://pds-imaging.jpl.nasa.gov/data/mars2020/mars2020_mastcamz_ops_raw/data/sol/00002/ids/edr/zcam/ZL1_0002_0667131389_665EDR_N0010052ZCAM00012_0630LUJ02.IMG	54411	ba71c536932c22ec5cb0c761c3d0c324118cc925a19a4e2f81df3101352b701c	3988160	32960	3955200	1200	1648	SignedMSB2
16	zl2_0002_0667131394_646edr_n0010052zcam00012_0630luj	ZL2_0002_0667131394_646EDR_N0010052ZCAM00012_0630LUJ02.xml	ZL2_0002_0667131394_646EDR_N0010052ZCAM00012_0630LUJ02.IMG	https://pds-imaging.jpl.nasa.gov/data/mars2020/mars2020_mastcamz_ops_raw/data/sol/00002/ids/edr/zcam/ZL2_0002_0667131394_646EDR_N0010052ZCAM00012_0630LUJ02.xml	https://pds-imaging.jpl.nasa.gov/data/mars2020/mars2020_mastcamz_ops_raw/data/sol/00002/ids/edr/zcam/ZL2_0002_0667131394_646EDR_N0010052ZCAM00012_0630LUJ02.IMG	54362	a8a765fb7b3cec602f84c1b11c25dadf48985b7e70505bf5ae766dc7b8f2b073	3988160	32960	3955200	1200	1648	SignedMSB2
17	zl2_0002_0667131405_646edr_n0010052zcam00012_0630luj	ZL2_0002_0667131405_646EDR_N0010052ZCAM00012_0630LUJ02.xml	ZL2_0002_0667131405_646EDR_N0010052ZCAM00012_0630LUJ02.IMG	https://pds-imaging.jpl.nasa.gov/data/mars2020/mars2020_mastcamz_ops_raw/data/sol/00002/ids/edr/zcam/ZL2_0002_0667131405_646EDR_N0010052ZCAM00012_0630LUJ02.xml	https://pds-imaging.jpl.nasa.gov/data/mars2020/mars2020_mastcamz_ops_raw/data/sol/00002/ids/edr/zcam/ZL2_0002_0667131405_646EDR_N0010052ZCAM00012_0630LUJ02.IMG	54413	6095ce46f148520ceffa552c98ee1c6f1f57be0c7fb74c60d8c3f8e7f219dac8	3988160	32960	3955200	1200	1648	SignedMSB2
18	zl3_0002_0667131410_661edr_n0010052zcam00012_0630luj	ZL3_0002_0667131410_661EDR_N0010052ZCAM00012_0630LUJ02.xml	ZL3_0002_0667131410_661EDR_N0010052ZCAM00012_0630LUJ02.IMG	https://pds-imaging.jpl.nasa.gov/data/mars2020/mars2020_mastcamz_ops_raw/data/sol/00002/ids/edr/zcam/ZL3_0002_0667131410_661EDR_N0010052ZCAM00012_0630LUJ02.xml	https://pds-imaging.jpl.nasa.gov/data/mars2020/mars2020_mastcamz_ops_raw/data/sol/00002/ids/edr/zcam/ZL3_0002_0667131410_661EDR_N0010052ZCAM00012_0630LUJ02.IMG	54365	766bb3866ded6fdcd20235ed9fc531573be36ff8885cf27af525fca484d4abf8	3988160	32960	3955200	1200	1648	SignedMSB2
19	zl3_0002_0667131421_646edr_n0010052zcam00012_0630luj	ZL3_0002_0667131421_646EDR_N0010052ZCAM00012_0630LUJ02.xml	ZL3_0002_0667131421_646EDR_N0010052ZCAM00012_0630LUJ02.IMG	https://pds-imaging.jpl.nasa.gov/data/mars2020/mars2020_mastcamz_ops_raw/data/sol/00002/ids/edr/zcam/ZL3_0002_0667131421_646EDR_N0010052ZCAM00012_0630LUJ02.xml	https://pds-imaging.jpl.nasa.gov/data/mars2020/mars2020_mastcamz_ops_raw/data/sol/00002/ids/edr/zcam/ZL3_0002_0667131421_646EDR_N0010052ZCAM00012_0630LUJ02.IMG	54414	2c05521b5bbecb3f6b5371d7a892c4956321fdcbdd1fa1a89da30da2e648bd50	3988160	32960	3955200	1200	1648	SignedMSB2
20	zl4_0002_0667131426_646edr_n0010052zcam00012_0630luj	ZL4_0002_0667131426_646EDR_N0010052ZCAM00012_0630LUJ02.xml	ZL4_0002_0667131426_646EDR_N0010052ZCAM00012_0630LUJ02.IMG	https://pds-imaging.jpl.nasa.gov/data/mars2020/mars2020_mastcamz_ops_raw/data/sol/00002/ids/edr/zcam/ZL4_0002_0667131426_646EDR_N0010052ZCAM00012_0630LUJ02.xml	https://pds-imaging.jpl.nasa.gov/data/mars2020/mars2020_mastcamz_ops_raw/data/sol/00002/ids/edr/zcam/ZL4_0002_0667131426_646EDR_N0010052ZCAM00012_0630LUJ02.IMG	54365	e9d75b1818fc8b54a575aebd678ad5bedd469e79211d16f1a90b44b8b7765a7a	3988160	32960	3955200	1200	1648	SignedMSB2
21	zl4_0002_0667131437_646edr_n0010052zcam00012_0630luj	ZL4_0002_0667131437_646EDR_N0010052ZCAM00012_0630LUJ02.xml	ZL4_0002_0667131437_646EDR_N0010052ZCAM00012_0630LUJ02.IMG	https://pds-imaging.jpl.nasa.gov/data/mars2020/mars2020_mastcamz_ops_raw/data/sol/00002/ids/edr/zcam/ZL4_0002_0667131437_646EDR_N0010052ZCAM00012_0630LUJ02.xml	https://pds-imaging.jpl.nasa.gov/data/mars2020/mars2020_mastcamz_ops_raw/data/sol/00002/ids/edr/zcam/ZL4_0002_0667131437_646EDR_N0010052ZCAM00012_0630LUJ02.IMG	54417	bd432dee00f908d76ad19136aa80f4867937aa3cf1c10aec7c8ff6f3d7602cd6	3988160	32960	3955200	1200	1648	SignedMSB2
22	zl5_0002_0667131442_646edr_n0010052zcam00012_0630luj	ZL5_0002_0667131442_646EDR_N0010052ZCAM00012_0630LUJ02.xml	ZL5_0002_0667131442_646EDR_N0010052ZCAM00012_0630LUJ02.IMG	https://pds-imaging.jpl.nasa.gov/data/mars2020/mars2020_mastcamz_ops_raw/data/sol/00002/ids/edr/zcam/ZL5_0002_0667131442_646EDR_N0010052ZCAM00012_0630LUJ02.xml	https://pds-imaging.jpl.nasa.gov/data/mars2020/mars2020_mastcamz_ops_raw/data/sol/00002/ids/edr/zcam/ZL5_0002_0667131442_646EDR_N0010052ZCAM00012_0630LUJ02.IMG	54364	8e024319c4f21ca6dea74610858d5167bd7a9b5fcbc5d7b17112c2770d166f0b	3988160	32960	3955200	1200	1648	SignedMSB2
23	zl5_0002_0667131453_646edr_n0010052zcam00012_0630luj	ZL5_0002_0667131453_646EDR_N0010052ZCAM00012_0630LUJ02.xml	ZL5_0002_0667131453_646EDR_N0010052ZCAM00012_0630LUJ02.IMG	https://pds-imaging.jpl.nasa.gov/data/mars2020/mars2020_mastcamz_ops_raw/data/sol/00002/ids/edr/zcam/ZL5_0002_0667131453_646EDR_N0010052ZCAM00012_0630LUJ02.xml	https://pds-imaging.jpl.nasa.gov/data/mars2020/mars2020_mastcamz_ops_raw/data/sol/00002/ids/edr/zcam/ZL5_0002_0667131453_646EDR_N0010052ZCAM00012_0630LUJ02.IMG	54416	5a8a4404960226dc1f83790030d9522e9198cbfc6c4b064fe06ea307d98a2c7a	3988160	32960	3955200	1200	1648	SignedMSB2
24	zl6_0002_0667131458_646edr_n0010052zcam00012_0630luj	ZL6_0002_0667131458_646EDR_N0010052ZCAM00012_0630LUJ02.xml	ZL6_0002_0667131458_646EDR_N0010052ZCAM00012_0630LUJ02.IMG	https://pds-imaging.jpl.nasa.gov/data/mars2020/mars2020_mastcamz_ops_raw/data/sol/00002/ids/edr/zcam/ZL6_0002_0667131458_646EDR_N0010052ZCAM00012_0630LUJ02.xml	https://pds-imaging.jpl.nasa.gov/data/mars2020/mars2020_mastcamz_ops_raw/data/sol/00002/ids/edr/zcam/ZL6_0002_0667131458_646EDR_N0010052ZCAM00012_0630LUJ02.IMG	54363	a8383f6813d548960415805dd19113ab5b37d7812bd183468f7e27e745426146	3988160	32960	3955200	1200	1648	SignedMSB2
25	zl6_0002_0667131469_664edr_n0010052zcam00012_0630luj	ZL6_0002_0667131469_664EDR_N0010052ZCAM00012_0630LUJ02.xml	ZL6_0002_0667131469_664EDR_N0010052ZCAM00012_0630LUJ02.IMG	https://pds-imaging.jpl.nasa.gov/data/mars2020/mars2020_mastcamz_ops_raw/data/sol/00002/ids/edr/zcam/ZL6_0002_0667131469_664EDR_N0010052ZCAM00012_0630LUJ02.xml	https://pds-imaging.jpl.nasa.gov/data/mars2020/mars2020_mastcamz_ops_raw/data/sol/00002/ids/edr/zcam/ZL6_0002_0667131469_664EDR_N0010052ZCAM00012_0630LUJ02.IMG	54418	4c615a463f09129812a2733045ed93d1a15073224f641956b6deb5202d145027	3988160	32960	3955200	1200	1648	SignedMSB2
26	zl7_0002_0667131474_662edr_n0010052zcam00012_0630luj	ZL7_0002_0667131474_662EDR_N0010052ZCAM00012_0630LUJ02.xml	ZL7_0002_0667131474_662EDR_N0010052ZCAM00012_0630LUJ02.IMG	https://pds-imaging.jpl.nasa.gov/data/mars2020/mars2020_mastcamz_ops_raw/data/sol/00002/ids/edr/zcam/ZL7_0002_0667131474_662EDR_N0010052ZCAM00012_0630LUJ02.xml	https://pds-imaging.jpl.nasa.gov/data/mars2020/mars2020_mastcamz_ops_raw/data/sol/00002/ids/edr/zcam/ZL7_0002_0667131474_662EDR_N0010052ZCAM00012_0630LUJ02.IMG	55259	ebe39e5f643954d42b0d8097b8f369288d3580be87b108f5a894e4270f7b0f56	3988160	32960	3955200	1200	1648	SignedMSB2
27	zl7_0002_0667131481_646edr_n0010052zcam00012_0630luj	ZL7_0002_0667131481_646EDR_N0010052ZCAM00012_0630LUJ02.xml	ZL7_0002_0667131481_646EDR_N0010052ZCAM00012_0630LUJ02.IMG	https://pds-imaging.jpl.nasa.gov/data/mars2020/mars2020_mastcamz_ops_raw/data/sol/00002/ids/edr/zcam/ZL7_0002_0667131481_646EDR_N0010052ZCAM00012_0630LUJ02.xml	https://pds-imaging.jpl.nasa.gov/data/mars2020/mars2020_mastcamz_ops_raw/data/sol/00002/ids/edr/zcam/ZL7_0002_0667131481_646EDR_N0010052ZCAM00012_0630LUJ02.IMG	55248	18bf06adb912c3d48f7f80c2a879b3b42c8d6301715afbd1cb551b40e8a18bf7	3988160	32960	3955200	1200	1648	SignedMSB2
28	zr0_0001_0667035647_000edr_n0010052aut_04096_0260lmj	ZR0_0001_0667035647_000EDR_N0010052AUT_04096_0260LMJ03.xml	ZR0_0001_0667035647_000EDR_N0010052AUT_04096_0260LMJ03.IMG	https://pds-imaging.jpl.nasa.gov/data/mars2020/mars2020_mastcamz_ops_raw/data/sol/00001/ids/edr/zcam/ZR0_0001_0667035647_000EDR_N0010052AUT_04096_0260LMJ03.xml	https://pds-imaging.jpl.nasa.gov/data/mars2020/mars2020_mastcamz_ops_raw/data/sol/00001/ids/edr/zcam/ZR0_0001_0667035647_000EDR_N0010052AUT_04096_0260LMJ03.IMG	55256	2a6366ae61b59a4ec7596091a8563e79391a27df94feb7a498970f9d28953f08	3988160	32960	3955200	1200	1648	SignedMSB2
29	zr0_0001_0667035653_000edr_n0010052aut_04096_0260lmj	ZR0_0001_0667035653_000EDR_N0010052AUT_04096_0260LMJ03.xml	ZR0_0001_0667035653_000EDR_N0010052AUT_04096_0260LMJ03.IMG	https://pds-imaging.jpl.nasa.gov/data/mars2020/mars2020_mastcamz_ops_raw/data/sol/00001/ids/edr/zcam/ZR0_0001_0667035653_000EDR_N0010052AUT_04096_0260LMJ03.xml	https://pds-imaging.jpl.nasa.gov/data/mars2020/mars2020_mastcamz_ops_raw/data/sol/00001/ids/edr/zcam/ZR0_0001_0667035653_000EDR_N0010052AUT_04096_0260LMJ03.IMG	55255	573cb827526b5bd2e97ff02b7256245262cc215a19935c6e485b6df96c390b6b	3988160	32960	3955200	1200	1648	SignedMSB2
30	zr0_0001_0667035659_000edr_n0010052aut_04096_0260lmj	ZR0_0001_0667035659_000EDR_N0010052AUT_04096_0260LMJ03.xml	ZR0_0001_0667035659_000EDR_N0010052AUT_04096_0260LMJ03.IMG	https://pds-imaging.jpl.nasa.gov/data/mars2020/mars2020_mastcamz_ops_raw/data/sol/00001/ids/edr/zcam/ZR0_0001_0667035659_000EDR_N0010052AUT_04096_0260LMJ03.xml	https://pds-imaging.jpl.nasa.gov/data/mars2020/mars2020_mastcamz_ops_raw/data/sol/00001/ids/edr/zcam/ZR0_0001_0667035659_000EDR_N0010052AUT_04096_0260LMJ03.IMG	55272	d4821643877be592f74cf436186067d1e8eb18ffda6138b2aba8935a4feb5be2	3988160	32960	3955200	1200	1648	SignedMSB2
31	zr0_0001_0667035667_000edr_n0010052aut_04096_0260lmj	ZR0_0001_0667035667_000EDR_N0010052AUT_04096_0260LMJ03.xml	ZR0_0001_0667035667_000EDR_N0010052AUT_04096_0260LMJ03.IMG	https://pds-imaging.jpl.nasa.gov/data/mars2020/mars2020_mastcamz_ops_raw/data/sol/00001/ids/edr/zcam/ZR0_0001_0667035667_000EDR_N0010052AUT_04096_0260LMJ03.xml	https://pds-imaging.jpl.nasa.gov/data/mars2020/mars2020_mastcamz_ops_raw/data/sol/00001/ids/edr/zcam/ZR0_0001_0667035667_000EDR_N0010052AUT_04096_0260LMJ03.IMG	55272	b252862c992b61bbd5f3f38b1689b802cd93c1826048649b53ee7a5192061b0f	3988160	32960	3955200	1200	1648	SignedMSB2
32	zr0_0001_0667035675_000edr_n0010052aut_04096_0260lmj	ZR0_0001_0667035675_000EDR_N0010052AUT_04096_0260LMJ03.xml	ZR0_0001_0667035675_000EDR_N0010052AUT_04096_0260LMJ03.IMG	https://pds-imaging.jpl.nasa.gov/data/mars2020/mars2020_mastcamz_ops_raw/data/sol/00001/ids/edr/zcam/ZR0_0001_0667035675_000EDR_N0010052AUT_04096_0260LMJ03.xml	https://pds-imaging.jpl.nasa.gov/data/mars2020/mars2020_mastcamz_ops_raw/data/sol/00001/ids/edr/zcam/ZR0_0001_0667035675_000EDR_N0010052AUT_04096_0260LMJ03.IMG	55275	0fae780ba5a8c4c2fb2a0505af1a9101c9977a99dd86c8368a932b49723fb697	3988160	32960	3955200	1200	1648	SignedMSB2
33	zr0_0001_0667035701_000edr_n0010052aut_04096_0260lmj	ZR0_0001_0667035701_000EDR_N0010052AUT_04096_0260LMJ03.xml	ZR0_0001_0667035701_000EDR_N0010052AUT_04096_0260LMJ03.IMG	https://pds-imaging.jpl.nasa.gov/data/mars2020/mars2020_mastcamz_ops_raw/data/sol/00001/ids/edr/zcam/ZR0_0001_0667035701_000EDR_N0010052AUT_04096_0260LMJ03.xml	https://pds-imaging.jpl.nasa.gov/data/mars2020/mars2020_mastcamz_ops_raw/data/sol/00001/ids/edr/zcam/ZR0_0001_0667035701_000EDR_N0010052AUT_04096_0260LMJ03.IMG	55276	a7fd91a9849a198a52f811ffb0b410c287bf6b50564d0fd79a314cda0c5fb425	3988160	32960	3955200	1200	1648	SignedMSB2
34	zr0_0002_0667131112_000edr_n0010052aut_04096_0260luj	ZR0_0002_0667131112_000EDR_N0010052AUT_04096_0260LUJ03.xml	ZR0_0002_0667131112_000EDR_N0010052AUT_04096_0260LUJ03.IMG	https://pds-imaging.jpl.nasa.gov/data/mars2020/mars2020_mastcamz_ops_raw/data/sol/00002/ids/edr/zcam/ZR0_0002_0667131112_000EDR_N0010052AUT_04096_0260LUJ03.xml	https://pds-imaging.jpl.nasa.gov/data/mars2020/mars2020_mastcamz_ops_raw/data/sol/00002/ids/edr/zcam/ZR0_0002_0667131112_000EDR_N0010052AUT_04096_0260LUJ03.IMG	55162	b586c447ff33d8b9ef8a4cd07429587ce6d67e0f4eff9208abebfe9373d7b271	3988160	32960	3955200	1200	1648	SignedMSB2
35	zr0_0002_0667131195_000edr_n0010052aut_04096_0260luj	ZR0_0002_0667131195_000EDR_N0010052AUT_04096_0260LUJ03.xml	ZR0_0002_0667131195_000EDR_N0010052AUT_04096_0260LUJ03.IMG	https://pds-imaging.jpl.nasa.gov/data/mars2020/mars2020_mastcamz_ops_raw/data/sol/00002/ids/edr/zcam/ZR0_0002_0667131195_000EDR_N0010052AUT_04096_0260LUJ03.xml	https://pds-imaging.jpl.nasa.gov/data/mars2020/mars2020_mastcamz_ops_raw/data/sol/00002/ids/edr/zcam/ZR0_0002_0667131195_000EDR_N0010052AUT_04096_0260LUJ03.IMG	55172	cb36810e64e709e2d3f2bdb69ce5b9125c1505747bd2a90e3bf7f34aa5fbb547	3988160	32960	3955200	1200	1648	SignedMSB2
36	zr0_0002_0667131500_647edr_n0010052zcam00012_0630luj	ZR0_0002_0667131500_647EDR_N0010052ZCAM00012_0630LUJ02.xml	ZR0_0002_0667131500_647EDR_N0010052ZCAM00012_0630LUJ02.IMG	https://pds-imaging.jpl.nasa.gov/data/mars2020/mars2020_mastcamz_ops_raw/data/sol/00002/ids/edr/zcam/ZR0_0002_0667131500_647EDR_N0010052ZCAM00012_0630LUJ02.xml	https://pds-imaging.jpl.nasa.gov/data/mars2020/mars2020_mastcamz_ops_raw/data/sol/00002/ids/edr/zcam/ZR0_0002_0667131500_647EDR_N0010052ZCAM00012_0630LUJ02.IMG	55177	3e0d0cd0c23ab050ed6c591b1c024daa7e3722f1bdc8749fcc89f65e8d244109	3988160	32960	3955200	1200	1648	SignedMSB2
37	zr0_0002_0667131541_646edr_n0010052zcam00012_0630luj	ZR0_0002_0667131541_646EDR_N0010052ZCAM00012_0630LUJ02.xml	ZR0_0002_0667131541_646EDR_N0010052ZCAM00012_0630LUJ02.IMG	https://pds-imaging.jpl.nasa.gov/data/mars2020/mars2020_mastcamz_ops_raw/data/sol/00002/ids/edr/zcam/ZR0_0002_0667131541_646EDR_N0010052ZCAM00012_0630LUJ02.xml	https://pds-imaging.jpl.nasa.gov/data/mars2020/mars2020_mastcamz_ops_raw/data/sol/00002/ids/edr/zcam/ZR0_0002_0667131541_646EDR_N0010052ZCAM00012_0630LUJ02.IMG	55229	7db600bc92323c9b71aa6c1cc2b470e95e1444c880ce339e48ec48210db8c04a	3988160	32960	3955200	1200	1648	SignedMSB2
38	zr0_0002_0667131779_646edr_n0010052zcam00012_1100luj	ZR0_0002_0667131779_646EDR_N0010052ZCAM00012_1100LUJ02.xml	ZR0_0002_0667131779_646EDR_N0010052ZCAM00012_1100LUJ02.IMG	https://pds-imaging.jpl.nasa.gov/data/mars2020/mars2020_mastcamz_ops_raw/data/sol/00002/ids/edr/zcam/ZR0_0002_0667131779_646EDR_N0010052ZCAM00012_1100LUJ02.xml	https://pds-imaging.jpl.nasa.gov/data/mars2020/mars2020_mastcamz_ops_raw/data/sol/00002/ids/edr/zcam/ZR0_0002_0667131779_646EDR_N0010052ZCAM00012_1100LUJ02.IMG	55186	b3375f634823e5c80b222e1e56160c0652061ec8620ae2963cd6550bcfb5f84a	3988160	32960	3955200	1200	1648	SignedMSB2
39	zr0_0002_0667131841_000edr_n0010052aut_04096_1100luj	ZR0_0002_0667131841_000EDR_N0010052AUT_04096_1100LUJ04.xml	ZR0_0002_0667131841_000EDR_N0010052AUT_04096_1100LUJ04.IMG	https://pds-imaging.jpl.nasa.gov/data/mars2020/mars2020_mastcamz_ops_raw/data/sol/00002/ids/edr/zcam/ZR0_0002_0667131841_000EDR_N0010052AUT_04096_1100LUJ04.xml	https://pds-imaging.jpl.nasa.gov/data/mars2020/mars2020_mastcamz_ops_raw/data/sol/00002/ids/edr/zcam/ZR0_0002_0667131841_000EDR_N0010052AUT_04096_1100LUJ04.IMG	55188	463451ce8589ea2a6584cf5f46eef80809903b8f9a9bc2868d5137fe80cce6ea	3988160	32960	3955200	1200	1648	SignedMSB2
40	zr0_0002_0667132063_000edr_n0010052aut_04096_0260luj	ZR0_0002_0667132063_000EDR_N0010052AUT_04096_0260LUJ04.xml	ZR0_0002_0667132063_000EDR_N0010052AUT_04096_0260LUJ04.IMG	https://pds-imaging.jpl.nasa.gov/data/mars2020/mars2020_mastcamz_ops_raw/data/sol/00002/ids/edr/zcam/ZR0_0002_0667132063_000EDR_N0010052AUT_04096_0260LUJ04.xml	https://pds-imaging.jpl.nasa.gov/data/mars2020/mars2020_mastcamz_ops_raw/data/sol/00002/ids/edr/zcam/ZR0_0002_0667132063_000EDR_N0010052AUT_04096_0260LUJ04.IMG	55186	dfb8d5639453463b08a5fc7a1b8c1b0c8c6ce94b0c0485db801ed99ae48f779c	3988160	32960	3955200	1200	1648	SignedMSB2
41	zr1_0002_0667131546_646edr_n0010052zcam00012_0630luj	ZR1_0002_0667131546_646EDR_N0010052ZCAM00012_0630LUJ02.xml	ZR1_0002_0667131546_646EDR_N0010052ZCAM00012_0630LUJ02.IMG	https://pds-imaging.jpl.nasa.gov/data/mars2020/mars2020_mastcamz_ops_raw/data/sol/00002/ids/edr/zcam/ZR1_0002_0667131546_646EDR_N0010052ZCAM00012_0630LUJ02.xml	https://pds-imaging.jpl.nasa.gov/data/mars2020/mars2020_mastcamz_ops_raw/data/sol/00002/ids/edr/zcam/ZR1_0002_0667131546_646EDR_N0010052ZCAM00012_0630LUJ02.IMG	54371	1add9f2f32c4a2b7526eceeb450ab1f3d59d30a73ab5193709c19a337cb11281	3988160	32960	3955200	1200	1648	SignedMSB2
42	zr1_0002_0667131558_646edr_n0010052zcam00012_0630luj	ZR1_0002_0667131558_646EDR_N0010052ZCAM00012_0630LUJ02.xml	ZR1_0002_0667131558_646EDR_N0010052ZCAM00012_0630LUJ02.IMG	https://pds-imaging.jpl.nasa.gov/data/mars2020/mars2020_mastcamz_ops_raw/data/sol/00002/ids/edr/zcam/ZR1_0002_0667131558_646EDR_N0010052ZCAM00012_0630LUJ02.xml	https://pds-imaging.jpl.nasa.gov/data/mars2020/mars2020_mastcamz_ops_raw/data/sol/00002/ids/edr/zcam/ZR1_0002_0667131558_646EDR_N0010052ZCAM00012_0630LUJ02.IMG	54421	96fbb057527a92ae024b56ed29a28e7179b19372dfaaaba232ddce5acdc3996b	3988160	32960	3955200	1200	1648	SignedMSB2
43	zr2_0002_0667131563_646edr_n0010052zcam00012_0630luj	ZR2_0002_0667131563_646EDR_N0010052ZCAM00012_0630LUJ02.xml	ZR2_0002_0667131563_646EDR_N0010052ZCAM00012_0630LUJ02.IMG	https://pds-imaging.jpl.nasa.gov/data/mars2020/mars2020_mastcamz_ops_raw/data/sol/00002/ids/edr/zcam/ZR2_0002_0667131563_646EDR_N0010052ZCAM00012_0630LUJ02.xml	https://pds-imaging.jpl.nasa.gov/data/mars2020/mars2020_mastcamz_ops_raw/data/sol/00002/ids/edr/zcam/ZR2_0002_0667131563_646EDR_N0010052ZCAM00012_0630LUJ02.IMG	54374	0023fa1966278933d78ede119eed8230ff09230b6cb3d7b21d897ffa59db1955	3988160	32960	3955200	1200	1648	SignedMSB2
44	zr2_0002_0667131576_667edr_n0010052zcam00012_0630luj	ZR2_0002_0667131576_667EDR_N0010052ZCAM00012_0630LUJ02.xml	ZR2_0002_0667131576_667EDR_N0010052ZCAM00012_0630LUJ02.IMG	https://pds-imaging.jpl.nasa.gov/data/mars2020/mars2020_mastcamz_ops_raw/data/sol/00002/ids/edr/zcam/ZR2_0002_0667131576_667EDR_N0010052ZCAM00012_0630LUJ02.xml	https://pds-imaging.jpl.nasa.gov/data/mars2020/mars2020_mastcamz_ops_raw/data/sol/00002/ids/edr/zcam/ZR2_0002_0667131576_667EDR_N0010052ZCAM00012_0630LUJ02.IMG	54423	a545b16de3a570fac366da4b5d08249432ae1a85b690c6b5227e9a2d5c00220c	3988160	32960	3955200	1200	1648	SignedMSB2
45	zr3_0002_0667131581_646edr_n0010052zcam00012_0630luj	ZR3_0002_0667131581_646EDR_N0010052ZCAM00012_0630LUJ02.xml	ZR3_0002_0667131581_646EDR_N0010052ZCAM00012_0630LUJ02.IMG	https://pds-imaging.jpl.nasa.gov/data/mars2020/mars2020_mastcamz_ops_raw/data/sol/00002/ids/edr/zcam/ZR3_0002_0667131581_646EDR_N0010052ZCAM00012_0630LUJ02.xml	https://pds-imaging.jpl.nasa.gov/data/mars2020/mars2020_mastcamz_ops_raw/data/sol/00002/ids/edr/zcam/ZR3_0002_0667131581_646EDR_N0010052ZCAM00012_0630LUJ02.IMG	54374	a0613739d41b34823fbece25d226d6f44d66d22104bd29d2cb14f09f4e3b78a5	3988160	32960	3955200	1200	1648	SignedMSB2
46	zr3_0002_0667131594_662edr_n0010052zcam00012_0630luj	ZR3_0002_0667131594_662EDR_N0010052ZCAM00012_0630LUJ02.xml	ZR3_0002_0667131594_662EDR_N0010052ZCAM00012_0630LUJ02.IMG	https://pds-imaging.jpl.nasa.gov/data/mars2020/mars2020_mastcamz_ops_raw/data/sol/00002/ids/edr/zcam/ZR3_0002_0667131594_662EDR_N0010052ZCAM00012_0630LUJ02.xml	https://pds-imaging.jpl.nasa.gov/data/mars2020/mars2020_mastcamz_ops_raw/data/sol/00002/ids/edr/zcam/ZR3_0002_0667131594_662EDR_N0010052ZCAM00012_0630LUJ02.IMG	54422	5aedeaff5e9abf0bd6788e462f41885b123fa89baee42aac266f9a37138d3e60	3988160	32960	3955200	1200	1648	SignedMSB2
47	zr4_0002_0667131599_646edr_n0010052zcam00012_0630luj	ZR4_0002_0667131599_646EDR_N0010052ZCAM00012_0630LUJ02.xml	ZR4_0002_0667131599_646EDR_N0010052ZCAM00012_0630LUJ02.IMG	https://pds-imaging.jpl.nasa.gov/data/mars2020/mars2020_mastcamz_ops_raw/data/sol/00002/ids/edr/zcam/ZR4_0002_0667131599_646EDR_N0010052ZCAM00012_0630LUJ02.xml	https://pds-imaging.jpl.nasa.gov/data/mars2020/mars2020_mastcamz_ops_raw/data/sol/00002/ids/edr/zcam/ZR4_0002_0667131599_646EDR_N0010052ZCAM00012_0630LUJ02.IMG	54376	3b982d862e2d1d6509d6fa24b182bf60eb8b20c6ca37e1dd77153ba27538023f	3988160	32960	3955200	1200	1648	SignedMSB2
48	zr4_0002_0667131612_646edr_n0010052zcam00012_0630luj	ZR4_0002_0667131612_646EDR_N0010052ZCAM00012_0630LUJ02.xml	ZR4_0002_0667131612_646EDR_N0010052ZCAM00012_0630LUJ02.IMG	https://pds-imaging.jpl.nasa.gov/data/mars2020/mars2020_mastcamz_ops_raw/data/sol/00002/ids/edr/zcam/ZR4_0002_0667131612_646EDR_N0010052ZCAM00012_0630LUJ02.xml	https://pds-imaging.jpl.nasa.gov/data/mars2020/mars2020_mastcamz_ops_raw/data/sol/00002/ids/edr/zcam/ZR4_0002_0667131612_646EDR_N0010052ZCAM00012_0630LUJ02.IMG	54424	dcca4850545e23c90f81833aa474b03f93c1fd1b4ac0e10ef5b01dd4dba13e98	3988160	32960	3955200	1200	1648	SignedMSB2
49	zr5_0002_0667131617_646edr_n0010052zcam00012_0630luj	ZR5_0002_0667131617_646EDR_N0010052ZCAM00012_0630LUJ02.xml	ZR5_0002_0667131617_646EDR_N0010052ZCAM00012_0630LUJ02.IMG	https://pds-imaging.jpl.nasa.gov/data/mars2020/mars2020_mastcamz_ops_raw/data/sol/00002/ids/edr/zcam/ZR5_0002_0667131617_646EDR_N0010052ZCAM00012_0630LUJ02.xml	https://pds-imaging.jpl.nasa.gov/data/mars2020/mars2020_mastcamz_ops_raw/data/sol/00002/ids/edr/zcam/ZR5_0002_0667131617_646EDR_N0010052ZCAM00012_0630LUJ02.IMG	54374	b82f487faf324c05a0ad33e08b05029c6749dcb66b2fab96469086190389a31b	3988160	32960	3955200	1200	1648	SignedMSB2
50	zr5_0002_0667131631_646edr_n0010052zcam00012_0630luj	ZR5_0002_0667131631_646EDR_N0010052ZCAM00012_0630LUJ02.xml	ZR5_0002_0667131631_646EDR_N0010052ZCAM00012_0630LUJ02.IMG	https://pds-imaging.jpl.nasa.gov/data/mars2020/mars2020_mastcamz_ops_raw/data/sol/00002/ids/edr/zcam/ZR5_0002_0667131631_646EDR_N0010052ZCAM00012_0630LUJ02.xml	https://pds-imaging.jpl.nasa.gov/data/mars2020/mars2020_mastcamz_ops_raw/data/sol/00002/ids/edr/zcam/ZR5_0002_0667131631_646EDR_N0010052ZCAM00012_0630LUJ02.IMG	54425	1498a3afa1d6f7bdfa57d5318f6b25f3350a32e3d838d230aa457bc6546c05b8	3988160	32960	3955200	1200	1648	SignedMSB2
51	zr6_0002_0667131636_646edr_n0010052zcam00012_0630luj	ZR6_0002_0667131636_646EDR_N0010052ZCAM00012_0630LUJ02.xml	ZR6_0002_0667131636_646EDR_N0010052ZCAM00012_0630LUJ02.IMG	https://pds-imaging.jpl.nasa.gov/data/mars2020/mars2020_mastcamz_ops_raw/data/sol/00002/ids/edr/zcam/ZR6_0002_0667131636_646EDR_N0010052ZCAM00012_0630LUJ02.xml	https://pds-imaging.jpl.nasa.gov/data/mars2020/mars2020_mastcamz_ops_raw/data/sol/00002/ids/edr/zcam/ZR6_0002_0667131636_646EDR_N0010052ZCAM00012_0630LUJ02.IMG	54374	2abc16992e798f5d91ad411923c72918c57fd666ff30eb14de83e9e06944879f	3988160	32960	3955200	1200	1648	SignedMSB2
52	zr6_0002_0667131650_646edr_n0010052zcam00012_0630luj	ZR6_0002_0667131650_646EDR_N0010052ZCAM00012_0630LUJ02.xml	ZR6_0002_0667131650_646EDR_N0010052ZCAM00012_0630LUJ02.IMG	https://pds-imaging.jpl.nasa.gov/data/mars2020/mars2020_mastcamz_ops_raw/data/sol/00002/ids/edr/zcam/ZR6_0002_0667131650_646EDR_N0010052ZCAM00012_0630LUJ02.xml	https://pds-imaging.jpl.nasa.gov/data/mars2020/mars2020_mastcamz_ops_raw/data/sol/00002/ids/edr/zcam/ZR6_0002_0667131650_646EDR_N0010052ZCAM00012_0630LUJ02.IMG	54425	53049f9b773fd0d51dccd047a5c866656eaed2aa44e3606fe544feedb8d4df23	3988160	32960	3955200	1200	1648	SignedMSB2
