selection_ordinal	filename	url	x_offset	y_offset	source_x_size	source_y_size	source_data_type	decoded_bytes	source_bytes	sha256
1	tileSG-000-048_4-1.tif	https://files.isric.org/soilgrids/latest/data/clay/clay_0-5cm_mean/tileSG-000-048/tileSG-000-048_4-1.tif	86049	391	450	450	Int16	405000	406513	f46607f729fb52003fb272284b6efb6f29ae784cf682babd311791e85c560b4c
2	tileSG-001-051_1-1.tif	https://files.isric.org/soilgrids/latest/data/clay/clay_0-5cm_mean/tileSG-001-051/tileSG-001-051_1-1.tif	91449	841	450	450	Int16	405000	406513	bd4cb22a49895d00dd3ff5b1d2f72d492d1298028413dac555ed9e1c6ecb1bf0
3	tileSG-001-018_2-3.tif	https://files.isric.org/soilgrids/latest/data/clay/clay_0-5cm_mean/tileSG-001-018/tileSG-001-018_2-3.tif	32949	1291	450	450	Int16	405000	406513	23bc0b0a3fc1906fb8d8cdd5627500f7e1b06c36607594ef6190cfd20eb98c5d
4	tileSG-001-022_2-3.tif	https://files.isric.org/soilgrids/latest/data/clay/clay_0-5cm_mean/tileSG-001-022/tileSG-001-022_2-3.tif	40149	1291	450	450	Int16	405000	406513	aa36866c4bd7206c007feeb335b3f7f40775e27d29bb52a62320a89b32b26560
5	tileSG-001-054_3-3.tif	https://files.isric.org/soilgrids/latest/data/clay/clay_0-5cm_mean/tileSG-001-054/tileSG-001-054_3-3.tif	97749	1741	450	450	Int16	405000	406513	b424c658aa70aca38c2983c7f1c8f3f552103c6d18e324a323f04a063dfe02fe
6	tileSG-001-058_3-2.tif	https://files.isric.org/soilgrids/latest/data/clay/clay_0-5cm_mean/tileSG-001-058/tileSG-001-058_3-2.tif	104499	1741	450	450	Int16	405000	406513	4cbbe435bf30321cb4726cdf3b21b81d350e4097c0d088613c897f4e75e44b4d
7	tileSG-002-061_1-3.tif	https://files.isric.org/soilgrids/latest/data/clay/clay_0-5cm_mean/tileSG-002-061/tileSG-002-061_1-3.tif	110349	2641	450	450	Int16	405000	406513	5523d60a95fccaa383e21acfc82266cbfefb121429c7c511bdbc724fb05a3e16
8	tileSG-002-020_2-2.tif	https://files.isric.org/soilgrids/latest/data/clay/clay_0-5cm_mean/tileSG-002-020/tileSG-002-020_2-2.tif	36099	3091	450	450	Int16	405000	406513	ccfc311c7400debe1fae9f1f6a3ade96ca949b80af13ef564fba73880183badc
9	tileSG-002-024_2-4.tif	https://files.isric.org/soilgrids/latest/data/clay/clay_0-5cm_mean/tileSG-002-024/tileSG-002-024_2-4.tif	44199	3091	450	450	Int16	405000	406513	7b93638d5b4ad69fdc44810a891699a029e707d65a43ae77ab8a21f5e3880ca4
10	tileSG-002-016_3-3.tif	https://files.isric.org/soilgrids/latest/data/clay/clay_0-5cm_mean/tileSG-002-016/tileSG-002-016_3-3.tif	29349	3541	450	450	Int16	405000	406513	a784d6493616b8def922531e621110028afa4454e5c46effb01603dc6bef8b06
11	tileSG-002-045_3-1.tif	https://files.isric.org/soilgrids/latest/data/clay/clay_0-5cm_mean/tileSG-002-045/tileSG-002-045_3-1.tif	80649	3541	450	450	Int16	405000	406513	a84b1feb3ec579f4f4f22ed2882ed8ee65482f43c2ee497510341bf049bc600d
12	tileSG-002-051_3-1.tif	https://files.isric.org/soilgrids/latest/data/clay/clay_0-5cm_mean/tileSG-002-051/tileSG-002-051_3-1.tif	91449	3541	450	450	Int16	405000	406513	0d83a0f4c72848c084361b950c0d731247ef82da6819a33420c101e338fbb23b
13	tileSG-002-066_3-1.tif	https://files.isric.org/soilgrids/latest/data/clay/clay_0-5cm_mean/tileSG-002-066/tileSG-002-066_3-1.tif	118449	3541	450	450	Int16	405000	406513	95ec66111f04b7caaff6dd7967f9d77e936a7c33643fab89e7b10bd4ec390da9
14	tileSG-002-013_4-2.tif	https://files.isric.org/soilgrids/latest/data/clay/clay_0-5cm_mean/tileSG-002-013/tileSG-002-013_4-2.tif	23499	3991	450	450	Int16	405000	406513	0d4ac8bbcef583d281ef3976c9550a298adb0658486b689ac6f2993bc5d4abeb
15	tileSG-002-058_4-1.tif	https://files.isric.org/soilgrids/latest/data/clay/clay_0-5cm_mean/tileSG-002-058/tileSG-002-058_4-1.tif	104049	3991	450	450	Int16	405000	406513	5b050806e1a6000fbd79e54c414cd0747f475ffaf79d822c3f2603324033fab0
16	tileSG-002-069_4-2.tif	https://files.isric.org/soilgrids/latest/data/clay/clay_0-5cm_mean/tileSG-002-069/tileSG-002-069_4-2.tif	124299	3991	450	450	Int16	405000	406513	9ad645885e1efe845182ceef7a2c37c9e2adec22bc8ce439cbeb989be55ff923
17	tileSG-003-010_1-1.tif	https://files.isric.org/soilgrids/latest/data/clay/clay_0-5cm_mean/tileSG-003-010/tileSG-003-010_1-1.tif	17649	4441	450	450	Int16	405000	406513	6098e4f520b96f0824527f0cbb69b24ffa3563a9bc31d95cbf509195b51460ee
18	tileSG-003-023_1-2.tif	https://files.isric.org/soilgrids/latest/data/clay/clay_0-5cm_mean/tileSG-003-023/tileSG-003-023_1-2.tif	41499	4441	450	450	Int16	405000	406513	4e6bd472d5ca87f892985afa4c804ea0bdec1e6ccb55abde190401b65cccc080
19	tileSG-003-060_1-4.tif	https://files.isric.org/soilgrids/latest/data/clay/clay_0-5cm_mean/tileSG-003-060/tileSG-003-060_1-4.tif	108999	4441	450	450	Int16	405000	406513	984957ea32a54315363ef9a369898d56b50c41767a923b404975da96d7fc1fbe
20	tileSG-003-063_2-3.tif	https://files.isric.org/soilgrids/latest/data/clay/clay_0-5cm_mean/tileSG-003-063/tileSG-003-063_2-3.tif	113949	4891	450	450	Int16	405000	406513	3dabf8e93ed17b45d9bad13524f9f4ae3e722340da5171d64fe95fbddb5a3661
21	tileSG-003-021_3-1.tif	https://files.isric.org/soilgrids/latest/data/clay/clay_0-5cm_mean/tileSG-003-021/tileSG-003-021_3-1.tif	37449	5341	450	450	Int16	405000	406513	dbc823c918dc591b3d21a98cf591fc423a4fd8f3ff63b3f71ce39ff2d65ce73f
22	tileSG-003-026_3-1.tif	https://files.isric.org/soilgrids/latest/data/clay/clay_0-5cm_mean/tileSG-003-026/tileSG-003-026_3-1.tif	46449	5341	450	450	Int16	405000	406513	f25695a5415b553f34e899a6e493226fd6f7f407a1037ff0ee36eac69b01a206
23	tileSG-003-045_3-4.tif	https://files.isric.org/soilgrids/latest/data/clay/clay_0-5cm_mean/tileSG-003-045/tileSG-003-045_3-4.tif	81999	5341	450	450	Int16	405000	406513	c27405f8ae543c6a39324b44b29bd7c3313ddb22b2967db223286994a87d9466
24	tileSG-003-054_3-1.tif	https://files.isric.org/soilgrids/latest/data/clay/clay_0-5cm_mean/tileSG-003-054/tileSG-003-054_3-1.tif	96849	5341	450	450	Int16	405000	406513	d2af968e45bff7ee3175c2599d93eb9da10679958126c9aa5910342156136289
25	tileSG-003-018_4-1.tif	https://files.isric.org/soilgrids/latest/data/clay/clay_0-5cm_mean/tileSG-003-018/tileSG-003-018_4-1.tif	32049	5791	450	450	Int16	405000	406513	fca4e10ac0546f40fdb0459af1ef06b66468d912dc4f59d15462a229909a9632
26	tileSG-004-010_1-4.tif	https://files.isric.org/soilgrids/latest/data/clay/clay_0-5cm_mean/tileSG-004-010/tileSG-004-010_1-4.tif	18999	6241	450	450	Int16	405000	406513	54ea9e6d827c53700af336d4ad8655e4e065d3fdb0e365e45b6dc9df6b5b3e43
27	tileSG-004-014_1-4.tif	https://files.isric.org/soilgrids/latest/data/clay/clay_0-5cm_mean/tileSG-004-014/tileSG-004-014_1-4.tif	26199	6241	450	450	Int16	405000	406513	e14776575d0283501c6cc9a3d1fdc380b3bdd6426899c330d7b53687a6e102e4
28	tileSG-004-023_1-3.tif	https://files.isric.org/soilgrids/latest/data/clay/clay_0-5cm_mean/tileSG-004-023/tileSG-004-023_1-3.tif	41949	6241	450	450	Int16	405000	406513	6ac9e061bdd5924ff0e906bae6e97dc59a1454a96ed7b4666e7a66f2130ebada
29	tileSG-004-049_1-4.tif	https://files.isric.org/soilgrids/latest/data/clay/clay_0-5cm_mean/tileSG-004-049/tileSG-004-049_1-4.tif	89199	6241	450	450	Int16	405000	406513	5bdfe5e4bb7817c52478d0e73b5845a4a66b7aedd1a50c3ec3f0e292848df184
30	tileSG-004-056_1-2.tif	https://files.isric.org/soilgrids/latest/data/clay/clay_0-5cm_mean/tileSG-004-056/tileSG-004-056_1-2.tif	100899	6241	450	450	Int16	405000	406513	30b546760ce4350213a0b1c3c94a18dcde28265be18d9757e4945ed2860d7c2a
31	tileSG-004-059_1-1.tif	https://files.isric.org/soilgrids/latest/data/clay/clay_0-5cm_mean/tileSG-004-059/tileSG-004-059_1-1.tif	105849	6241	450	450	Int16	405000	406513	5f78ca72d2d65c8a17d888e88876779591118350cb42b2ae26d2766651fcf7ed
32	tileSG-004-061_1-4.tif	https://files.isric.org/soilgrids/latest/data/clay/clay_0-5cm_mean/tileSG-004-061/tileSG-004-061_1-4.tif	110799	6241	450	450	Int16	405000	406513	45041f984e414d0a4ec10c2eac8c3fc622f75cdb07ae5b13a300dea75cc10feb
33	tileSG-004-067_1-4.tif	https://files.isric.org/soilgrids/latest/data/clay/clay_0-5cm_mean/tileSG-004-067/tileSG-004-067_1-4.tif	121599	6241	450	450	Int16	405000	406511	dbcb5e496367d43d2caa0a078f9c497f3bc594f7db95425c7e8da53faca4a0c0
34	tileSG-004-071_1-4.tif	https://files.isric.org/soilgrids/latest/data/clay/clay_0-5cm_mean/tileSG-004-071/tileSG-004-071_1-4.tif	128799	6241	450	450	Int16	405000	406513	4f5f4773132bb00054e18e9ebe0a3cd8c730868eae6a4c1775e9ebd3770c55ef
35	tileSG-004-027_2-3.tif	https://files.isric.org/soilgrids/latest/data/clay/clay_0-5cm_mean/tileSG-004-027/tileSG-004-027_2-3.tif	49149	6691	450	450	Int16	405000	406513	90d466831fc105678e2ee6621b6b710a2337bf379326b39d197202ab76bf706e
36	tileSG-004-020_3-2.tif	https://files.isric.org/soilgrids/latest/data/clay/clay_0-5cm_mean/tileSG-004-020/tileSG-004-020_3-2.tif	36099	7141	450	450	Int16	405000	406513	ef711c1b017ef6760a1756f0fd1bd3b6f73a5c5b8bd4049569778dea2e6f123a
37	tileSG-004-064_3-2.tif	https://files.isric.org/soilgrids/latest/data/clay/clay_0-5cm_mean/tileSG-004-064/tileSG-004-064_3-2.tif	115299	7141	450	450	Int16	405000	406513	e64ded188d786df15b7f607cd2c3a4238f09ec69a3fcd361e9b2c65787e52bb1
38	tileSG-004-052_4-3.tif	https://files.isric.org/soilgrids/latest/data/clay/clay_0-5cm_mean/tileSG-004-052/tileSG-004-052_4-3.tif	94149	7591	450	450	Int16	405000	406513	6be0977217dfc1f8f52b5eced41a23cca22e36354196b69937dbe2059c6d8819
39	tileSG-005-011_1-3.tif	https://files.isric.org/soilgrids/latest/data/clay/clay_0-5cm_mean/tileSG-005-011/tileSG-005-011_1-3.tif	20349	8041	450	450	Int16	405000	406511	e6be9834d42d659e2dc5f62c551407967f35b9c6c1956fe76c5be4d6730250ce
40	tileSG-005-018_1-1.tif	https://files.isric.org/soilgrids/latest/data/clay/clay_0-5cm_mean/tileSG-005-018/tileSG-005-018_1-1.tif	32049	8041	450	450	Int16	405000	406513	62b359bee506656e4a15dce2b80a48c05c12a001db24cd3b81d3472147249849
41	tileSG-005-049_1-2.tif	https://files.isric.org/soilgrids/latest/data/clay/clay_0-5cm_mean/tileSG-005-049/tileSG-005-049_1-2.tif	88299	8041	450	450	Int16	405000	406513	b8e1f7afe7b9f3cf72751cb8072c05d1f78c609f86d06079ed3796d98ca2e4ec
42	tileSG-005-055_1-4.tif	https://files.isric.org/soilgrids/latest/data/clay/clay_0-5cm_mean/tileSG-005-055/tileSG-005-055_1-4.tif	99999	8041	450	450	Int16	405000	406513	351b0b5dcda154f79b2047463d1e270956e20d697cf637fec8e7f8098c3bc73e
43	tileSG-005-061_1-3.tif	https://files.isric.org/soilgrids/latest/data/clay/clay_0-5cm_mean/tileSG-005-061/tileSG-005-061_1-3.tif	110349	8041	450	450	Int16	405000	406513	fe4ae79807ae9294a98ee021cc4e8cf4e63e73382a468b7758090cd2ca34bce4
44	tileSG-005-023_2-2.tif	https://files.isric.org/soilgrids/latest/data/clay/clay_0-5cm_mean/tileSG-005-023/tileSG-005-023_2-2.tif	41499	8491	450	450	Int16	405000	406513	2f6a33d7ea9a61dc7d0e80edd73ef60de3ee4bc59de6981c6b6e9ec83a60de9f
45	tileSG-005-046_2-3.tif	https://files.isric.org/soilgrids/latest/data/clay/clay_0-5cm_mean/tileSG-005-046/tileSG-005-046_2-3.tif	83349	8491	450	450	Int16	405000	406513	70206d3135e995bbe120d4ab597680572892359dc00f0f3286ca8abbed4b03f3
46	tileSG-005-066_2-3.tif	https://files.isric.org/soilgrids/latest/data/clay/clay_0-5cm_mean/tileSG-005-066/tileSG-005-066_2-3.tif	119349	8491	450	450	Int16	405000	406513	3e22d73896d224ec049b1dfbac514849ada852ab916cc26187a6a170f1b09066
47	tileSG-005-014_3-4.tif	https://files.isric.org/soilgrids/latest/data/clay/clay_0-5cm_mean/tileSG-005-014/tileSG-005-014_3-4.tif	26199	8941	450	450	Int16	405000	406511	6e39c95e4d1cf5b5978164260ddba799132a12235eada94a28154cb57608aaff
48	tileSG-005-020_3-3.tif	https://files.isric.org/soilgrids/latest/data/clay/clay_0-5cm_mean/tileSG-005-020/tileSG-005-020_3-3.tif	36549	8941	450	450	Int16	405000	406513	4da6ee7dd876e59ec46c6da557d8b61cd7f884537c78cf5b3da6642554a7b1f8
49	tileSG-005-025_3-4.tif	https://files.isric.org/soilgrids/latest/data/clay/clay_0-5cm_mean/tileSG-005-025/tileSG-005-025_3-4.tif	45999	8941	450	450	Int16	405000	406513	f59a34bb57173da6204745e8f8352fb1a430d071cddf8da28e1ae748d169fc39
50	tileSG-005-072_3-2.tif	https://files.isric.org/soilgrids/latest/data/clay/clay_0-5cm_mean/tileSG-005-072/tileSG-005-072_3-2.tif	129699	8941	450	450	Int16	405000	406513	6265180c9968d447f450634eab3cf00d08d9352de5ad521b2f6db4c2be36740f
51	tileSG-005-053_4-4.tif	https://files.isric.org/soilgrids/latest/data/clay/clay_0-5cm_mean/tileSG-005-053/tileSG-005-053_4-4.tif	96399	9391	450	450	Int16	405000	406511	ab577fe2633ebcca6442fbfcf4219c1e53a355c2130b4f422414f1b0fe6517fb
52	tileSG-005-058_4-3.tif	https://files.isric.org/soilgrids/latest/data/clay/clay_0-5cm_mean/tileSG-005-058/tileSG-005-058_4-3.tif	104949	9391	450	450	Int16	405000	406513	d6bc1fa49f2544bd7229e6686f887533aba5c27c6f43e5c7528f5e92bb13e96e
53	tileSG-006-018_1-2.tif	https://files.isric.org/soilgrids/latest/data/clay/clay_0-5cm_mean/tileSG-006-018/tileSG-006-018_1-2.tif	32499	9841	450	450	Int16	405000	406513	11c5ab6b7bdcf60f20c83c8ad5490f7ef17eba3e464537a4051b1fb873dc1147
54	tileSG-006-051_1-1.tif	https://files.isric.org/soilgrids/latest/data/clay/clay_0-5cm_mean/tileSG-006-051/tileSG-006-051_1-1.tif	91449	9841	450	450	Int16	405000	406513	1cbf206cb09c0aa6d0425c6d39a30172ec7f732837d8a74110b83342e3f66386
55	tileSG-006-063_1-3.tif	https://files.isric.org/soilgrids/latest/data/clay/clay_0-5cm_mean/tileSG-006-063/tileSG-006-063_1-3.tif	113949	9841	450	450	Int16	405000	406513	62fcff1f91a2d86eae04934e6085611ee72a599138d0b74901aac3a8004cf488
56	tileSG-006-048_2-2.tif	https://files.isric.org/soilgrids/latest/data/clay/clay_0-5cm_mean/tileSG-006-048/tileSG-006-048_2-2.tif	86499	10291	450	450	Int16	405000	406513	7cbc337dd362892c124440babba7993387883a6a7304de2d604a43ae1d35980f
57	tileSG-006-021_3-1.tif	https://files.isric.org/soilgrids/latest/data/clay/clay_0-5cm_mean/tileSG-006-021/tileSG-006-021_3-1.tif	37449	10741	450	450	Int16	405000	406513	e21ad6b73a2b4089223ba071ba46a53455663fa0564df1f1c7d113a3392cef1d
58	tileSG-006-026_3-4.tif	https://files.isric.org/soilgrids/latest/data/clay/clay_0-5cm_mean/tileSG-006-026/tileSG-006-026_3-4.tif	47799	10741	450	450	Int16	405000	406513	6f5a5975a33c080b9e896046e9196102f1744678cbaf9c3084ea0bc68a0f900b
59	tileSG-006-056_3-1.tif	https://files.isric.org/soilgrids/latest/data/clay/clay_0-5cm_mean/tileSG-006-056/tileSG-006-056_3-1.tif	100449	10741	450	450	Int16	405000	406513	09ecbcbb8d036a004db47ddbd2eb1fb2d0b345ebce55b2a8f3db407e3bbdd639
60	tileSG-006-069_3-2.tif	https://files.isric.org/soilgrids/latest/data/clay/clay_0-5cm_mean/tileSG-006-069/tileSG-006-069_3-2.tif	124299	10741	450	450	Int16	405000	406513	31366ade25612eb8a978a10796ff1216cb70693965f06ee8b5ed02c2886b74a4
61	tileSG-006-016_4-4.tif	https://files.isric.org/soilgrids/latest/data/clay/clay_0-5cm_mean/tileSG-006-016/tileSG-006-016_4-4.tif	29799	11191	450	450	Int16	405000	406513	09a9e3e3b3b301d35d40f26337e29882030a4ff1eb8313c774cc209d5640f087
62	tileSG-006-053_4-1.tif	https://files.isric.org/soilgrids/latest/data/clay/clay_0-5cm_mean/tileSG-006-053/tileSG-006-053_4-1.tif	95049	11191	450	450	Int16	405000	406513	77c77fa8053db6fd302a4d6dce12db8888bbe520f001a513610df1e571aa0d20
63	tileSG-006-060_4-2.tif	https://files.isric.org/soilgrids/latest/data/clay/clay_0-5cm_mean/tileSG-006-060/tileSG-006-060_4-2.tif	108099	11191	450	450	Int16	405000	406513	796d5c90aef027faf6dcb9519ee9641121a7a678bb90f4cf8ef6bef339ea9255
64	tileSG-007-024_1-1.tif	https://files.isric.org/soilgrids/latest/data/clay/clay_0-5cm_mean/tileSG-007-024/tileSG-007-024_1-1.tif	42849	11641	450	450	Int16	405000	406513	d9eb4084fb363c05d317f0c6b29d5ee28b31fbbf22b8bee7567af906cecc5ea8
65	tileSG-007-046_1-2.tif	https://files.isric.org/soilgrids/latest/data/clay/clay_0-5cm_mean/tileSG-007-046/tileSG-007-046_1-2.tif	82899	11641	450	450	Int16	405000	406513	d7817f43322b791893e1dc562f9377bea7911819b704541dae873e5892c6c931
66	tileSG-007-050_1-2.tif	https://files.isric.org/soilgrids/latest/data/clay/clay_0-5cm_mean/tileSG-007-050/tileSG-007-050_1-2.tif	90099	11641	450	450	Int16	405000	406513	d94040817795c184eb336b4c08fdcb6f94f87686ca7c03960912ae96a5f59f5e
67	tileSG-007-065_1-4.tif	https://files.isric.org/soilgrids/latest/data/clay/clay_0-5cm_mean/tileSG-007-065/tileSG-007-065_1-4.tif	117999	11641	450	450	Int16	405000	406513	610271f219609610d4737438488108cb1bf34c5fb4634278cc92c791968b7691
68	tileSG-007-071_3-4.tif	https://files.isric.org/soilgrids/latest/data/clay/clay_0-5cm_mean/tileSG-007-071/tileSG-007-071_3-4.tif	128799	12541	450	450	Int16	405000	406513	22bacf11f358a743c8a3c3075e6ac999402dc169d165da0b4b26ea2ac9a028e5
69	tileSG-007-018_4-3.tif	https://files.isric.org/soilgrids/latest/data/clay/clay_0-5cm_mean/tileSG-007-018/tileSG-007-018_4-3.tif	32949	12991	450	450	Int16	405000	406513	e89f7d2c72165d3666750a3acecb7f50f756b05197b0fd82c5169dcb6b5514ce
70	tileSG-007-053_4-2.tif	https://files.isric.org/soilgrids/latest/data/clay/clay_0-5cm_mean/tileSG-007-053/tileSG-007-053_4-2.tif	95499	12991	450	450	Int16	405000	406513	445f90c32997312407c400826cae47bb3b1c766dba25c65c5943da29cda5a0ed
71	tileSG-007-060_4-1.tif	https://files.isric.org/soilgrids/latest/data/clay/clay_0-5cm_mean/tileSG-007-060/tileSG-007-060_4-1.tif	107649	12991	450	450	Int16	405000	406513	4ec4fb49eb7999dde7392b8d64c78550b3e6957c6ab2ed35430ffc2fb9dcd090
72	tileSG-007-062_4-4.tif	https://files.isric.org/soilgrids/latest/data/clay/clay_0-5cm_mean/tileSG-007-062/tileSG-007-062_4-4.tif	112599	12991	450	450	Int16	405000	406513	fda3372e56b538bed81ae4ea6cbafb2edb9abc873127830a0622cd6ae533b5f3
73	tileSG-008-021_1-4.tif	https://files.isric.org/soilgrids/latest/data/clay/clay_0-5cm_mean/tileSG-008-021/tileSG-008-021_1-4.tif	38799	13441	450	450	Int16	405000	406513	0802d944a364f97ff4f97076c22363ece287bd63fa8098b5d02cb3996e5e05cc
74	tileSG-008-026_1-1.tif	https://files.isric.org/soilgrids/latest/data/clay/clay_0-5cm_mean/tileSG-008-026/tileSG-008-026_1-1.tif	46449	13441	450	450	Int16	405000	406513	61b961edfaa32dc9f7cbb551b607b33306509bcf20eee9087e97ae14c40f31b3
75	tileSG-008-049_1-2.tif	https://files.isric.org/soilgrids/latest/data/clay/clay_0-5cm_mean/tileSG-008-049/tileSG-008-049_1-2.tif	88299	13441	450	450	Int16	405000	406513	13ab58cb33486530c14c703348855edb56b5b4bf826667528aa62ed0c7540537
76	tileSG-008-057_1-3.tif	https://files.isric.org/soilgrids/latest/data/clay/clay_0-5cm_mean/tileSG-008-057/tileSG-008-057_1-3.tif	103149	13441	450	450	Int16	405000	406513	8263c92bf73e36a0feaa982453a60f448c6170f5d7c06ac64961a0a6128c9e07
77	tileSG-008-068_1-2.tif	https://files.isric.org/soilgrids/latest/data/clay/clay_0-5cm_mean/tileSG-008-068/tileSG-008-068_1-2.tif	122499	13441	450	450	Int16	405000	406511	a6cbe70809b1273470adaef1fa36a9b64e3a7a4a8e0f0adb34f06f4ea96b8010
78	tileSG-008-015_3-3.tif	https://files.isric.org/soilgrids/latest/data/clay/clay_0-5cm_mean/tileSG-008-015/tileSG-008-015_3-3.tif	27549	14341	450	450	Int16	405000	406513	cffebff7dad8c3165de3e3da8e6c754acb40afe1d640502f123ae3309d6cc0a5
79	tileSG-008-045_3-3.tif	https://files.isric.org/soilgrids/latest/data/clay/clay_0-5cm_mean/tileSG-008-045/tileSG-008-045_3-3.tif	81549	14341	450	450	Int16	405000	406513	068c707dd2287907e9d75838b0cd560cffead7ba3751615b748f57e0772b9f59
80	tileSG-008-018_4-1.tif	https://files.isric.org/soilgrids/latest/data/clay/clay_0-5cm_mean/tileSG-008-018/tileSG-008-018_4-1.tif	32049	14791	450	450	Int16	405000	406513	eeb1f0abfaa7fc3fbd78704fbcecf35a1b9dc6e5ba00a96f052cd45a46093841
81	tileSG-008-051_4-2.tif	https://files.isric.org/soilgrids/latest/data/clay/clay_0-5cm_mean/tileSG-008-051/tileSG-008-051_4-2.tif	91899	14791	450	450	Int16	405000	406513	7bc54a10401df9e97d8e1b6c8515b0489a73026bed9d2ad5f65e5910c0f9ea58
82	tileSG-008-060_4-4.tif	https://files.isric.org/soilgrids/latest/data/clay/clay_0-5cm_mean/tileSG-008-060/tileSG-008-060_4-4.tif	108999	14791	450	450	Int16	405000	406513	e226730fd266932483491d85d9731b23c524765d75d1014afaca2a248b29ca36
83	tileSG-008-064_4-4.tif	https://files.isric.org/soilgrids/latest/data/clay/clay_0-5cm_mean/tileSG-008-064/tileSG-008-064_4-4.tif	116199	14791	450	450	Int16	405000	406513	69b20eb8cf275c4780b5214e96e2fa6989cc076860beba5252698803ef4cf0be
84	tileSG-009-023_1-4.tif	https://files.isric.org/soilgrids/latest/data/clay/clay_0-5cm_mean/tileSG-009-023/tileSG-009-023_1-4.tif	42399	15241	450	450	Int16	405000	406513	92618f6cecd05036492a054dac6888a97baab9a97ea6988d587a42838c6d7fe0
85	tileSG-009-072_1-4.tif	https://files.isric.org/soilgrids/latest/data/clay/clay_0-5cm_mean/tileSG-009-072/tileSG-009-072_1-4.tif	130599	15241	450	450	Int16	405000	406513	024718f76220674a2f9130102e9e908e98665af0b7a4bd04d79f78e4fd061ee3
86	tileSG-009-054_2-3.tif	https://files.isric.org/soilgrids/latest/data/clay/clay_0-5cm_mean/tileSG-009-054/tileSG-009-054_2-3.tif	97749	15691	450	450	Int16	405000	406513	4d7272bb5c2d923d70d529222d773961bce8f0619961bb257455b1c4898c399b
87	tileSG-009-069_2-3.tif	https://files.isric.org/soilgrids/latest/data/clay/clay_0-5cm_mean/tileSG-009-069/tileSG-009-069_2-3.tif	124749	15691	450	450	Int16	405000	406513	84ac26e9487c1b4ee59c641aa6fbc02d301555d78dbddff4f598cfcc10dd9e50
88	tileSG-009-016_3-3.tif	https://files.isric.org/soilgrids/latest/data/clay/clay_0-5cm_mean/tileSG-009-016/tileSG-009-016_3-3.tif	29349	16141	450	450	Int16	405000	406513	c7d459acebb9a9acf2adcb669a45f4c739d25efaa8706b4b50531fcfa67ad264
89	tileSG-009-019_3-3.tif	https://files.isric.org/soilgrids/latest/data/clay/clay_0-5cm_mean/tileSG-009-019/tileSG-009-019_3-3.tif	34749	16141	450	450	Int16	405000	406513	ec216e135fa1c96c0ac9b1518ff32e95c8c59e321d25fbd05f9bb692cb2db044
90	tileSG-009-050_4-4.tif	https://files.isric.org/soilgrids/latest/data/clay/clay_0-5cm_mean/tileSG-009-050/tileSG-009-050_4-4.tif	90999	16591	450	450	Int16	405000	406513	d642e87a7294765d7648948bcd28e7e4b2704216afe34019c43f10319207dd58
91	tileSG-009-058_4-1.tif	https://files.isric.org/soilgrids/latest/data/clay/clay_0-5cm_mean/tileSG-009-058/tileSG-009-058_4-1.tif	104049	16591	450	450	Int16	405000	406511	76e0e2deecb4c927a1d3e50a0e8d6629a06262af38427ad2b389784c01cb2bcd
92	tileSG-009-062_4-3.tif	https://files.isric.org/soilgrids/latest/data/clay/clay_0-5cm_mean/tileSG-009-062/tileSG-009-062_4-3.tif	112149	16591	450	450	Int16	405000	406513	cb7fe08a55f728c4c27e0e761859a681c0d6ce87d855d0a26cb780f729695983
93	tileSG-010-044_1-4.tif	https://files.isric.org/soilgrids/latest/data/clay/clay_0-5cm_mean/tileSG-010-044/tileSG-010-044_1-4.tif	80199	17041	450	450	Int16	405000	406513	0bb1f269ece231af4cf1070178ccf95a5cb20084661dd9be138652e31ef8d7b9
94	tileSG-010-065_1-4.tif	https://files.isric.org/soilgrids/latest/data/clay/clay_0-5cm_mean/tileSG-010-065/tileSG-010-065_1-4.tif	117999	17041	450	450	Int16	405000	406511	0fa87d288c8b7779063b61f05f7aa96a0687083629d11ed4e8f9227c0ab12298
95	tileSG-010-024_2-2.tif	https://files.isric.org/soilgrids/latest/data/clay/clay_0-5cm_mean/tileSG-010-024/tileSG-010-024_2-2.tif	43299	17491	450	450	Int16	405000	406511	af28a06cdd30d578a916323abb2d67179973ed4aa020d30d10dcc839512cc7d1
96	tileSG-010-047_2-4.tif	https://files.isric.org/soilgrids/latest/data/clay/clay_0-5cm_mean/tileSG-010-047/tileSG-010-047_2-4.tif	85599	17491	450	450	Int16	405000	406513	24afed2650400659fc3ac7fead0ed8ee87547cb544e0bb662d9b8e5436aef4e9
97	tileSG-010-074_2-1.tif	https://files.isric.org/soilgrids/latest/data/clay/clay_0-5cm_mean/tileSG-010-074/tileSG-010-074_2-1.tif	132849	17491	450	450	Int16	405000	406513	107b9c358a9a66d9a4a13e25c6af5fc9f2a53157ab5b26948a25ef5d6b12e155
98	tileSG-010-018_3-4.tif	https://files.isric.org/soilgrids/latest/data/clay/clay_0-5cm_mean/tileSG-010-018/tileSG-010-018_3-4.tif	33399	17941	450	450	Int16	405000	406513	5c4b87cb1e485669ca32c8bbfc11b98ae76405c3c4277afcf7ffae72ebb1f641
99	tileSG-010-021_3-2.tif	https://files.isric.org/soilgrids/latest/data/clay/clay_0-5cm_mean/tileSG-010-021/tileSG-010-021_3-2.tif	37899	17941	450	450	Int16	405000	406513	8638a9a96e310b591090d30af51b3c120d44a29d082c1bc81216c1a07a460728
100	tileSG-010-016_4-2.tif	https://files.isric.org/soilgrids/latest/data/clay/clay_0-5cm_mean/tileSG-010-016/tileSG-010-016_4-2.tif	28899	18391	450	450	Int16	405000	406513	2077ac722fe30ce2df80f61ea472645a01fb051f372bda7306cd7fd948a2fc42
101	tileSG-010-054_4-2.tif	https://files.isric.org/soilgrids/latest/data/clay/clay_0-5cm_mean/tileSG-010-054/tileSG-010-054_4-2.tif	97299	18391	450	450	Int16	405000	406513	21d9bf84c7f230cfd751b46c4effcfaace177a5c25154a2d6ce816909edd0783
102	tileSG-010-058_4-4.tif	https://files.isric.org/soilgrids/latest/data/clay/clay_0-5cm_mean/tileSG-010-058/tileSG-010-058_4-4.tif	105399	18391	450	450	Int16	405000	406513	4dbce2e730875e9264d1e7a2894c4d86443ea2317a43629128ce256861b5519c
103	tileSG-010-070_4-2.tif	https://files.isric.org/soilgrids/latest/data/clay/clay_0-5cm_mean/tileSG-010-070/tileSG-010-070_4-2.tif	126099	18391	450	450	Int16	405000	406513	826e64ec75c1be8cac3c7232d8cbf557798dfa6204e9ca0e025d1db3b573b9a2
104	tileSG-011-050_1-1.tif	https://files.isric.org/soilgrids/latest/data/clay/clay_0-5cm_mean/tileSG-011-050/tileSG-011-050_1-1.tif	89649	18841	450	450	Int16	405000	406513	2807b56d370cfcbeed7d3ad10460aaf25285b3e37c64d069a26f9b989c19c04b
105	tileSG-011-061_1-4.tif	https://files.isric.org/soilgrids/latest/data/clay/clay_0-5cm_mean/tileSG-011-061/tileSG-011-061_1-4.tif	110799	18841	450	450	Int16	405000	406513	a61124cfcf9880eaff58e7df4904f5dd3549561b66e3189187e8e44aaac59c9b
106	tileSG-011-023_2-2.tif	https://files.isric.org/soilgrids/latest/data/clay/clay_0-5cm_mean/tileSG-011-023/tileSG-011-023_2-2.tif	41499	19291	450	450	Int16	405000	406513	a5486ba0e62aa3493d28f52bfe893ac571da788bf532e5838b20659d8ff7f88c
107	tileSG-011-043_2-3.tif	https://files.isric.org/soilgrids/latest/data/clay/clay_0-5cm_mean/tileSG-011-043/tileSG-011-043_2-3.tif	77949	19291	450	450	Int16	405000	406513	d4e49634f24975da8c4d4d7528b4f70e96baf64f7bf382e17963ca6c2f93d835
108	tileSG-011-066_2-3.tif	https://files.isric.org/soilgrids/latest/data/clay/clay_0-5cm_mean/tileSG-011-066/tileSG-011-066_2-3.tif	119349	19291	450	450	Int16	405000	406513	21b91c581e1d7de0131f640ec2feee9abeb23da6d305049fdd949f92e560e86e
109	tileSG-011-020_3-1.tif	https://files.isric.org/soilgrids/latest/data/clay/clay_0-5cm_mean/tileSG-011-020/tileSG-011-020_3-1.tif	35649	19741	450	450	Int16	405000	406513	815c505dfca1b496847234b4b03a003456afbcfe4e845db41cae7185709f7fd1
110	tileSG-011-064_3-1.tif	https://files.isric.org/soilgrids/latest/data/clay/clay_0-5cm_mean/tileSG-011-064/tileSG-011-064_3-1.tif	114849	19741	450	450	Int16	405000	406513	35223db8db22ed93bbc45c42f17e8a906354eaf52054e06a45947a4136a345be
111	tileSG-011-046_4-4.tif	https://files.isric.org/soilgrids/latest/data/clay/clay_0-5cm_mean/tileSG-011-046/tileSG-011-046_4-4.tif	83799	20191	450	450	Int16	405000	406513	b0db5a87d6e6a8d722331a4e6a77b3c6e93cb6ddf37a2ed30937d75100e185cd
112	tileSG-011-057_4-3.tif	https://files.isric.org/soilgrids/latest/data/clay/clay_0-5cm_mean/tileSG-011-057/tileSG-011-057_4-3.tif	103149	20191	450	450	Int16	405000	406513	d5458f351904a05b48ec31f0ce6e201c76b3097c6b823fb9901e7a116d351762
113	tileSG-012-016_1-3.tif	https://files.isric.org/soilgrids/latest/data/clay/clay_0-5cm_mean/tileSG-012-016/tileSG-012-016_1-3.tif	29349	20641	450	450	Int16	405000	406513	799213e66ced2344c1d60d520f7f558935bc6e5782746d00406e10dad14a81e9
114	tileSG-012-052_1-1.tif	https://files.isric.org/soilgrids/latest/data/clay/clay_0-5cm_mean/tileSG-012-052/tileSG-012-052_1-1.tif	93249	20641	450	450	Int16	405000	406513	b75503731efd383137017d49d822612db12c52866fb13a659ebe7b8e8c692b20
115	tileSG-012-023_2-4.tif	https://files.isric.org/soilgrids/latest/data/clay/clay_0-5cm_mean/tileSG-012-023/tileSG-012-023_2-4.tif	42399	21091	450	450	Int16	405000	406511	f8667ad511f7718f90b7135fa742c7714418209ea2814cb98e1cdb810341b52b
116	tileSG-012-044_2-2.tif	https://files.isric.org/soilgrids/latest/data/clay/clay_0-5cm_mean/tileSG-012-044/tileSG-012-044_2-2.tif	79299	21091	450	450	Int16	405000	406513	c7077b1050c686c5cdfff419c357af698bc1df9318e9253dc2f24a87f62e805a
117	tileSG-012-055_2-1.tif	https://files.isric.org/soilgrids/latest/data/clay/clay_0-5cm_mean/tileSG-012-055/tileSG-012-055_2-1.tif	98649	21091	450	450	Int16	405000	406513	a52e4f837ac91430d8ade1144840d5b587ad882a62c0c552ddcf222b7819a78c
118	tileSG-012-060_2-4.tif	https://files.isric.org/soilgrids/latest/data/clay/clay_0-5cm_mean/tileSG-012-060/tileSG-012-060_2-4.tif	108999	21091	450	450	Int16	405000	406513	1135aa60aa6b8c0d35debd16647c57d98f65a5d3284fd71a5be0c57e16e8b883
119	tileSG-012-071_2-3.tif	https://files.isric.org/soilgrids/latest/data/clay/clay_0-5cm_mean/tileSG-012-071/tileSG-012-071_2-3.tif	128349	21091	450	450	Int16	405000	406513	ca3e80881f44ed82948b87d6725912453cc5512c60e030cd1a2a7b8890b4c4ce
120	tileSG-012-019_3-4.tif	https://files.isric.org/soilgrids/latest/data/clay/clay_0-5cm_mean/tileSG-012-019/tileSG-012-019_3-4.tif	35199	21541	450	450	Int16	405000	406513	7226963b313b18903c674eab818a65ac246547da29bee3185b1d12a2a9ebceb6
121	tileSG-012-064_3-2.tif	https://files.isric.org/soilgrids/latest/data/clay/clay_0-5cm_mean/tileSG-012-064/tileSG-012-064_3-2.tif	115299	21541	450	450	Int16	405000	406513	90d22192e4ae88eec590d69d093b8360a1b9af7326a47dddccf35c43702b2760
122	tileSG-012-068_3-1.tif	https://files.isric.org/soilgrids/latest/data/clay/clay_0-5cm_mean/tileSG-012-068/tileSG-012-068_3-1.tif	122049	21541	450	450	Int16	405000	406513	2e3bf876abbd12b98fb003a8e0a8557cbc9091b5157d9bee5dbadd12f2d50d9c
123	tileSG-012-042_4-1.tif	https://files.isric.org/soilgrids/latest/data/clay/clay_0-5cm_mean/tileSG-012-042/tileSG-012-042_4-1.tif	75249	21991	450	450	Int16	405000	406511	dc3f360e342fef00d6e4a4d7bd49ec2287e1f1020670b6c2dd9e9d89e46577d4
124	tileSG-012-048_4-4.tif	https://files.isric.org/soilgrids/latest/data/clay/clay_0-5cm_mean/tileSG-012-048/tileSG-012-048_4-4.tif	87399	21991	450	450	Int16	405000	406513	4982c494c4a45ef50e335561a2101724a09e3edbdb2bf0d593f15d7ebc11a48a
125	tileSG-013-017_1-2.tif	https://files.isric.org/soilgrids/latest/data/clay/clay_0-5cm_mean/tileSG-013-017/tileSG-013-017_1-2.tif	30699	22441	450	450	Int16	405000	406513	2d9a537728979a84d0a9c2624e2ab0652d2fb0f660c3694222a450a4a3ab99fb
126	tileSG-013-045_1-4.tif	https://files.isric.org/soilgrids/latest/data/clay/clay_0-5cm_mean/tileSG-013-045/tileSG-013-045_1-4.tif	81999	22441	450	450	Int16	405000	406513	41f0e1b827c0537bd4d077c644e78532efe49b90765187549f7f2ca4b6f5f962
127	tileSG-013-057_1-4.tif	https://files.isric.org/soilgrids/latest/data/clay/clay_0-5cm_mean/tileSG-013-057/tileSG-013-057_1-4.tif	103599	22441	450	450	Int16	405000	406511	76be447b0a679eb6a82bb7c383f224c58411f8430c828f6093932bb90da63965
128	tileSG-013-020_3-1.tif	https://files.isric.org/soilgrids/latest/data/clay/clay_0-5cm_mean/tileSG-013-020/tileSG-013-020_3-1.tif	35649	23341	450	450	Int16	405000	406511	02d6746757ef0ca83f37f699e2d251d075862f91e4a35daca11eab116d8816e1
129	tileSG-013-023_3-3.tif	https://files.isric.org/soilgrids/latest/data/clay/clay_0-5cm_mean/tileSG-013-023/tileSG-013-023_3-3.tif	41949	23341	450	450	Int16	405000	406513	d8627c665aa8c4e359b775d2cd3b786d7d1780d602e4d31556cb19e7824a6052
130	tileSG-013-051_3-2.tif	https://files.isric.org/soilgrids/latest/data/clay/clay_0-5cm_mean/tileSG-013-051/tileSG-013-051_3-2.tif	91899	23341	450	450	Int16	405000	406513	cafd2e32ba6de7cd2fa387908c650d2db857be8bbec4bfaf288cb2dd1061ddee
131	tileSG-013-055_3-2.tif	https://files.isric.org/soilgrids/latest/data/clay/clay_0-5cm_mean/tileSG-013-055/tileSG-013-055_3-2.tif	99099	23341	450	450	Int16	405000	406513	d65481acf77467418bdec148fce25c83baf415ec9a8519a7b513147fe6009952
132	tileSG-013-061_3-1.tif	https://files.isric.org/soilgrids/latest/data/clay/clay_0-5cm_mean/tileSG-013-061/tileSG-013-061_3-1.tif	109449	23341	450	450	Int16	405000	406513	0b456e5dd50f4b30db10103a7f2a5b34dd297961ac1ea24f365fb715ca857c16
133	tileSG-013-070_3-4.tif	https://files.isric.org/soilgrids/latest/data/clay/clay_0-5cm_mean/tileSG-013-070/tileSG-013-070_3-4.tif	126999	23341	450	450	Int16	405000	406513	c0608774f7820cbdce9ed290e8d6c0c8e4d3c5533da92bc3d6abd2b71eda17e3
134	tileSG-013-064_4-3.tif	https://files.isric.org/soilgrids/latest/data/clay/clay_0-5cm_mean/tileSG-013-064/tileSG-013-064_4-3.tif	115749	23791	450	450	Int16	405000	406513	560dfa42ebadd23ed9484214f3518a8f7c6db1ab8ff7c0296330d627a74ca304
135	tileSG-013-067_4-3.tif	https://files.isric.org/soilgrids/latest/data/clay/clay_0-5cm_mean/tileSG-013-067/tileSG-013-067_4-3.tif	121149	23791	450	450	Int16	405000	406513	b4eddecc38f63ce48b149282d4077a1513dc90afed51b30784f966ac178cd4b9
136	tileSG-014-043_1-2.tif	https://files.isric.org/soilgrids/latest/data/clay/clay_0-5cm_mean/tileSG-014-043/tileSG-014-043_1-2.tif	77499	24241	450	450	Int16	405000	406513	935e2c739d1bd3916086ada1576082d0f27da35695c4b0219b2338b6f65d2f07
137	tileSG-014-026_2-2.tif	https://files.isric.org/soilgrids/latest/data/clay/clay_0-5cm_mean/tileSG-014-026/tileSG-014-026_2-2.tif	46899	24691	450	450	Int16	405000	406513	3de0f87470183d679b9a6793cb7643bdc77d7bfbc58015671353a4288abc9328
138	tileSG-014-047_2-4.tif	https://files.isric.org/soilgrids/latest/data/clay/clay_0-5cm_mean/tileSG-014-047/tileSG-014-047_2-4.tif	85599	24691	450	450	Int16	405000	406513	8eda6aa95a639f2753932c88dce012ff5dbf341cc207912bc2cf0bb06ccdf553
139	tileSG-014-053_3-4.tif	https://files.isric.org/soilgrids/latest/data/clay/clay_0-5cm_mean/tileSG-014-053/tileSG-014-053_3-4.tif	96399	25141	450	450	Int16	405000	406513	814be336bab252338d9cf58135bc4d50b79e8168d597b4c437c6e612d00b6dec
140	tileSG-014-020_4-3.tif	https://files.isric.org/soilgrids/latest/data/clay/clay_0-5cm_mean/tileSG-014-020/tileSG-014-020_4-3.tif	36549	25591	450	450	Int16	405000	406513	dd658ef89cb63463ce6045c94629fd3511ca3388ce0f77f13896de54935ba7da
141	tileSG-014-041_4-1.tif	https://files.isric.org/soilgrids/latest/data/clay/clay_0-5cm_mean/tileSG-014-041/tileSG-014-041_4-1.tif	73449	25591	450	450	Int16	405000	406513	54fcd8ddbeb96d450cc3c25968c7b839c9fed1a9822441d27aa4462d46b1f293
142	tileSG-014-051_4-1.tif	https://files.isric.org/soilgrids/latest/data/clay/clay_0-5cm_mean/tileSG-014-051/tileSG-014-051_4-1.tif	91449	25591	450	450	Int16	405000	406511	53d47b829b67051cb327a2046ba774b5962b179c9320f966dbe03fa505331394
143	tileSG-014-057_4-2.tif	https://files.isric.org/soilgrids/latest/data/clay/clay_0-5cm_mean/tileSG-014-057/tileSG-014-057_4-2.tif	102699	25591	450	450	Int16	405000	406513	38493bfe0eabc73c7e09a5d7f902df9d31c53af4ff4551a3aa9b9b2d27a1db90
144	tileSG-014-064_4-1.tif	https://files.isric.org/soilgrids/latest/data/clay/clay_0-5cm_mean/tileSG-014-064/tileSG-014-064_4-1.tif	114849	25591	450	450	Int16	405000	406513	e25b64fc05e00d663220f53bcefdd210913dde90c1ad566212860982ee373ee3
145	tileSG-014-067_4-2.tif	https://files.isric.org/soilgrids/latest/data/clay/clay_0-5cm_mean/tileSG-014-067/tileSG-014-067_4-2.tif	120699	25591	450	450	Int16	405000	406513	8461e925dffdb5c482bb4606a331af4a3ba95c28bdcaa97fcda2bdda626457a6
146	tileSG-014-069_4-4.tif	https://files.isric.org/soilgrids/latest/data/clay/clay_0-5cm_mean/tileSG-014-069/tileSG-014-069_4-4.tif	125199	25591	450	450	Int16	405000	406513	50096448123d64ac431e4eed4c72a3d3b9241611f83bdc622fc064749f0395d4
147	tileSG-014-073_4-3.tif	https://files.isric.org/soilgrids/latest/data/clay/clay_0-5cm_mean/tileSG-014-073/tileSG-014-073_4-3.tif	131949	25591	450	450	Int16	405000	406513	32aafd5a2af10453f1eb8048e9469858fb4ec2a891d8d6696e99181c081f4b0a
148	tileSG-015-044_1-4.tif	https://files.isric.org/soilgrids/latest/data/clay/clay_0-5cm_mean/tileSG-015-044/tileSG-015-044_1-4.tif	80199	26041	450	450	Int16	405000	406513	5b0cfd6b95c29680cd878b3912c1b05551ff191a6b08fdf4c6f4f54a6f738243
149	tileSG-015-023_2-3.tif	https://files.isric.org/soilgrids/latest/data/clay/clay_0-5cm_mean/tileSG-015-023/tileSG-015-023_2-3.tif	41949	26491	450	450	Int16	405000	406513	480ac39316a38320663a4a4c1e07a38c9fba2633e4ca8df75160ad65438777df
150	tileSG-015-053_3-4.tif	https://files.isric.org/soilgrids/latest/data/clay/clay_0-5cm_mean/tileSG-015-053/tileSG-015-053_3-4.tif	96399	26941	450	450	Int16	405000	406513	f89f7de0e07ea0317fbb8e5329b1081559fda88b8c17bc240f6b46054f6985f5
151	tileSG-015-046_4-2.tif	https://files.isric.org/soilgrids/latest/data/clay/clay_0-5cm_mean/tileSG-015-046/tileSG-015-046_4-2.tif	82899	27391	450	450	Int16	405000	406513	c72e6501b45d5f08197df217b6399e25ea841146275700b29b829f95bd1b9001
152	tileSG-015-048_4-4.tif	https://files.isric.org/soilgrids/latest/data/clay/clay_0-5cm_mean/tileSG-015-048/tileSG-015-048_4-4.tif	87399	27391	450	450	Int16	405000	406513	1e4722605516c98ddf6031a9322af470269dc8c1f9633eca782551fb884d8040
153	tileSG-015-068_4-3.tif	https://files.isric.org/soilgrids/latest/data/clay/clay_0-5cm_mean/tileSG-015-068/tileSG-015-068_4-3.tif	122949	27391	450	450	Int16	405000	406511	5baeb21c8ca7ed2070fdaa32a5115d7b3c8c2e0558c78c49b9d3afe47fecdfbf
154	tileSG-015-074_4-2.tif	https://files.isric.org/soilgrids/latest/data/clay/clay_0-5cm_mean/tileSG-015-074/tileSG-015-074_4-2.tif	133299	27391	450	450	Int16	405000	406513	e87ddc82bfc0a5e6627f62bf8609561ad1ffc6c7e131685e6032587e49087ca0
155	tileSG-016-027_1-1.tif	https://files.isric.org/soilgrids/latest/data/clay/clay_0-5cm_mean/tileSG-016-027/tileSG-016-027_1-1.tif	48249	27841	450	450	Int16	405000	406513	dda8cf9722dfc8ed0d6e6d44210e66b43b55e4404f78b0cac3f784e12e0cb5cd
156	tileSG-016-040_1-4.tif	https://files.isric.org/soilgrids/latest/data/clay/clay_0-5cm_mean/tileSG-016-040/tileSG-016-040_1-4.tif	72999	27841	450	450	Int16	405000	406513	4d1257ad1e086a33dfd594bb4c04e56680ccfa48c0cea6aae9efd5b18db1a0ad
157	tileSG-016-051_2-3.tif	https://files.isric.org/soilgrids/latest/data/clay/clay_0-5cm_mean/tileSG-016-051/tileSG-016-051_2-3.tif	92349	28291	450	450	Int16	405000	406513	c741d0328888bc64b8f0241f482c06086886ce045d4a47a6cd31b8f053d84700
158	tileSG-016-070_2-4.tif	https://files.isric.org/soilgrids/latest/data/clay/clay_0-5cm_mean/tileSG-016-070/tileSG-016-070_2-4.tif	126999	28291	450	450	Int16	405000	406513	3d1db8b9069b9ba39a777acbcc52587999315a82a86881875ecfb911d610be24
159	tileSG-016-023_3-3.tif	https://files.isric.org/soilgrids/latest/data/clay/clay_0-5cm_mean/tileSG-016-023/tileSG-016-023_3-3.tif	41949	28741	450	450	Int16	405000	406513	1fe42b73f272e37d1c88373ed5827757506a418af271bd4dd4599208d7fda166
160	tileSG-016-044_3-2.tif	https://files.isric.org/soilgrids/latest/data/clay/clay_0-5cm_mean/tileSG-016-044/tileSG-016-044_3-2.tif	79299	28741	450	450	Int16	405000	406513	124bf8736c808398f20dbefba73257259b4936f929ec0399493be1faeba2d0fe
161	tileSG-016-063_3-2.tif	https://files.isric.org/soilgrids/latest/data/clay/clay_0-5cm_mean/tileSG-016-063/tileSG-016-063_3-2.tif	113499	28741	450	450	Int16	405000	406513	884d75c097fd85d8182d7ba9de48f5f58aaad51c2c8090fe08cb74f0dd345b20
162	tileSG-016-047_4-2.tif	https://files.isric.org/soilgrids/latest/data/clay/clay_0-5cm_mean/tileSG-016-047/tileSG-016-047_4-2.tif	84699	29191	450	450	Int16	405000	406513	075c6e2c0a83faddc5c92abf2c576b04213b4681614878753550de0262a87997
163	tileSG-016-056_4-4.tif	https://files.isric.org/soilgrids/latest/data/clay/clay_0-5cm_mean/tileSG-016-056/tileSG-016-056_4-4.tif	101799	29191	450	450	Int16	405000	406513	7667d4aeabeddf109d861621fb27c701d073a78e4df2ff1a085cff8ad400be35
164	tileSG-016-075_4-2.tif	https://files.isric.org/soilgrids/latest/data/clay/clay_0-5cm_mean/tileSG-016-075/tileSG-016-075_4-2.tif	135099	29191	450	450	Int16	405000	406513	75f0baee0d85b76af393c3823a54162a37ee8988866eee8e9ed40266cbe54aac
165	tileSG-017-068_1-4.tif	https://files.isric.org/soilgrids/latest/data/clay/clay_0-5cm_mean/tileSG-017-068/tileSG-017-068_1-4.tif	123399	29641	450	450	Int16	405000	406513	4da0bc04f5075e227f3de9a84e433c97b77f4a52e5f2867546d909c250bbd7d5
166	tileSG-017-028_2-2.tif	https://files.isric.org/soilgrids/latest/data/clay/clay_0-5cm_mean/tileSG-017-028/tileSG-017-028_2-2.tif	50499	30091	450	450	Int16	405000	406513	c344039440b54af09ccfef9ded8d85e87bc7162beab7dda31f2c2c523a0229a8
167	tileSG-017-050_2-1.tif	https://files.isric.org/soilgrids/latest/data/clay/clay_0-5cm_mean/tileSG-017-050/tileSG-017-050_2-1.tif	89649	30091	450	450	Int16	405000	406513	d367cf9b6f7f7058173a7086df4bd26d2b50485ab108b772b7d739749da79c7a
168	tileSG-017-053_2-3.tif	https://files.isric.org/soilgrids/latest/data/clay/clay_0-5cm_mean/tileSG-017-053/tileSG-017-053_2-3.tif	95949	30091	450	450	Int16	405000	406513	643b699cf51f4e90d489f7f3d09462391fc50a0128d95474e9c833e1155ed39f
169	tileSG-017-025_3-3.tif	https://files.isric.org/soilgrids/latest/data/clay/clay_0-5cm_mean/tileSG-017-025/tileSG-017-025_3-3.tif	45549	30541	450	450	Int16	405000	406513	3a415da522f109e829cb3db4d8d3e2aa26cb1e373cdd09b2f1c99c2709e76a71
170	tileSG-017-042_4-3.tif	https://files.isric.org/soilgrids/latest/data/clay/clay_0-5cm_mean/tileSG-017-042/tileSG-017-042_4-3.tif	76149	30991	450	450	Int16	405000	406513	6d04425a22ac8740abaf6d1cac0fed43a449429cb7d736348ad505677cc5edd7
171	tileSG-017-046_4-2.tif	https://files.isric.org/soilgrids/latest/data/clay/clay_0-5cm_mean/tileSG-017-046/tileSG-017-046_4-2.tif	82899	30991	450	450	Int16	405000	406513	8705dd27fa410292a482b341d85f0a91cf0af4fb0a9872d4189c0c7245a9ba9c
172	tileSG-018-031_1-3.tif	https://files.isric.org/soilgrids/latest/data/clay/clay_0-5cm_mean/tileSG-018-031/tileSG-018-031_1-3.tif	56349	31441	450	450	Int16	405000	406513	d7b59365cec2ecaf47c8c215aa5a3e2ada6d4ef00316010a7ffe55418595ebda
173	tileSG-018-072_1-4.tif	https://files.isric.org/soilgrids/latest/data/clay/clay_0-5cm_mean/tileSG-018-072/tileSG-018-072_1-4.tif	130599	31441	450	450	Int16	405000	406513	723976210bb670f786214e7b51cc8b66759e8efc6ae67506051ad52e8dfa2a8d
174	tileSG-018-052_2-4.tif	https://files.isric.org/soilgrids/latest/data/clay/clay_0-5cm_mean/tileSG-018-052/tileSG-018-052_2-4.tif	94599	31891	450	450	Int16	405000	406513	43889d4b9df6c7d92c7cf5ffde13f47cff755aeca8b4013b9ac4b12952e9770f
175	tileSG-018-055_2-4.tif	https://files.isric.org/soilgrids/latest/data/clay/clay_0-5cm_mean/tileSG-018-055/tileSG-018-055_2-4.tif	99999	31891	450	450	Int16	405000	406513	9eccb98eaaa183e881bdcca695c08ce4394234562b8edd751d0d519a1d1d007c
176	tileSG-018-025_3-1.tif	https://files.isric.org/soilgrids/latest/data/clay/clay_0-5cm_mean/tileSG-018-025/tileSG-018-025_3-1.tif	44649	32341	450	450	Int16	405000	406513	1c9edd2af0ecb7d123177c0ad9591c41198e132eb71a047e999c5c6ee9cd1e02
177	tileSG-018-028_3-2.tif	https://files.isric.org/soilgrids/latest/data/clay/clay_0-5cm_mean/tileSG-018-028/tileSG-018-028_3-2.tif	50499	32341	450	450	Int16	405000	406513	fec2aa9b763d413f9bc5b029f0093151a889513ec77afbb8c71b4a25c5bcb62e
178	tileSG-018-049_3-3.tif	https://files.isric.org/soilgrids/latest/data/clay/clay_0-5cm_mean/tileSG-018-049/tileSG-018-049_3-3.tif	88749	32341	450	450	Int16	405000	406513	9c8cbfaad271e532872e7310378b70ae4af17833b63b5da26dc91cd5ce935034
179	tileSG-018-068_3-4.tif	https://files.isric.org/soilgrids/latest/data/clay/clay_0-5cm_mean/tileSG-018-068/tileSG-018-068_3-4.tif	123399	32341	450	450	Int16	405000	406513	275897a9ead8cf27976be04a9d3299f622893a0df2685cca556920a81f66459e
180	tileSG-019-076_1-1.tif	https://files.isric.org/soilgrids/latest/data/clay/clay_0-5cm_mean/tileSG-019-076/tileSG-019-076_1-1.tif	136449	33241	450	450	Int16	405000	406513	b69f36398a69ac71de34c65bf3e05abe86bdabe3596c1d8309d3e7cb5dc7487a
181	tileSG-019-030_2-3.tif	https://files.isric.org/soilgrids/latest/data/clay/clay_0-5cm_mean/tileSG-019-030/tileSG-019-030_2-3.tif	54549	33691	450	450	Int16	405000	406513	0d9db3e9de102755aca226e3fe044b3d657bfa2ffc054704c4b3a64c573a3db8
182	tileSG-019-047_2-2.tif	https://files.isric.org/soilgrids/latest/data/clay/clay_0-5cm_mean/tileSG-019-047/tileSG-019-047_2-2.tif	84699	33691	450	450	Int16	405000	406513	851417a127c29514e9f3edef70b0f974ffd35b085e3a3b466a7e26697a39a42b
183	tileSG-019-052_2-1.tif	https://files.isric.org/soilgrids/latest/data/clay/clay_0-5cm_mean/tileSG-019-052/tileSG-019-052_2-1.tif	93249	33691	450	450	Int16	405000	406513	3495c6abd5ba7904661c65e712db70d5f91b7d9053e74d910c8ba8ec38e9b4a3
184	tileSG-019-054_2-4.tif	https://files.isric.org/soilgrids/latest/data/clay/clay_0-5cm_mean/tileSG-019-054/tileSG-019-054_2-4.tif	98199	33691	450	450	Int16	405000	406513	b8e9fc6c9aae22245a6db065f76bd16740f8eb22e0001306176274fe90c2fac2
185	tileSG-019-027_3-2.tif	https://files.isric.org/soilgrids/latest/data/clay/clay_0-5cm_mean/tileSG-019-027/tileSG-019-027_3-2.tif	48699	34141	450	450	Int16	405000	406513	be14aed7fa10e07a5fb5f14540b4cac92d848cc10fbc7dec7af5fbfe61c24123
186	tileSG-019-069_3-3.tif	https://files.isric.org/soilgrids/latest/data/clay/clay_0-5cm_mean/tileSG-019-069/tileSG-019-069_3-3.tif	124749	34141	450	450	Int16	405000	406513	2b7a742b27ae029b734fe91b7cee01325285358d0cdda44582a4f410317f164c
187	tileSG-019-072_3-3.tif	https://files.isric.org/soilgrids/latest/data/clay/clay_0-5cm_mean/tileSG-019-072/tileSG-019-072_3-3.tif	130149	34141	450	450	Int16	405000	406513	30198fd904c9e506326776c260e4ffa6671e2106fdf8b1ec4871975853573eba
188	tileSG-019-033_4-2.tif	https://files.isric.org/soilgrids/latest/data/clay/clay_0-5cm_mean/tileSG-019-033/tileSG-019-033_4-2.tif	59499	34591	450	450	Int16	405000	406513	525c038c99eced7dc35397a7c9bf536f97e9050b8acc1c81ff26b5b0ffc000fe
189	tileSG-020-074_1-4.tif	https://files.isric.org/soilgrids/latest/data/clay/clay_0-5cm_mean/tileSG-020-074/tileSG-020-074_1-4.tif	134199	35041	450	450	Int16	405000	406513	29b497d56b97d58a2e03d20e11b4772f5c3c6e988c4ef12728c058d8581477d4
190	tileSG-020-079_1-2.tif	https://files.isric.org/soilgrids/latest/data/clay/clay_0-5cm_mean/tileSG-020-079/tileSG-020-079_1-2.tif	142299	35041	450	450	Int16	405000	406513	a620fd76587b4e91c4513c8ae7bb23bf53f0c54246ad00cc0d4c3a28771e9da9
191	tileSG-020-024_2-3.tif	https://files.isric.org/soilgrids/latest/data/clay/clay_0-5cm_mean/tileSG-020-024/tileSG-020-024_2-3.tif	43749	35491	450	450	Int16	405000	406513	81b26f39f574bf991216c67592c07ed591e24846e9934d57362a1bd12a22cd05
192	tileSG-020-047_2-4.tif	https://files.isric.org/soilgrids/latest/data/clay/clay_0-5cm_mean/tileSG-020-047/tileSG-020-047_2-4.tif	85599	35491	450	450	Int16	405000	406513	087835ed19be24ddb4c13e79e24785a5255ed0d516381664c278595a2dc717e5
193	tileSG-020-035_3-3.tif	https://files.isric.org/soilgrids/latest/data/clay/clay_0-5cm_mean/tileSG-020-035/tileSG-020-035_3-3.tif	63549	35941	450	450	Int16	405000	406513	f3b457e3c3bc7c75c774099bf4b628c2fa941caae201612b2c59bacbefdbc6c6
194	tileSG-020-051_3-1.tif	https://files.isric.org/soilgrids/latest/data/clay/clay_0-5cm_mean/tileSG-020-051/tileSG-020-051_3-1.tif	91449	35941	450	450	Int16	405000	406513	e2742339c8b868bb2c83ec16d327f6102196a5b72d0b0818044d578cdc2bac71
195	tileSG-020-032_4-2.tif	https://files.isric.org/soilgrids/latest/data/clay/clay_0-5cm_mean/tileSG-020-032/tileSG-020-032_4-2.tif	57699	36391	450	450	Int16	405000	406513	4eb1abdf2a58e2130c38871520a52a5e2e4553afbde8c216c0e4346698c870a2
196	tileSG-020-071_4-2.tif	https://files.isric.org/soilgrids/latest/data/clay/clay_0-5cm_mean/tileSG-020-071/tileSG-020-071_4-2.tif	127899	36391	450	450	Int16	405000	406513	c89776653ed635420c3c82f7f0c7e0893a37cf348cc0fe6d7a36ad56e630621b
197	tileSG-020-083_4-1.tif	https://files.isric.org/soilgrids/latest/data/clay/clay_0-5cm_mean/tileSG-020-083/tileSG-020-083_4-1.tif	149049	36391	450	450	Int16	405000	406511	1ada3f829353f784d7f87962db9c8cba17ae7ace585473ffc9e668509991045e
198	tileSG-021-029_1-1.tif	https://files.isric.org/soilgrids/latest/data/clay/clay_0-5cm_mean/tileSG-021-029/tileSG-021-029_1-1.tif	51849	36841	450	450	Int16	405000	406513	949db978abd7535ae51fcdb134bd5051b36e9d55720fe67fb2f3096996899d7e
199	tileSG-021-054_1-1.tif	https://files.isric.org/soilgrids/latest/data/clay/clay_0-5cm_mean/tileSG-021-054/tileSG-021-054_1-1.tif	96849	36841	450	450	Int16	405000	406513	a893b65a07608dc2bc8b3275de45a9c04f3612e27d83159b1e6830ffa53665e7
200	tileSG-021-075_1-4.tif	https://files.isric.org/soilgrids/latest/data/clay/clay_0-5cm_mean/tileSG-021-075/tileSG-021-075_1-4.tif	135999	36841	450	450	Int16	405000	406513	fffd10ba1c7297c1f19252404bbf5e9faa9c8e160bc1aaf32dc541504eccf6cd
201	tileSG-021-080_1-1.tif	https://files.isric.org/soilgrids/latest/data/clay/clay_0-5cm_mean/tileSG-021-080/tileSG-021-080_1-1.tif	143649	36841	450	450	Int16	405000	406513	23ceeeaf50c71783d61ea026ee8c19ba520a825836b22fbc101a6cb06fb11355
202	tileSG-021-048_2-2.tif	https://files.isric.org/soilgrids/latest/data/clay/clay_0-5cm_mean/tileSG-021-048/tileSG-021-048_2-2.tif	86499	37291	450	450	Int16	405000	406513	a74fe18e3924eaf5a8e1e086bf9769fb17059cbf22a9eff20c5f8207f8231ead
203	tileSG-021-025_4-3.tif	https://files.isric.org/soilgrids/latest/data/clay/clay_0-5cm_mean/tileSG-021-025/tileSG-021-025_4-3.tif	45549	38191	450	450	Int16	405000	406513	1ec85e3f673cb1ab3c65c4abcb158835c6bd119b641358370b869df70a225eb3
204	tileSG-021-035_4-1.tif	https://files.isric.org/soilgrids/latest/data/clay/clay_0-5cm_mean/tileSG-021-035/tileSG-021-035_4-1.tif	62649	38191	450	450	Int16	405000	406513	bc26e7f5cb2c5dcc679982f76956a3c27d437dd532bf78ecb9c99dd080699791
205	tileSG-021-051_4-2.tif	https://files.isric.org/soilgrids/latest/data/clay/clay_0-5cm_mean/tileSG-021-051/tileSG-021-051_4-2.tif	91899	38191	450	450	Int16	405000	406513	55f44908bdae37bf24a0745da591b3ae72c566cfb9267ca0cd69deb1caac1caf
206	tileSG-022-054_1-1.tif	https://files.isric.org/soilgrids/latest/data/clay/clay_0-5cm_mean/tileSG-022-054/tileSG-022-054_1-1.tif	96849	38641	450	450	Int16	405000	406513	eb3447b159c36b57476729f280d9cad5eeaddb039e5cb2e5462f6f866dba4332
207	tileSG-022-028_2-4.tif	https://files.isric.org/soilgrids/latest/data/clay/clay_0-5cm_mean/tileSG-022-028/tileSG-022-028_2-4.tif	51399	39091	450	450	Int16	405000	406513	05ec5263be19ca1a0daa59b77a4ff3bc8e2710a0419592cc0010a73050f4897d
208	tileSG-022-032_2-2.tif	https://files.isric.org/soilgrids/latest/data/clay/clay_0-5cm_mean/tileSG-022-032/tileSG-022-032_2-2.tif	57699	39091	450	450	Int16	405000	406513	318b2905fb02c7ddfa96040ca43594efb8333898266020d2f2d876c44fbcec8e
209	tileSG-022-049_3-2.tif	https://files.isric.org/soilgrids/latest/data/clay/clay_0-5cm_mean/tileSG-022-049/tileSG-022-049_3-2.tif	88299	39541	450	450	Int16	405000	406513	e8ecbe4ce3d4e1b729aa4ef873d5d5d1cb08ecad2c8026a1dfe7bef77fb7cfbe
210	tileSG-022-056_3-2.tif	https://files.isric.org/soilgrids/latest/data/clay/clay_0-5cm_mean/tileSG-022-056/tileSG-022-056_3-2.tif	100899	39541	450	450	Int16	405000	406513	80433f4c39e81a02a29827382255c72a1e79885f11145119c8434ee6be77026a
211	tileSG-022-078_3-1.tif	https://files.isric.org/soilgrids/latest/data/clay/clay_0-5cm_mean/tileSG-022-078/tileSG-022-078_3-1.tif	140049	39541	450	450	Int16	405000	406513	f628feeb823ca1d1168ef32ecb3a723464be5721598bd4e3786be20302b02158
212	tileSG-022-052_4-2.tif	https://files.isric.org/soilgrids/latest/data/clay/clay_0-5cm_mean/tileSG-022-052/tileSG-022-052_4-2.tif	93699	39991	450	450	Int16	405000	406513	51f7b43ba897623f047dbbb337a5b295edc542e9762e1ce666a1ea9af34a49c9
213	tileSG-022-075_4-3.tif	https://files.isric.org/soilgrids/latest/data/clay/clay_0-5cm_mean/tileSG-022-075/tileSG-022-075_4-3.tif	135549	39991	450	450	Int16	405000	406513	8c908e6d978c862bcdd8f8e147e06d691df797c454ccee54e34a89794cfae883
214	tileSG-023-027_2-1.tif	https://files.isric.org/soilgrids/latest/data/clay/clay_0-5cm_mean/tileSG-023-027/tileSG-023-027_2-1.tif	48249	40891	450	450	Int16	405000	406513	b4afbda1bfbdbf88331e14ad507ee22f52b13d8238fddb59de6cce3b30ee93e4
215	tileSG-023-031_2-1.tif	https://files.isric.org/soilgrids/latest/data/clay/clay_0-5cm_mean/tileSG-023-031/tileSG-023-031_2-1.tif	55449	40891	450	450	Int16	405000	406513	0f7666c6f83695d863a58385d9fe29f8e8d07d27f81572c936e51371b8797ef0
216	tileSG-023-034_2-2.tif	https://files.isric.org/soilgrids/latest/data/clay/clay_0-5cm_mean/tileSG-023-034/tileSG-023-034_2-2.tif	61299	40891	450	450	Int16	405000	406513	079f5634635f0ac46d1db6f4b4c5d53a8ede5734c169f9fee604c338334d3373
217	tileSG-023-088_2-2.tif	https://files.isric.org/soilgrids/latest/data/clay/clay_0-5cm_mean/tileSG-023-088/tileSG-023-088_2-2.tif	158499	40891	450	450	Int16	405000	406513	b9389956452d53b65041c9d6c0449b66ef7dfab5660c3ae962b8c2f0e70fee94
218	tileSG-023-047_3-4.tif	https://files.isric.org/soilgrids/latest/data/clay/clay_0-5cm_mean/tileSG-023-047/tileSG-023-047_3-4.tif	85599	41341	450	450	Int16	405000	406513	7fa58acaf3c4360094884308e6129d2037d8b0e5ea5075a6455fed4804a0dec2
219	tileSG-023-080_3-2.tif	https://files.isric.org/soilgrids/latest/data/clay/clay_0-5cm_mean/tileSG-023-080/tileSG-023-080_3-2.tif	144099	41341	450	450	Int16	405000	406513	06c225bd2fabe051ad0ff658424833d615dc334730048c2fa84297d7d7689bdd
220	tileSG-023-050_4-3.tif	https://files.isric.org/soilgrids/latest/data/clay/clay_0-5cm_mean/tileSG-023-050/tileSG-023-050_4-3.tif	90549	41791	450	450	Int16	405000	406513	a95c0a27c989adc2fd8303ef3484da065c21c042cfe783787b7f84f9827985a7
221	tileSG-023-074_4-4.tif	https://files.isric.org/soilgrids/latest/data/clay/clay_0-5cm_mean/tileSG-023-074/tileSG-023-074_4-4.tif	134199	41791	450	450	Int16	405000	406513	0dc340e091479b69d0901e9f200101d0ef65c0468aecd1d7e88f6164de6eb2d1
222	tileSG-023-077_4-3.tif	https://files.isric.org/soilgrids/latest/data/clay/clay_0-5cm_mean/tileSG-023-077/tileSG-023-077_4-3.tif	139149	41791	450	450	Int16	405000	406513	96e7ec1c7cf258bb173467ed71e767869b3b5b06c3f3ed24a1fa1af4e496a69f
223	tileSG-024-055_1-4.tif	https://files.isric.org/soilgrids/latest/data/clay/clay_0-5cm_mean/tileSG-024-055/tileSG-024-055_1-4.tif	99999	42241	450	450	Int16	405000	406513	94b0df3e2e83aed2e0529f590181e14f072a6f3b7af4ed7d8c326afde9720faa
224	tileSG-024-029_2-4.tif	https://files.isric.org/soilgrids/latest/data/clay/clay_0-5cm_mean/tileSG-024-029/tileSG-024-029_2-4.tif	53199	42691	450	450	Int16	405000	406513	d758c5a00a6c268547d48e01feb3ef96e5ce217a5f3cf8a3e21c1e082a0262bc
225	tileSG-024-033_3-4.tif	https://files.isric.org/soilgrids/latest/data/clay/clay_0-5cm_mean/tileSG-024-033/tileSG-024-033_3-4.tif	60399	43141	450	450	Int16	405000	406513	f421fa10b8842e6eb93b340ba116b4442731efdcebe118c028b54701d4fef684
226	tileSG-024-048_3-3.tif	https://files.isric.org/soilgrids/latest/data/clay/clay_0-5cm_mean/tileSG-024-048/tileSG-024-048_3-3.tif	86949	43141	450	450	Int16	405000	406513	731f444cebb53d2e85f4709f1c5eb0f180ab782813e943d8ddc3f0e5eb1ea49a
227	tileSG-024-073_3-2.tif	https://files.isric.org/soilgrids/latest/data/clay/clay_0-5cm_mean/tileSG-024-073/tileSG-024-073_3-2.tif	131499	43141	450	450	Int16	405000	406513	9966b874a18c1633453efb0cf0e53951c054a72fb9b7a9a1060766b585387c31
228	tileSG-024-051_4-2.tif	https://files.isric.org/soilgrids/latest/data/clay/clay_0-5cm_mean/tileSG-024-051/tileSG-024-051_4-2.tif	91899	43591	450	450	Int16	405000	406513	1fdc5267b947141935fecb601791b3e3fb5f1ca5c9c3f8e7beba588a57281d04
229	tileSG-024-077_4-1.tif	https://files.isric.org/soilgrids/latest/data/clay/clay_0-5cm_mean/tileSG-024-077/tileSG-024-077_4-1.tif	138249	43591	450	450	Int16	405000	406509	d6b7d0082d985f253e9d722a0434b2fdf644ff649ace64de6c5fce66cabf32b5
230	tileSG-024-081_4-1.tif	https://files.isric.org/soilgrids/latest/data/clay/clay_0-5cm_mean/tileSG-024-081/tileSG-024-081_4-1.tif	145449	43591	450	450	Int16	405000	406513	cc9e7beb55bc4c3314a43a937a0f288d494052efd94eca2a8002720a1898219d
231	tileSG-025-055_1-1.tif	https://files.isric.org/soilgrids/latest/data/clay/clay_0-5cm_mean/tileSG-025-055/tileSG-025-055_1-1.tif	98649	44041	450	450	Int16	405000	406513	e435d8a8546193b733d6223af3ab46ef42c0ac932fe74ebbd79645ec199ce699
232	tileSG-025-031_2-1.tif	https://files.isric.org/soilgrids/latest/data/clay/clay_0-5cm_mean/tileSG-025-031/tileSG-025-031_2-1.tif	55449	44491	450	450	Int16	405000	406513	a5ecd78b77b03f21e5ad537c2ea741b21bd6d8091546aa7fddbea22e598e0092
233	tileSG-025-028_3-1.tif	https://files.isric.org/soilgrids/latest/data/clay/clay_0-5cm_mean/tileSG-025-028/tileSG-025-028_3-1.tif	50049	44941	450	450	Int16	405000	406513	2c63815f8038edccb215c45d1308b875e2448943ed0454ff613a68698d1be46e
234	tileSG-025-073_3-2.tif	https://files.isric.org/soilgrids/latest/data/clay/clay_0-5cm_mean/tileSG-025-073/tileSG-025-073_3-2.tif	131499	44941	450	450	Int16	405000	406513	966654bf917caedc8e59273ec9d40a548db7c8e590d55c12713c6396ffcd5f0c
235	tileSG-025-048_4-3.tif	https://files.isric.org/soilgrids/latest/data/clay/clay_0-5cm_mean/tileSG-025-048/tileSG-025-048_4-3.tif	86949	45391	450	450	Int16	405000	406513	89d7889ca94e509f56593417d19a0527f34e9cc954ba96cfc9f6dbe8a7f52094
236	tileSG-026-077_1-4.tif	https://files.isric.org/soilgrids/latest/data/clay/clay_0-5cm_mean/tileSG-026-077/tileSG-026-077_1-4.tif	139599	45841	450	450	Int16	405000	406513	b6a8450e4f05ae8e6bb2450b5ebc19027b53760caca1d06170ece41868b8924e
237	tileSG-026-081_1-4.tif	https://files.isric.org/soilgrids/latest/data/clay/clay_0-5cm_mean/tileSG-026-081/tileSG-026-081_1-4.tif	146799	45841	450	450	Int16	405000	406511	6076f3ce5db9f5f30bca474b0cfc70d2165005384d5b48ce3077fd1c062196f3
238	tileSG-026-031_2-4.tif	https://files.isric.org/soilgrids/latest/data/clay/clay_0-5cm_mean/tileSG-026-031/tileSG-026-031_2-4.tif	56799	46291	450	450	Int16	405000	406513	3fd0b4ec6e7ddb2ec380e042d9de4a7b16f2b318c793fd89d88f7f538edcfd29
239	tileSG-026-051_3-3.tif	https://files.isric.org/soilgrids/latest/data/clay/clay_0-5cm_mean/tileSG-026-051/tileSG-026-051_3-3.tif	92349	46741	450	450	Int16	405000	406513	14572a0faeacb77ea9575d43b83972c57a6f0c989a2abe9a3c41332e90545bae
240	tileSG-026-074_3-1.tif	https://files.isric.org/soilgrids/latest/data/clay/clay_0-5cm_mean/tileSG-026-074/tileSG-026-074_3-1.tif	132849	46741	450	450	Int16	405000	406513	8d13fd1ef580cbd3aa7a4e7bcd3e8d6aeee50975d520d8e6c8a86e292670daba
241	tileSG-026-027_4-2.tif	https://files.isric.org/soilgrids/latest/data/clay/clay_0-5cm_mean/tileSG-026-027/tileSG-026-027_4-2.tif	48699	47191	450	450	Int16	405000	406511	046bdf43022a39dce5aa133bc1ac76344cd9fc12440e924cd5fa8b79ada98aaa
242	tileSG-027-049_2-2.tif	https://files.isric.org/soilgrids/latest/data/clay/clay_0-5cm_mean/tileSG-027-049/tileSG-027-049_2-2.tif	88299	48091	450	450	Int16	405000	406509	06ab8231903944a02c62ec37aee5dcacf6f5b23ddb73903616d9c3c2970ec2b9
243	tileSG-027-078_2-1.tif	https://files.isric.org/soilgrids/latest/data/clay/clay_0-5cm_mean/tileSG-027-078/tileSG-027-078_2-1.tif	140049	48091	450	450	Int16	405000	406513	48e53508ec7fd9921648266dd03ed81dccf2f89e5723289ebe5f0b07f19050ed
244	tileSG-027-081_2-2.tif	https://files.isric.org/soilgrids/latest/data/clay/clay_0-5cm_mean/tileSG-027-081/tileSG-027-081_2-2.tif	145899	48091	450	450	Int16	405000	406513	8b51247a6af1af96a2972330dd1a6218f3275ca660aa080a2fea81f2c6c6592f
245	tileSG-027-074_3-4.tif	https://files.isric.org/soilgrids/latest/data/clay/clay_0-5cm_mean/tileSG-027-074/tileSG-027-074_3-4.tif	134199	48541	450	450	Int16	405000	406513	80b4903276b033d1f1ed1dc59b1d9eba9c0419f14f6c2d151004ea514514e8a0
246	tileSG-027-027_4-2.tif	https://files.isric.org/soilgrids/latest/data/clay/clay_0-5cm_mean/tileSG-027-027/tileSG-027-027_4-2.tif	48699	48991	450	450	Int16	405000	406513	f4e80a9732323030757e9a3fad118b63cad04619bcddf9f49edf7b1ba2e6abaf
247	tileSG-027-030_4-1.tif	https://files.isric.org/soilgrids/latest/data/clay/clay_0-5cm_mean/tileSG-027-030/tileSG-027-030_4-1.tif	53649	48991	450	450	Int16	405000	406513	8e0cd276f06caf0e31a93752183190afbed27c0127f2056b943b27a8c4171ce7
248	tileSG-028-079_2-2.tif	https://files.isric.org/soilgrids/latest/data/clay/clay_0-5cm_mean/tileSG-028-079/tileSG-028-079_2-2.tif	142299	49891	450	450	Int16	405000	406513	a9118807facc397066e032e3152dfebf27c5b94bb0ceeab0ff520427cd0f0420
249	tileSG-028-086_3-2.tif	https://files.isric.org/soilgrids/latest/data/clay/clay_0-5cm_mean/tileSG-028-086/tileSG-028-086_3-2.tif	154899	50341	450	450	Int16	405000	406513	dfa165454d9bfcbd8ed30192a99887ec9acf1314cf58486e0dcb8e26cacc3748
250	tileSG-028-027_4-4.tif	https://files.isric.org/soilgrids/latest/data/clay/clay_0-5cm_mean/tileSG-028-027/tileSG-028-027_4-4.tif	49599	50791	450	450	Int16	405000	406513	d4b793bfa4ce97637055062619eaff8bead1802621592431c4e0d1bd0ed41074
251	tileSG-029-080_3-2.tif	https://files.isric.org/soilgrids/latest/data/clay/clay_0-5cm_mean/tileSG-029-080/tileSG-029-080_3-2.tif	144099	52141	450	450	Int16	405000	406511	ffb5bc949f6454767bbf45dcf6c015f5b7f61b9cebc5c348411dff3a838c7458
252	tileSG-029-085_3-1.tif	https://files.isric.org/soilgrids/latest/data/clay/clay_0-5cm_mean/tileSG-029-085/tileSG-029-085_3-1.tif	152649	52141	450	450	Int16	405000	406513	c744bf36b0c8ceced58b78bea58006b9e3ade56997d475a5f448a31ce547ab14
253	tileSG-030-027_1-3.tif	https://files.isric.org/soilgrids/latest/data/clay/clay_0-5cm_mean/tileSG-030-027/tileSG-030-027_1-3.tif	49149	53041	450	450	Int16	405000	406513	9487fded7105c801753cb8dc4e96a8eac2891418a2eb59f0b55eed1b3205c683
254	tileSG-030-084_3-1.tif	https://files.isric.org/soilgrids/latest/data/clay/clay_0-5cm_mean/tileSG-030-084/tileSG-030-084_3-1.tif	150849	53941	450	450	Int16	405000	406513	132235908cfc1e2c92c367d3bbee6688b316251f3a6e7a8060ed2e6ae8ae3d80
255	tileSG-031-028_2-1.tif	https://files.isric.org/soilgrids/latest/data/clay/clay_0-5cm_mean/tileSG-031-028/tileSG-031-028_2-1.tif	50049	55291	450	450	Int16	405000	406513	28a520c753fd30f8eafb2d94f0fcb3b4a19b9eaebcb62b30b601cca67fb63284
256	tileSG-032-028_3-2.tif	https://files.isric.org/soilgrids/latest/data/clay/clay_0-5cm_mean/tileSG-032-028/tileSG-032-028_3-2.tif	50499	57541	450	450	Int16	405000	406513	092c312eaa577711ad7f48b2ce5fdaafc5a3921d78c238f6d0798d3a9d719cd1
