house	channel	member	appliance	range_start	range_end	range_bytes	compressed_size	uncompressed_size	crc32
2	2	house_2/channel_2.dat	laptop	3175610274	3183524058	7913785	7913706	37637540	3c04d5a0
2	3	house_2/channel_3.dat	monitor	3183524059	3190957823	7433765	7433686	37536478	ffd06a15
2	4	house_2/channel_4.dat	speakers	3190957954	3198367016	7409063	7408984	37509592	1f798937
2	5	house_2/channel_5.dat	server	3198367017	3206198918	7831902	7831823	39284605	7bac5bba
2	6	house_2/channel_6.dat	router	3206199069	3213624219	7425151	7425072	37092900	c694b5fc
2	7	house_2/channel_7.dat	server_hdd	3213624220	3219093500	5469281	5469202	27661964	8bf08e13
2	8	house_2/channel_8.dat	kettle	3219093501	3224534257	5440757	5440678	27290910	a20f7280
2	9	house_2/channel_9.dat	rice_cooker	3224534376	3229822336	5287961	5287882	27082425	d17e1a56
2	10	house_2/channel_10.dat	running_machine	3119623316	3124977121	5353806	5353726	27310140	372e9be3
2	11	house_2/channel_11.dat	laptop2	3124977237	3129933198	4955962	4955882	24737458	d1582a32
2	12	house_2/channel_12.dat	washing_machine	3129933351	3134490561	4557211	4557131	21963591	917264ad
2	13	house_2/channel_13.dat	dish_washer	3134490562	3138959278	4468717	4468637	22068632	b3d29173
2	14	house_2/channel_14.dat	fridge	3138959394	3143754523	4795130	4795050	23652533	ffe250cd
2	15	house_2/channel_15.dat	microwave	3143754639	3148032991	4278353	4278273	21951783	753efcb1
2	16	house_2/channel_16.dat	toaster	3148032992	3152543137	4510146	4510066	21910377	69e6b42a
2	17	house_2/channel_17.dat	playstation	3152543138	3156892056	4348919	4348839	21931065	07604155
2	18	house_2/channel_18.dat	modem	3156892252	3161162107	4269856	4269776	21826710	34169781
2	19	house_2/channel_19.dat	cooker	3161162285	3165404947	4242663	4242583	21840763	76c93a8b
3	2	house_3/channel_2.dat	kettle	3342427790	3343739276	1311487	1311408	6709416	d26e7e9b
3	3	house_3/channel_3.dat	electric_heater	3343739277	3345073977	1334701	1334622	6789461	411f28c4
3	4	house_3/channel_4.dat	laptop	3345073978	3346479754	1405777	1405698	6832612	d6582276
3	5	house_3/channel_5.dat	projector	3346479755	3347831319	1351565	1351486	6815682	76374d6b
4	2	house_4/channel_2.dat	tv_dvd_digibox_lamp	3356061076	3361982015	5920940	5920861	30190067	7fc14e25
4	3	house_4/channel_3.dat	kettle_radio	3361982016	3367698707	5716692	5716613	28280985	40fbe321
4	4	house_4/channel_4.dat	gas_boiler	3367698708	3373616388	5917681	5917602	29520059	34ed859c
4	5	house_4/channel_5.dat	freezer	3373616389	3379578994	5962606	5962527	29429954	71bcb3e1
4	6	house_4/channel_6.dat	washing_machine_microwave_breadmaker	3379578995	3385220411	5641417	5641338	28471027	b07dd318
5	2	house_5/channel_2.dat	stereo_speakers_bedroom	3442800237	3445259585	2459349	2459270	12803488	78478588
5	3	house_5/channel_3.dat	i7_desktop	3445259808	3451224260	5964453	5964374	25943475	62cc1fe0
5	4	house_5/channel_4.dat	hairdryer	3451224261	3456202450	4978190	4978111	24118320	3f4a9eee
5	5	house_5/channel_5.dat	primary_tv	3456202593	3461130240	4927648	4927569	24084551	d298cee0
5	6	house_5/channel_6.dat	24_inch_lcd_bedroom	3461130387	3465816762	4686376	4686297	24212294	551a0c18
5	7	house_5/channel_7.dat	treadmill	3465816940	3470591223	4774284	4774205	24102178	e9ec897a
5	8	house_5/channel_8.dat	network_attached_storage	3470591224	3473376670	2785447	2785368	13799119	afb5eb86
5	9	house_5/channel_9.dat	core2_server	3473377401	3478935830	5558430	5558351	25603322	c91cb484
5	10	house_5/channel_10.dat	24_inch_lcd	3385220584	3387817061	2596478	2596398	13127973	35b4b6e3
5	11	house_5/channel_11.dat	PS4	3387817176	3387843149	25974	25894	132795	2aee9960
5	12	house_5/channel_12.dat	steam_iron	3387843264	3390305362	2462099	2462019	12816479	7c38b3c3
5	13	house_5/channel_13.dat	nespresso_pixie	3390305478	3392917879	2612402	2612322	12817241	2e0462c6
5	14	house_5/channel_14.dat	atom_pc	3392917880	3395715161	2797282	2797202	13803972	3ec8e664
5	15	house_5/channel_15.dat	toaster	3395715162	3398299872	2584711	2584631	12817833	de9086f9
5	16	house_5/channel_16.dat	home_theatre_amp	3398299988	3401018251	2718264	2718184	13758339	d0d11f32
5	17	house_5/channel_17.dat	sky_hd_box	3401018376	3403740871	2722496	2722416	13655025	d751851c
5	18	house_5/channel_18.dat	kettle	3403740872	3406219281	2478410	2478330	12827032	a963c9a0
5	19	house_5/channel_19.dat	fridge_freezer	3406219282	3411377538	5158257	5158177	25271734	fbde1b58
5	20	house_5/channel_20.dat	oven	3418457028	3423228402	4771375	4771295	24489294	9cf68a33
5	21	house_5/channel_21.dat	electric_hob	3423228403	3427842043	4613641	4613561	23982832	03c76bfb
5	22	house_5/channel_22.dat	dishwasher	3427842044	3432481085	4639042	4638962	24250304	6cdcf1eb
5	23	house_5/channel_23.dat	microwave	3432481086	3437522429	5041344	5041264	25844199	fdd93194
5	24	house_5/channel_24.dat	washer_dryer	3437522430	3442596826	5074397	5074317	25859873	a1c1bb6b
5	25	house_5/channel_25.dat	vacuum_cleaner	3442596942	3442800123	203182	203102	1039137	3e8970bb
