healpix	group	url	file_bytes	last_modified	etag	primary_header_bytes	primary_header_sha256	arm	extname	header_offset	header_bytes	header_sha256	data_offset	naxis1	naxis2	data_bytes	datasum
5	0	https://data.desi.lbl.gov/public/dr1/spectro/redux/iron/healpix/main/dark/0/5/coadd-main-dark-5.fits	238498560	Mon, 30 Jan 2023 07:24:23 GMT	63d770a7-e373300	5760	31b9e1b2d1376cdaeacebee5e3f6f8258cd9b6aae03a4a07c651205747e6c6f8	B	B_FLUX	313920	2880	398ff719b18557baed83f5b5a01b622556314e1332da5ed655d72051aaecc85f	316800	2751	534	5876136	1215194008
5	0	https://data.desi.lbl.gov/public/dr1/spectro/redux/iron/healpix/main/dark/0/5/coadd-main-dark-5.fits	238498560	Mon, 30 Jan 2023 07:24:23 GMT	63d770a7-e373300	5760	31b9e1b2d1376cdaeacebee5e3f6f8258cd9b6aae03a4a07c651205747e6c6f8	R	R_FLUX	82621440	2880	b799774814137da1ff5f4e5ed7b7ed41f36d7947c8f9c429a1f5eec2c419b924	82624320	2326	534	4968336	3078563863
5	0	https://data.desi.lbl.gov/public/dr1/spectro/redux/iron/healpix/main/dark/0/5/coadd-main-dark-5.fits	238498560	Mon, 30 Jan 2023 07:24:23 GMT	63d770a7-e373300	5760	31b9e1b2d1376cdaeacebee5e3f6f8258cd9b6aae03a4a07c651205747e6c6f8	Z	Z_FLUX	152228160	2880	41c158030440e0b05518938712a47033eb6b5c922d7a73bde8d23eebe305b78b	152231040	2881	534	6153816	537481724
810	8	https://data.desi.lbl.gov/public/dr1/spectro/redux/iron/healpix/main/dark/8/810/coadd-main-dark-810.fits	153711360	Mon, 30 Jan 2023 07:28:08 GMT	63d77188-9297300	8640	6d4a0e6e9fa520f9a82f87f81bcd6dc0bed625cd445be1edb2d2cfb5043531b0	B	B_FLUX	230400	2880	beaa04b4fa4edf54c8614f3370456e51e0e588b0e0d0c397e83b631666b54182	233280	2751	344	3785376	3140191851
810	8	https://data.desi.lbl.gov/public/dr1/spectro/redux/iron/healpix/main/dark/8/810/coadd-main-dark-810.fits	153711360	Mon, 30 Jan 2023 07:28:08 GMT	63d77188-9297300	8640	6d4a0e6e9fa520f9a82f87f81bcd6dc0bed625cd445be1edb2d2cfb5043531b0	R	R_FLUX	53268480	2880	4c5785f5d3e634c20e7fe436fb4a97975f4c102aa2da1fa9cef81942da3b442a	53271360	2326	344	3200576	4231177625
810	8	https://data.desi.lbl.gov/public/dr1/spectro/redux/iron/healpix/main/dark/8/810/coadd-main-dark-810.fits	153711360	Mon, 30 Jan 2023 07:28:08 GMT	63d77188-9297300	8640	6d4a0e6e9fa520f9a82f87f81bcd6dc0bed625cd445be1edb2d2cfb5043531b0	Z	Z_FLUX	98124480	2880	e1d06f7aebc8ea7162632cedd1699a994d648576f083322eb1246ad664ebd099	98127360	2881	344	3964256	4152835560
4171	41	https://data.desi.lbl.gov/public/dr1/spectro/redux/iron/healpix/main/dark/41/4171/coadd-main-dark-4171.fits	185857920	Mon, 30 Jan 2023 07:39:05 GMT	63d77419-b13f780	8640	5472b06e9725fdfe16ceb9142f7d2c4fa5064de591408c540fd0790956bcd0ce	B	B_FLUX	285120	2880	e094119fea33825bf582125cec31dec497598d202d1780cc2256c4d16d6e43f7	288000	2751	416	4577664	646131370
4171	41	https://data.desi.lbl.gov/public/dr1/spectro/redux/iron/healpix/main/dark/41/4171/coadd-main-dark-4171.fits	185857920	Mon, 30 Jan 2023 07:39:05 GMT	63d77419-b13f780	8640	5472b06e9725fdfe16ceb9142f7d2c4fa5064de591408c540fd0790956bcd0ce	R	R_FLUX	64414080	2880	0e26b1886a4fa732ca8a24c646dd795a26b1fd81e3af89012f940d7daffcfaa6	64416960	2326	416	3870464	518847274
4171	41	https://data.desi.lbl.gov/public/dr1/spectro/redux/iron/healpix/main/dark/41/4171/coadd-main-dark-4171.fits	185857920	Mon, 30 Jan 2023 07:39:05 GMT	63d77419-b13f780	8640	5472b06e9725fdfe16ceb9142f7d2c4fa5064de591408c540fd0790956bcd0ce	Z	Z_FLUX	118644480	2880	d015bfd2f38831eb96e5458c3bd0e16b5191583b7eebbd8a5c815ffd83562d14	118647360	2881	416	4793984	955168188
4673	46	https://data.desi.lbl.gov/public/dr1/spectro/redux/iron/healpix/main/dark/46/4673/coadd-main-dark-4673.fits	219830400	Mon, 30 Jan 2023 07:47:26 GMT	63d7760e-d1a5880	8640	aa86a3d37bb6d5124852d6717d860b874da3fcb14601e0160b167eedaea33b88	B	B_FLUX	377280	2880	9b8604b09e5e375ab12f687e9858efc7edf85388a63a837fe35b4e1b6fa48ce1	380160	2751	492	5413968	4260823052
4673	46	https://data.desi.lbl.gov/public/dr1/spectro/redux/iron/healpix/main/dark/46/4673/coadd-main-dark-4673.fits	219830400	Mon, 30 Jan 2023 07:47:26 GMT	63d7760e-d1a5880	8640	aa86a3d37bb6d5124852d6717d860b874da3fcb14601e0160b167eedaea33b88	R	R_FLUX	76210560	2880	2d00e5b12b7a2659722e152ae8ec058c05a9c66ccd5db828714cd6608df432be	76213440	2326	492	4577568	468544188
4673	46	https://data.desi.lbl.gov/public/dr1/spectro/redux/iron/healpix/main/dark/46/4673/coadd-main-dark-4673.fits	219830400	Mon, 30 Jan 2023 07:47:26 GMT	63d7760e-d1a5880	8640	aa86a3d37bb6d5124852d6717d860b874da3fcb14601e0160b167eedaea33b88	Z	Z_FLUX	140342400	2880	641e0ac36bfc4f764bd1618b039198037480ed08b8bb7a5e146f9eeed1664481	140345280	2881	492	5669808	3915362974
5200	52	https://data.desi.lbl.gov/public/dr1/spectro/redux/iron/healpix/main/dark/52/5200/coadd-main-dark-5200.fits	195644160	Mon, 30 Jan 2023 07:57:08 GMT	63d77854-ba94b00	5760	f2eecda5a22067fd57ae006d220ca37d7420f53dd37d12e09e121607e463a582	B	B_FLUX	267840	2880	9c20a11f19a5b2060f16ab3239f933ce70aae75013a988cba365e3ab01375f75	270720	2751	438	4819752	3801068328
5200	52	https://data.desi.lbl.gov/public/dr1/spectro/redux/iron/healpix/main/dark/52/5200/coadd-main-dark-5200.fits	195644160	Mon, 30 Jan 2023 07:57:08 GMT	63d77854-ba94b00	5760	f2eecda5a22067fd57ae006d220ca37d7420f53dd37d12e09e121607e463a582	R	R_FLUX	67783680	2880	83c2cae47137fe1f730aa97b2316df3b78b952048ad629b4165717d0de612b3d	67786560	2326	438	4075152	3069255617
5200	52	https://data.desi.lbl.gov/public/dr1/spectro/redux/iron/healpix/main/dark/52/5200/coadd-main-dark-5200.fits	195644160	Mon, 30 Jan 2023 07:57:08 GMT	63d77854-ba94b00	5760	f2eecda5a22067fd57ae006d220ca37d7420f53dd37d12e09e121607e463a582	Z	Z_FLUX	124876800	2880	b2f0ed4851b4f80fb8ff32af3a027cb4f8a3fa8315cefd1eab9480b98973f362	124879680	2881	438	5047512	1831114518
5904	59	https://data.desi.lbl.gov/public/dr1/spectro/redux/iron/healpix/main/dark/59/5904/coadd-main-dark-5904.fits	181874880	Tue, 31 Jan 2023 04:21:49 GMT	63d8975d-ad730c0	8640	6e6f611d35a8a96e40a9d8701659d88f86308563fbad8cb55ca49e81cbe6b143	B	B_FLUX	311040	2880	2d62dd80c008c6fa8da9f5436fd77d09120068784fa188c824fc685606460b3e	313920	2751	407	4478628	3756390046
5904	59	https://data.desi.lbl.gov/public/dr1/spectro/redux/iron/healpix/main/dark/59/5904/coadd-main-dark-5904.fits	181874880	Tue, 31 Jan 2023 04:21:49 GMT	63d8975d-ad730c0	8640	6e6f611d35a8a96e40a9d8701659d88f86308563fbad8cb55ca49e81cbe6b143	R	R_FLUX	63054720	2880	2fd7795a7715bb140c2fee01ba22a6bfcc86d928225cac4a1525d5916e6c3ef4	63057600	2326	407	3786728	3442692702
5904	59	https://data.desi.lbl.gov/public/dr1/spectro/redux/iron/healpix/main/dark/59/5904/coadd-main-dark-5904.fits	181874880	Tue, 31 Jan 2023 04:21:49 GMT	63d8975d-ad730c0	8640	6e6f611d35a8a96e40a9d8701659d88f86308563fbad8cb55ca49e81cbe6b143	Z	Z_FLUX	116112960	2880	95480430a33fc0b571b66817d6eb33633b19037f3b3d7cb1ceee96fdc781c340	116115840	2881	407	4690268	1589607338
6500	65	https://data.desi.lbl.gov/public/dr1/spectro/redux/iron/healpix/main/dark/65/6500/coadd-main-dark-6500.fits	125625600	Mon, 30 Jan 2023 07:51:54 GMT	63d7771a-77ce500	8640	d55f8c1f70c5279d487a51d4276cb8d8caa4a5e6fab2ce8007e32afa32dbafb3	B	B_FLUX	239040	2880	64d16b5433e5943614beedceadae0e7234110a9b9ab4c4b912b98ae0a466f179	241920	2751	281	3092124	4283089920
6500	65	https://data.desi.lbl.gov/public/dr1/spectro/redux/iron/healpix/main/dark/65/6500/coadd-main-dark-6500.fits	125625600	Mon, 30 Jan 2023 07:51:54 GMT	63d7771a-77ce500	8640	d55f8c1f70c5279d487a51d4276cb8d8caa4a5e6fab2ce8007e32afa32dbafb3	R	R_FLUX	43568640	2880	28e77b499589455c7f882c8395bf27f715bacba9884d9f112fa7be98f28c95b1	43571520	2326	281	2614424	2780771565
6500	65	https://data.desi.lbl.gov/public/dr1/spectro/redux/iron/healpix/main/dark/65/6500/coadd-main-dark-6500.fits	125625600	Mon, 30 Jan 2023 07:51:54 GMT	63d7771a-77ce500	8640	d55f8c1f70c5279d487a51d4276cb8d8caa4a5e6fab2ce8007e32afa32dbafb3	Z	Z_FLUX	80213760	2880	3f456531073914cfb07699cc0029b0f2502fd954004302fb02a262617a52984a	80216640	2881	281	3238244	3545974357
7105	71	https://data.desi.lbl.gov/public/dr1/spectro/redux/iron/healpix/main/dark/71/7105/coadd-main-dark-7105.fits	112642560	Tue, 31 Jan 2023 03:58:04 GMT	63d891cc-6b6ca00	5760	001008679e46470977afed2f93c661ddc52990582310fe506e988d9ced5b1cc3	B	B_FLUX	178560	2880	32a093e64f0f432f709ca459571e6795fd2252a9faca23ebf3b8a45eb4c418a3	181440	2751	252	2773008	3902738265
7105	71	https://data.desi.lbl.gov/public/dr1/spectro/redux/iron/healpix/main/dark/71/7105/coadd-main-dark-7105.fits	112642560	Tue, 31 Jan 2023 03:58:04 GMT	63d891cc-6b6ca00	5760	001008679e46470977afed2f93c661ddc52990582310fe506e988d9ced5b1cc3	R	R_FLUX	39038400	2880	17fcd70758590b6e42cd9f1a14fadc2ca5ba7f946f0f5340cd837522b6b87123	39041280	2326	252	2344608	3548735000
7105	71	https://data.desi.lbl.gov/public/dr1/spectro/redux/iron/healpix/main/dark/71/7105/coadd-main-dark-7105.fits	112642560	Tue, 31 Jan 2023 03:58:04 GMT	63d891cc-6b6ca00	5760	001008679e46470977afed2f93c661ddc52990582310fe506e988d9ced5b1cc3	Z	Z_FLUX	71913600	2880	5aa2a291b0cac460388c5c93d8dfde6faa71dcdee306a2717c2c1fcfcadc399d	71916480	2881	252	2904048	1565181889
7805	78	https://data.desi.lbl.gov/public/dr1/spectro/redux/iron/healpix/main/dark/78/7805/coadd-main-dark-7805.fits	210006720	Mon, 30 Jan 2023 08:14:42 GMT	63d77c72-c8472c0	8640	95ad7bdc0d4b4752a915d20fb20e00986197531863400a25b5f8b6b60b5fdd88	B	B_FLUX	360000	2880	d5b638a224c8cd3caf0d83c7fa75643045223640ff45c0a1ec161299a289fc61	362880	2751	470	5171880	1529102128
7805	78	https://data.desi.lbl.gov/public/dr1/spectro/redux/iron/healpix/main/dark/78/7805/coadd-main-dark-7805.fits	210006720	Mon, 30 Jan 2023 08:14:42 GMT	63d77c72-c8472c0	8640	95ad7bdc0d4b4752a915d20fb20e00986197531863400a25b5f8b6b60b5fdd88	R	R_FLUX	72803520	2880	e6cac629b8a405a8bc8b380a01cb1dbe16a1f0d179a5e442fda5d1ce06aa189d	72806400	2326	470	4372880	1399835853
7805	78	https://data.desi.lbl.gov/public/dr1/spectro/redux/iron/healpix/main/dark/78/7805/coadd-main-dark-7805.fits	210006720	Mon, 30 Jan 2023 08:14:42 GMT	63d77c72-c8472c0	8640	95ad7bdc0d4b4752a915d20fb20e00986197531863400a25b5f8b6b60b5fdd88	Z	Z_FLUX	134069760	2880	99e810ce4d22fe8a51f3ad1c075cfdef9810da1c940a5f5efa8d01bf1d2c75df	134072640	2881	470	5416280	3814583063
8400	84	https://data.desi.lbl.gov/public/dr1/spectro/redux/iron/healpix/main/dark/84/8400/coadd-main-dark-8400.fits	139898880	Mon, 30 Jan 2023 08:21:16 GMT	63d77dfc-856b000	8640	b996897d60140f128cc91aa3e5978a584be14dd42f08a941328d47d89fb2fbe6	B	B_FLUX	244800	2880	340c172bdaca50f5806c8131845deafb87b8ebc9e49790ceb961e5293d58e0e2	247680	2751	313	3444252	4002847943
8400	84	https://data.desi.lbl.gov/public/dr1/spectro/redux/iron/healpix/main/dark/84/8400/coadd-main-dark-8400.fits	139898880	Mon, 30 Jan 2023 08:21:16 GMT	63d77dfc-856b000	8640	b996897d60140f128cc91aa3e5978a584be14dd42f08a941328d47d89fb2fbe6	R	R_FLUX	48502080	2880	486ee9eed7d149b4ebbbf2fa2c652def8a06ac2998121196ae70a356bf1576c8	48504960	2326	313	2912152	721237106
8400	84	https://data.desi.lbl.gov/public/dr1/spectro/redux/iron/healpix/main/dark/84/8400/coadd-main-dark-8400.fits	139898880	Mon, 30 Jan 2023 08:21:16 GMT	63d77dfc-856b000	8640	b996897d60140f128cc91aa3e5978a584be14dd42f08a941328d47d89fb2fbe6	Z	Z_FLUX	89320320	2880	9838f3db65f48e4df0f733893cac88ff3cdc827fa0e4a3185c62305f71dbbd65	89323200	2881	313	3607012	427647897
9001	90	https://data.desi.lbl.gov/public/dr1/spectro/redux/iron/healpix/main/dark/90/9001/coadd-main-dark-9001.fits	132272640	Mon, 30 Jan 2023 08:43:08 GMT	63d7831c-7e25200	5760	7ec368c1e049baefe653c0e875c501e3c06510092c38f8736634ae775732aeea	B	B_FLUX	198720	2880	da62f202ec657153b15f5216d84c99e5500a48c858b2d58d856d5991603cc770	201600	2751	296	3257184	90829378
9001	90	https://data.desi.lbl.gov/public/dr1/spectro/redux/iron/healpix/main/dark/90/9001/coadd-main-dark-9001.fits	132272640	Mon, 30 Jan 2023 08:43:08 GMT	63d7831c-7e25200	5760	7ec368c1e049baefe653c0e875c501e3c06510092c38f8736634ae775732aeea	R	R_FLUX	45835200	2880	9f06b7c173b6cfac3529722544e60f3637c4e85263b21a8479fd6b14ac5416f1	45838080	2326	296	2753984	2476315467
9001	90	https://data.desi.lbl.gov/public/dr1/spectro/redux/iron/healpix/main/dark/90/9001/coadd-main-dark-9001.fits	132272640	Mon, 30 Jan 2023 08:43:08 GMT	63d7831c-7e25200	5760	7ec368c1e049baefe653c0e875c501e3c06510092c38f8736634ae775732aeea	Z	Z_FLUX	84438720	2880	ccfb057eb9c67ba192de210c16a91b8d2839d62d964b03ed772b003e6487c313	84441600	2881	296	3411104	1753070591
9700	97	https://data.desi.lbl.gov/public/dr1/spectro/redux/iron/healpix/main/dark/97/9700/coadd-main-dark-9700.fits	113532480	Mon, 30 Jan 2023 08:51:45 GMT	63d78521-6c45e40	5760	0e9a2cb2afbdfe79bbbf815466155849879ce0c735afb351c4fa22d2be52d62f	B	B_FLUX	178560	2880	e55970d392c62188fe088dccaced97966af0d50585d6b9d647eb00dc5c7ff50e	181440	2751	254	2795016	2261716639
9700	97	https://data.desi.lbl.gov/public/dr1/spectro/redux/iron/healpix/main/dark/97/9700/coadd-main-dark-9700.fits	113532480	Mon, 30 Jan 2023 08:51:45 GMT	63d78521-6c45e40	5760	0e9a2cb2afbdfe79bbbf815466155849879ce0c735afb351c4fa22d2be52d62f	R	R_FLUX	39349440	2880	0aa04a14213b12c8a65a7233d786667742b1716c7f7fbc90fce0b767e4f0e9dd	39352320	2326	254	2363216	774044344
9700	97	https://data.desi.lbl.gov/public/dr1/spectro/redux/iron/healpix/main/dark/97/9700/coadd-main-dark-9700.fits	113532480	Mon, 30 Jan 2023 08:51:45 GMT	63d78521-6c45e40	5760	0e9a2cb2afbdfe79bbbf815466155849879ce0c735afb351c4fa22d2be52d62f	Z	Z_FLUX	72480960	2880	676f8a8a100e235aab8134befc826bb44b6c138f2af54a681ad4356409349c9b	72483840	2881	254	2927096	3807612765
10309	103	https://data.desi.lbl.gov/public/dr1/spectro/redux/iron/healpix/main/dark/103/10309/coadd-main-dark-10309.fits	232695360	Mon, 30 Jan 2023 09:18:51 GMT	63d78b7b-ddea640	5760	316cdc89c8599fb5f866619f50407ef0734a7c83bcb648467bb00c61f54b2a05	B	B_FLUX	308160	2880	bcd0f6609817eae0338ae75d08267472a90b8b62a86305f659a6de6b65c21ce3	311040	2751	521	5733084	2923672704
10309	103	https://data.desi.lbl.gov/public/dr1/spectro/redux/iron/healpix/main/dark/103/10309/coadd-main-dark-10309.fits	232695360	Mon, 30 Jan 2023 09:18:51 GMT	63d78b7b-ddea640	5760	316cdc89c8599fb5f866619f50407ef0734a7c83bcb648467bb00c61f54b2a05	R	R_FLUX	80611200	2880	314ccb71f4844695591cf15b9bea1fae509d25c7a0bcaede2fc785dbe0a401cb	80614080	2326	521	4847384	763293423
10309	103	https://data.desi.lbl.gov/public/dr1/spectro/redux/iron/healpix/main/dark/103/10309/coadd-main-dark-10309.fits	232695360	Mon, 30 Jan 2023 09:18:51 GMT	63d78b7b-ddea640	5760	316cdc89c8599fb5f866619f50407ef0734a7c83bcb648467bb00c61f54b2a05	Z	Z_FLUX	148524480	2880	f452f7f608c5cce4844394fe7b58dcab8062878da5c6e14707960d11b6c1f7ea	148527360	2881	521	6004004	357633286
10907	109	https://data.desi.lbl.gov/public/dr1/spectro/redux/iron/healpix/main/dark/109/10907/coadd-main-dark-10907.fits	112193280	Mon, 30 Jan 2023 09:38:56 GMT	63d79030-6afef00	5760	21b3bdfa5863c13d2ae8288372eff52b6bcb1222a2b538ca1f4519929a6e0738	B	B_FLUX	178560	2880	8e52d044538d85393433f732d8894e4e67400c12d93e04b19d7aee6617b371f0	181440	2751	251	2762004	288809810
10907	109	https://data.desi.lbl.gov/public/dr1/spectro/redux/iron/healpix/main/dark/109/10907/coadd-main-dark-10907.fits	112193280	Mon, 30 Jan 2023 09:38:56 GMT	63d79030-6afef00	5760	21b3bdfa5863c13d2ae8288372eff52b6bcb1222a2b538ca1f4519929a6e0738	R	R_FLUX	38891520	2880	f65174e56b6c98f477c36a9e1f615928f247ff3e2a9c3bcefeb4caae8ee438b7	38894400	2326	251	2335304	3126965401
10907	109	https://data.desi.lbl.gov/public/dr1/spectro/redux/iron/healpix/main/dark/109/10907/coadd-main-dark-10907.fits	112193280	Mon, 30 Jan 2023 09:38:56 GMT	63d79030-6afef00	5760	21b3bdfa5863c13d2ae8288372eff52b6bcb1222a2b538ca1f4519929a6e0738	Z	Z_FLUX	71628480	2880	fa6243d40316e2c3a05ac2de97fefbcca6e2e208711ee6d608670abddb83efd2	71631360	2881	251	2892524	1046306836
12327	123	https://data.desi.lbl.gov/public/dr1/spectro/redux/iron/healpix/main/dark/123/12327/coadd-main-dark-12327.fits	210084480	Mon, 30 Jan 2023 09:58:40 GMT	63d794d0-c85a280	8640	784b6c05cb57b8f2784bad6e6e195f1a58c719d01c71b1fff9495dbfac47684c	B	B_FLUX	437760	2880	44597ad2ad643cfdc19650db64ff601e00a2c2947e9ecdfea7f22f31cf91cc9c	440640	2751	470	5171880	3241994561
12327	123	https://data.desi.lbl.gov/public/dr1/spectro/redux/iron/healpix/main/dark/123/12327/coadd-main-dark-12327.fits	210084480	Mon, 30 Jan 2023 09:58:40 GMT	63d794d0-c85a280	8640	784b6c05cb57b8f2784bad6e6e195f1a58c719d01c71b1fff9495dbfac47684c	R	R_FLUX	72881280	2880	12e5c7aa8796777bbcd48dd6e7b73c63c2fd9abd90be44148165e6ec5723cc7a	72884160	2326	470	4372880	548217798
12327	123	https://data.desi.lbl.gov/public/dr1/spectro/redux/iron/healpix/main/dark/123/12327/coadd-main-dark-12327.fits	210084480	Mon, 30 Jan 2023 09:58:40 GMT	63d794d0-c85a280	8640	784b6c05cb57b8f2784bad6e6e195f1a58c719d01c71b1fff9495dbfac47684c	Z	Z_FLUX	134147520	2880	c7d4d8bedccd12779e18694f7473a3c43de06dc55783ef73c0bc046979f9f975	134150400	2881	470	5416280	4026577546
13312	133	https://data.desi.lbl.gov/public/dr1/spectro/redux/iron/healpix/main/dark/133/13312/coadd-main-dark-13312.fits	149241600	Mon, 30 Jan 2023 09:57:59 GMT	63d794a7-8e53f00	5760	903911cdd3ab2058fa995f1e27a71a64cc4f11fd883533acde152c5356c179cd	B	B_FLUX	216000	2880	6a09105341b7e56335c2ed816a8bbb3c975357541e786b73cf5e7cfa33de96e6	218880	2751	334	3675336	844259456
13312	133	https://data.desi.lbl.gov/public/dr1/spectro/redux/iron/healpix/main/dark/133/13312/coadd-main-dark-13312.fits	149241600	Mon, 30 Jan 2023 09:57:59 GMT	63d794a7-8e53f00	5760	903911cdd3ab2058fa995f1e27a71a64cc4f11fd883533acde152c5356c179cd	R	R_FLUX	51713280	2880	c36a186539fb795ef4c5e5cd1ca40b8c6c6c8b3ccae826b38e7cb25859278ab3	51716160	2326	334	3107536	2933117310
13312	133	https://data.desi.lbl.gov/public/dr1/spectro/redux/iron/healpix/main/dark/133/13312/coadd-main-dark-13312.fits	149241600	Mon, 30 Jan 2023 09:57:59 GMT	63d794a7-8e53f00	5760	903911cdd3ab2058fa995f1e27a71a64cc4f11fd883533acde152c5356c179cd	Z	Z_FLUX	95270400	2880	0e7c711f0ce9f22b9a7bc574f75bbd56719356e93de9521163a0a64d95fb5a83	95273280	2881	334	3849016	417956550
15231	152	https://data.desi.lbl.gov/public/dr1/spectro/redux/iron/healpix/main/dark/152/15231/coadd-main-dark-15231.fits	112236480	Mon, 30 Jan 2023 10:17:25 GMT	63d79935-6b097c0	8640	376e16e3d4e2193689b9143297a044dfcdeef6d32a83cd9b80da2a0c56b9fedf	B	B_FLUX	221760	2880	d1c28ef59974232400f087660397d4c1831b2820ce3915ed779dba8ea34aa971	224640	2751	251	2762004	673071338
15231	152	https://data.desi.lbl.gov/public/dr1/spectro/redux/iron/healpix/main/dark/152/15231/coadd-main-dark-15231.fits	112236480	Mon, 30 Jan 2023 10:17:25 GMT	63d79935-6b097c0	8640	376e16e3d4e2193689b9143297a044dfcdeef6d32a83cd9b80da2a0c56b9fedf	R	R_FLUX	38934720	2880	be6b0268d65bc234dd433f30a6ced5a3c580daf5d3780077d8717b954c12fa17	38937600	2326	251	2335304	2507670914
15231	152	https://data.desi.lbl.gov/public/dr1/spectro/redux/iron/healpix/main/dark/152/15231/coadd-main-dark-15231.fits	112236480	Mon, 30 Jan 2023 10:17:25 GMT	63d79935-6b097c0	8640	376e16e3d4e2193689b9143297a044dfcdeef6d32a83cd9b80da2a0c56b9fedf	Z	Z_FLUX	71671680	2880	1d878826f2e23ef49acf7780aad64c1ef3d21fa9bb408fa02a68f8b500d7262b	71674560	2881	251	2892524	1344963721
17203	172	https://data.desi.lbl.gov/public/dr1/spectro/redux/iron/healpix/main/dark/172/17203/coadd-main-dark-17203.fits	219746880	Mon, 30 Jan 2023 10:23:52 GMT	63d79ab8-d191240	5760	9a30af6cdb8b1c1fae1a2dd9f64082267ca88b224e399a686bd3f7cc9284ae5b	B	B_FLUX	293760	2880	4eaa20c57086830b955cfe44df206f5e8d3119b8f23c688566e171ef52bbb617	296640	2751	492	5413968	3226803547
17203	172	https://data.desi.lbl.gov/public/dr1/spectro/redux/iron/healpix/main/dark/172/17203/coadd-main-dark-17203.fits	219746880	Mon, 30 Jan 2023 10:23:52 GMT	63d79ab8-d191240	5760	9a30af6cdb8b1c1fae1a2dd9f64082267ca88b224e399a686bd3f7cc9284ae5b	R	R_FLUX	76127040	2880	83c49a25c8592639223ef943be646998242eb93e4bb887eb0e24de3f525cdded	76129920	2326	492	4577568	3984946601
17203	172	https://data.desi.lbl.gov/public/dr1/spectro/redux/iron/healpix/main/dark/172/17203/coadd-main-dark-17203.fits	219746880	Mon, 30 Jan 2023 10:23:52 GMT	63d79ab8-d191240	5760	9a30af6cdb8b1c1fae1a2dd9f64082267ca88b224e399a686bd3f7cc9284ae5b	Z	Z_FLUX	140258880	2880	ce39cef1b103b58d7a632a1e6ab4c6e847e68dbb29c2523b0dd352bb59d0cbe2	140261760	2881	492	5669808	1519149578
17803	178	https://data.desi.lbl.gov/public/dr1/spectro/redux/iron/healpix/main/dark/178/17803/coadd-main-dark-17803.fits	197881920	Mon, 30 Jan 2023 10:55:34 GMT	63d7a226-bcb7040	8640	ef36586d0c554676c665ab795918df079a00fce41f6a94743183918d077cfdff	B	B_FLUX	270720	2880	7a18b70188f516fe4bc694f432a3e203214d6ac8d796acb4739f631c98dcc886	273600	2751	443	4874772	784584489
17803	178	https://data.desi.lbl.gov/public/dr1/spectro/redux/iron/healpix/main/dark/178/17803/coadd-main-dark-17803.fits	197881920	Mon, 30 Jan 2023 10:55:34 GMT	63d7a226-bcb7040	8640	ef36586d0c554676c665ab795918df079a00fce41f6a94743183918d077cfdff	R	R_FLUX	68555520	2880	769d4e606d13fc003174e1a72d22bcbfdb4594dba9e771bf4b27a99951689616	68558400	2326	443	4121672	1805739458
17803	178	https://data.desi.lbl.gov/public/dr1/spectro/redux/iron/healpix/main/dark/178/17803/coadd-main-dark-17803.fits	197881920	Mon, 30 Jan 2023 10:55:34 GMT	63d7a226-bcb7040	8640	ef36586d0c554676c665ab795918df079a00fce41f6a94743183918d077cfdff	Z	Z_FLUX	126308160	2880	bd987bca32ce6ea54f062922c30078621b78c7dff550c3fc40da1d8e23ddd9cb	126311040	2881	443	5105132	382138527
18500	185	https://data.desi.lbl.gov/public/dr1/spectro/redux/iron/healpix/main/dark/185/18500/coadd-main-dark-18500.fits	208146240	Mon, 30 Jan 2023 11:54:00 GMT	63d7afd8-c680f40	5760	c5f0c20e01de29a0c107be2f2e481a8afe5a921df06583be3a0aa224dbcdf0d7	B	B_FLUX	282240	2880	1056a325fdb929d481549888ee62fd01af36befb3046d8844422c0cd70592df2	285120	2751	466	5127864	417194234
18500	185	https://data.desi.lbl.gov/public/dr1/spectro/redux/iron/healpix/main/dark/185/18500/coadd-main-dark-18500.fits	208146240	Mon, 30 Jan 2023 11:54:00 GMT	63d7afd8-c680f40	5760	c5f0c20e01de29a0c107be2f2e481a8afe5a921df06583be3a0aa224dbcdf0d7	R	R_FLUX	72112320	2880	1e6fe7ee9e810bcb3335970c5d4b15ce8196fe074037997bb3cd91472ca09efb	72115200	2326	466	4335664	3783578778
18500	185	https://data.desi.lbl.gov/public/dr1/spectro/redux/iron/healpix/main/dark/185/18500/coadd-main-dark-18500.fits	208146240	Mon, 30 Jan 2023 11:54:00 GMT	63d7afd8-c680f40	5760	c5f0c20e01de29a0c107be2f2e481a8afe5a921df06583be3a0aa224dbcdf0d7	Z	Z_FLUX	132857280	2880	0c70e4fa596c3154c9cdf4f58ab3dae02de5c228ac0d5a49cebac2a6100efb11	132860160	2881	466	5370184	2882351401
19122	191	https://data.desi.lbl.gov/public/dr1/spectro/redux/iron/healpix/main/dark/191/19122/coadd-main-dark-19122.fits	230912640	Mon, 30 Jan 2023 12:37:24 GMT	63d7ba04-dc37280	8640	d0fb31850a214ef950c1c013cdd587b808fac09595a8f088bd1efdbc880132b6	B	B_FLUX	308160	2880	e0f6583ee4fd1acf93ced0eb9a30b265223fea9fbc1a11684066aa93697bb692	311040	2751	517	5689068	2055335396
19122	191	https://data.desi.lbl.gov/public/dr1/spectro/redux/iron/healpix/main/dark/191/19122/coadd-main-dark-19122.fits	230912640	Mon, 30 Jan 2023 12:37:24 GMT	63d7ba04-dc37280	8640	d0fb31850a214ef950c1c013cdd587b808fac09595a8f088bd1efdbc880132b6	R	R_FLUX	79997760	2880	83665c0ddcf95b00a23e0b3a01185844a1f6eace2fb4fcf3721977746d03b395	80000640	2326	517	4810168	1744705560
19122	191	https://data.desi.lbl.gov/public/dr1/spectro/redux/iron/healpix/main/dark/191/19122/coadd-main-dark-19122.fits	230912640	Mon, 30 Jan 2023 12:37:24 GMT	63d7ba04-dc37280	8640	d0fb31850a214ef950c1c013cdd587b808fac09595a8f088bd1efdbc880132b6	Z	Z_FLUX	147389760	2880	c6842e8b0dccda760e0ef14d8639a46e1958f4135fdafd5e4d2bc2441504262e	147392640	2881	517	5957908	2289347102
19705	197	https://data.desi.lbl.gov/public/dr1/spectro/redux/iron/healpix/main/dark/197/19705/coadd-main-dark-19705.fits	207250560	Tue, 31 Jan 2023 04:45:29 GMT	63d89ce9-c5a6480	8640	5f543ef556770e3321fa1fa7d3d01c6ad4ee086f03532a5ed55e20f86a9feb22	B	B_FLUX	285120	2880	c89ebfa5460d3fe2f64c97be08623becc470fbf49d68dd1fc3b398fd34288fac	288000	2751	464	5105856	4153374719
19705	197	https://data.desi.lbl.gov/public/dr1/spectro/redux/iron/healpix/main/dark/197/19705/coadd-main-dark-19705.fits	207250560	Tue, 31 Jan 2023 04:45:29 GMT	63d89ce9-c5a6480	8640	5f543ef556770e3321fa1fa7d3d01c6ad4ee086f03532a5ed55e20f86a9feb22	R	R_FLUX	71804160	2880	ce6f3b4d1753929c2186bced1ae8c6c037ba85bb3dd40396b8c23c08ee304740	71807040	2326	464	4317056	3331899393
19705	197	https://data.desi.lbl.gov/public/dr1/spectro/redux/iron/healpix/main/dark/197/19705/coadd-main-dark-19705.fits	207250560	Tue, 31 Jan 2023 04:45:29 GMT	63d89ce9-c5a6480	8640	5f543ef556770e3321fa1fa7d3d01c6ad4ee086f03532a5ed55e20f86a9feb22	Z	Z_FLUX	132284160	2880	dfb9026488125cc45d9b990396e86c1762f4076bcaa3d550e8eb2ad9689b3038	132287040	2881	464	5347136	4252887319
21777	217	https://data.desi.lbl.gov/public/dr1/spectro/redux/iron/healpix/main/dark/217/21777/coadd-main-dark-21777.fits	111758400	Tue, 31 Jan 2023 04:13:58 GMT	63d89586-6a94c40	8640	474e8e1c0744ed89e72e2bd83c0bddb1163f7da37efe977e0269eb8156c89d0b	B	B_FLUX	187200	2880	f5ed21a63794d45c3bb927ac6933b6065072b8935498c861a25bdae0b75d65a3	190080	2751	250	2751000	4101103851
21777	217	https://data.desi.lbl.gov/public/dr1/spectro/redux/iron/healpix/main/dark/217/21777/coadd-main-dark-21777.fits	111758400	Tue, 31 Jan 2023 04:13:58 GMT	63d89586-6a94c40	8640	474e8e1c0744ed89e72e2bd83c0bddb1163f7da37efe977e0269eb8156c89d0b	R	R_FLUX	38744640	2880	ea4f9cbb4eb072e2e12203964d700cce37a280c51c3ca848ecddba7c6ad72b32	38747520	2326	250	2326000	265708837
21777	217	https://data.desi.lbl.gov/public/dr1/spectro/redux/iron/healpix/main/dark/217/21777/coadd-main-dark-21777.fits	111758400	Tue, 31 Jan 2023 04:13:58 GMT	63d89586-6a94c40	8640	474e8e1c0744ed89e72e2bd83c0bddb1163f7da37efe977e0269eb8156c89d0b	Z	Z_FLUX	71354880	2880	78238fb8dd41bbdc25ae12f75f419e7878419fba43c82ee0bd5f670dc5dee3a5	71357760	2881	250	2881000	2824389162
22530	225	https://data.desi.lbl.gov/public/dr1/spectro/redux/iron/healpix/main/dark/225/22530/coadd-main-dark-22530.fits	196542720	Tue, 31 Jan 2023 04:21:36 GMT	63d89750-bb70100	5760	80b8e3be8c6d2023646a7353e1fbe77e9e5d3f2e4a2d852c069538af123668f8	B	B_FLUX	267840	2880	9e8031ce8a78d1d4e6001dc286726d13ca1471fc357d8d4107ef715ac20a06ca	270720	2751	440	4841760	41727152
22530	225	https://data.desi.lbl.gov/public/dr1/spectro/redux/iron/healpix/main/dark/225/22530/coadd-main-dark-22530.fits	196542720	Tue, 31 Jan 2023 04:21:36 GMT	63d89750-bb70100	5760	80b8e3be8c6d2023646a7353e1fbe77e9e5d3f2e4a2d852c069538af123668f8	R	R_FLUX	68094720	2880	868f34350bf5e8b0c166d75b89ced913a142736b72985c8ab7a5ecf34f3ccc6c	68097600	2326	440	4093760	2061556791
22530	225	https://data.desi.lbl.gov/public/dr1/spectro/redux/iron/healpix/main/dark/225/22530/coadd-main-dark-22530.fits	196542720	Tue, 31 Jan 2023 04:21:36 GMT	63d89750-bb70100	5760	80b8e3be8c6d2023646a7353e1fbe77e9e5d3f2e4a2d852c069538af123668f8	Z	Z_FLUX	125452800	2880	7883a761820be31b4848c72acd7bca268c17cca61feb6f6ec35e99e2045cf6f2	125455680	2881	440	5070560	3732823644
23058	230	https://data.desi.lbl.gov/public/dr1/spectro/redux/iron/healpix/main/dark/230/23058/coadd-main-dark-23058.fits	155520000	Mon, 30 Jan 2023 13:41:38 GMT	63d7c912-9450c00	8640	8a0587825c8552742ca1ab465d3075c8794fdefc173286e4586d4aecceb056aa	B	B_FLUX	259200	2880	259479992bdb0bb2159a6b07303ffe5d43dbf5c23c74432eaab6ba51ea63c46f	262080	2751	348	3829392	387034002
23058	230	https://data.desi.lbl.gov/public/dr1/spectro/redux/iron/healpix/main/dark/230/23058/coadd-main-dark-23058.fits	155520000	Mon, 30 Jan 2023 13:41:38 GMT	63d7c912-9450c00	8640	8a0587825c8552742ca1ab465d3075c8794fdefc173286e4586d4aecceb056aa	R	R_FLUX	53910720	2880	fc73d492d561f9c05c296593f33301b867e1cd9a8e6da4727829dc8ae5ec5aad	53913600	2326	348	3237792	2728476648
23058	230	https://data.desi.lbl.gov/public/dr1/spectro/redux/iron/healpix/main/dark/230/23058/coadd-main-dark-23058.fits	155520000	Mon, 30 Jan 2023 13:41:38 GMT	63d7c912-9450c00	8640	8a0587825c8552742ca1ab465d3075c8794fdefc173286e4586d4aecceb056aa	Z	Z_FLUX	99288000	2880	b916715a96fe204ed1ba6c05fa34582926e4c01075426629d1e9ee2c61c8f673	99290880	2881	348	4010352	3564689987
25701	257	https://data.desi.lbl.gov/public/dr1/spectro/redux/iron/healpix/main/dark/257/25701/coadd-main-dark-25701.fits	165807360	Mon, 30 Jan 2023 13:51:23 GMT	63d7cb5b-9e20500	8640	0a05ab7caa5d4e3e8d45512180eaa9cc6144586aa1d0f84bea3e36ce05ec4b63	B	B_FLUX	296640	2880	2d7bcc5c99a679c7a10f4b8b30d06bd55a37ec8346facc3ba0fbd304b8ad8bb7	299520	2751	371	4082484	2939160828
25701	257	https://data.desi.lbl.gov/public/dr1/spectro/redux/iron/healpix/main/dark/257/25701/coadd-main-dark-25701.fits	165807360	Mon, 30 Jan 2023 13:51:23 GMT	63d7cb5b-9e20500	8640	0a05ab7caa5d4e3e8d45512180eaa9cc6144586aa1d0f84bea3e36ce05ec4b63	R	R_FLUX	57490560	2880	760d77d72467b60e4d4814de98cb2865ac91bdafc002d554640db2e1fa3c7fba	57493440	2326	371	3451784	488000436
25701	257	https://data.desi.lbl.gov/public/dr1/spectro/redux/iron/healpix/main/dark/257/25701/coadd-main-dark-25701.fits	165807360	Mon, 30 Jan 2023 13:51:23 GMT	63d7cb5b-9e20500	8640	0a05ab7caa5d4e3e8d45512180eaa9cc6144586aa1d0f84bea3e36ce05ec4b63	Z	Z_FLUX	105860160	2880	cf555be7f139d21fd38521dcf6e2d1896782e4d62072836ba419dc45d17e4f3a	105863040	2881	371	4275404	3590950019
26356	263	https://data.desi.lbl.gov/public/dr1/spectro/redux/iron/healpix/main/dark/263/26356/coadd-main-dark-26356.fits	243132480	Mon, 30 Jan 2023 14:15:49 GMT	63d7d115-e7de840	8640	2170f92015fcc0861ff05ba6bba3a242ca8d44e355b38aa0e2558fb8bab9e472	B	B_FLUX	495360	2880	86d613a9228bd5a3d62ae4e0ca77ea8017396175ffc0886b4d5a0194b70d1dcb	498240	2751	544	5986176	284567805
26356	263	https://data.desi.lbl.gov/public/dr1/spectro/redux/iron/healpix/main/dark/263/26356/coadd-main-dark-26356.fits	243132480	Mon, 30 Jan 2023 14:15:49 GMT	63d7d115-e7de840	8640	2170f92015fcc0861ff05ba6bba3a242ca8d44e355b38aa0e2558fb8bab9e472	R	R_FLUX	84340800	2880	c8d08b7155f0e72a85aefb902838d21e9bb39e7e581bf76f7d85544488ddd11f	84343680	2326	544	5061376	1418967806
26356	263	https://data.desi.lbl.gov/public/dr1/spectro/redux/iron/healpix/main/dark/263/26356/coadd-main-dark-26356.fits	243132480	Mon, 30 Jan 2023 14:15:49 GMT	63d7d115-e7de840	8640	2170f92015fcc0861ff05ba6bba3a242ca8d44e355b38aa0e2558fb8bab9e472	Z	Z_FLUX	155246400	2880	43bb54fcbfdf54bc50782343f03a015b086fce2557d250e39c4d159a8f5737af	155249280	2881	544	6269056	1536979805
27102	271	https://data.desi.lbl.gov/public/dr1/spectro/redux/iron/healpix/main/dark/271/27102/coadd-main-dark-27102.fits	164859840	Mon, 30 Jan 2023 14:39:57 GMT	63d7d6bd-9d38fc0	8640	b3f830c6ee7938616860d784fa7c6b1dcd5e3f160a096f7cd1e146ba8c4e9949	B	B_FLUX	239040	2880	8124aca526740e68c1b65ca6651271ae637f3183fbef68310a972390d0c2d38a	241920	2751	369	4060476	3345557926
27102	271	https://data.desi.lbl.gov/public/dr1/spectro/redux/iron/healpix/main/dark/271/27102/coadd-main-dark-27102.fits	164859840	Mon, 30 Jan 2023 14:39:57 GMT	63d7d6bd-9d38fc0	8640	b3f830c6ee7938616860d784fa7c6b1dcd5e3f160a096f7cd1e146ba8c4e9949	R	R_FLUX	57121920	2880	610a0faeeaa480b736ef868b7c297fbb24b927dc709a080539c4c3646807c644	57124800	2326	369	3433176	3486880479
27102	271	https://data.desi.lbl.gov/public/dr1/spectro/redux/iron/healpix/main/dark/271/27102/coadd-main-dark-27102.fits	164859840	Mon, 30 Jan 2023 14:39:57 GMT	63d7d6bd-9d38fc0	8640	b3f830c6ee7938616860d784fa7c6b1dcd5e3f160a096f7cd1e146ba8c4e9949	Z	Z_FLUX	105235200	2880	0be872e380b6733dcae9b65a6b2a80b4182837edf4fce6756245f636fe4d65f4	105238080	2881	369	4252356	2295754579
27744	277	https://data.desi.lbl.gov/public/dr1/spectro/redux/iron/healpix/main/dark/277/27744/coadd-main-dark-27744.fits	186730560	Mon, 30 Jan 2023 16:19:38 GMT	63d7ee1a-b214840	5760	d807f024e01e3de19ecc0f014cd97768935435d5c6cf4dfb9d7ac8bf7f13e2c2	B	B_FLUX	259200	2880	9bc2fb03477f6b503b67f3445a542c4e632024ff7f4953f69dc39b4e21fc4cbe	262080	2751	418	4599672	922513554
27744	277	https://data.desi.lbl.gov/public/dr1/spectro/redux/iron/healpix/main/dark/277/27744/coadd-main-dark-27744.fits	186730560	Mon, 30 Jan 2023 16:19:38 GMT	63d7ee1a-b214840	5760	d807f024e01e3de19ecc0f014cd97768935435d5c6cf4dfb9d7ac8bf7f13e2c2	R	R_FLUX	64699200	2880	59ea8c0625b5afc540f10982e844f43fc60b4f159d63f1e04abc826a1d3a108e	64702080	2326	418	3889072	1466717630
27744	277	https://data.desi.lbl.gov/public/dr1/spectro/redux/iron/healpix/main/dark/277/27744/coadd-main-dark-27744.fits	186730560	Mon, 30 Jan 2023 16:19:38 GMT	63d7ee1a-b214840	5760	d807f024e01e3de19ecc0f014cd97768935435d5c6cf4dfb9d7ac8bf7f13e2c2	Z	Z_FLUX	119194560	2880	3fdf5cb39fa5445be99e0911799b314d80593e7648fed90461591a48bdc4bf7a	119197440	2881	418	4817032	1647498926
28300	283	https://data.desi.lbl.gov/public/dr1/spectro/redux/iron/healpix/main/dark/283/28300/coadd-main-dark-28300.fits	158158080	Mon, 30 Jan 2023 16:23:29 GMT	63d7ef01-96d4d00	5760	8e653d5ce7cff093c43b72daf46b922ec14f7a318b90788ce6a713828a0d1757	B	B_FLUX	224640	2880	46793432371f18b23913ff18fdfdb601d6d6fa5597d9a150d9c633dce49633bf	227520	2751	354	3895416	4028814740
28300	283	https://data.desi.lbl.gov/public/dr1/spectro/redux/iron/healpix/main/dark/283/28300/coadd-main-dark-28300.fits	158158080	Mon, 30 Jan 2023 16:23:29 GMT	63d7ef01-96d4d00	5760	8e653d5ce7cff093c43b72daf46b922ec14f7a318b90788ce6a713828a0d1757	R	R_FLUX	54800640	2880	3c5d54429cae7001bbf49987b162286aeaad39cd03885afc352db9b02b6910c9	54803520	2326	354	3293616	693945223
28300	283	https://data.desi.lbl.gov/public/dr1/spectro/redux/iron/healpix/main/dark/283/28300/coadd-main-dark-28300.fits	158158080	Mon, 30 Jan 2023 16:23:29 GMT	63d7ef01-96d4d00	5760	8e653d5ce7cff093c43b72daf46b922ec14f7a318b90788ce6a713828a0d1757	Z	Z_FLUX	100955520	2880	8f005ae4089cdd56ad151239cf142bf16d9950897f8f03527e1785647e5fd970	100958400	2881	354	4079496	4574120
30972	309	https://data.desi.lbl.gov/public/dr1/spectro/redux/iron/healpix/main/dark/309/30972/coadd-main-dark-30972.fits	186353280	Tue, 31 Jan 2023 03:52:56 GMT	63d89098-b1b8680	8640	67b4c8d4fef5215f5ffbbbe84527165bccdb18d74e79636e5644f2ad9572cd7a	B	B_FLUX	328320	2880	6a21236f07b7629094a3684f39686643f576af084ab05a66cfeaf3f08b0bede5	331200	2751	417	4588668	2067574054
30972	309	https://data.desi.lbl.gov/public/dr1/spectro/redux/iron/healpix/main/dark/309/30972/coadd-main-dark-30972.fits	186353280	Tue, 31 Jan 2023 03:52:56 GMT	63d89098-b1b8680	8640	67b4c8d4fef5215f5ffbbbe84527165bccdb18d74e79636e5644f2ad9572cd7a	R	R_FLUX	64612800	2880	1ff5c21984c33749796d11eacf97e2539812d567fb02a644a5ddf25acedd56d3	64615680	2326	417	3879768	3429137178
30972	309	https://data.desi.lbl.gov/public/dr1/spectro/redux/iron/healpix/main/dark/309/30972/coadd-main-dark-30972.fits	186353280	Tue, 31 Jan 2023 03:52:56 GMT	63d89098-b1b8680	8640	67b4c8d4fef5215f5ffbbbe84527165bccdb18d74e79636e5644f2ad9572cd7a	Z	Z_FLUX	118978560	2880	b7a5336412e0df2529e91aeb7a6f08bdcef0454943db3cad4a490de2918727c7	118981440	2881	417	4805508	1408046231
31600	316	https://data.desi.lbl.gov/public/dr1/spectro/redux/iron/healpix/main/dark/316/31600/coadd-main-dark-31600.fits	232243200	Mon, 30 Jan 2023 16:54:07 GMT	63d7f62f-dd7c000	8640	db9677918700138b302f42f4f0d8bc33b8340922ea50fba95bef996d9d0d4f33	B	B_FLUX	311040	2880	7197748d1abc4118267364557698f7566166d73dd01413d7097c73167f6515dd	313920	2751	520	5722080	3106671569
31600	316	https://data.desi.lbl.gov/public/dr1/spectro/redux/iron/healpix/main/dark/316/31600/coadd-main-dark-31600.fits	232243200	Mon, 30 Jan 2023 16:54:07 GMT	63d7f62f-dd7c000	8640	db9677918700138b302f42f4f0d8bc33b8340922ea50fba95bef996d9d0d4f33	R	R_FLUX	80458560	2880	b281906c6e55ba1642fa8fd6e4fd04f5649edc9edac55931a8523fe0623c60c8	80461440	2326	520	4838080	765744824
31600	316	https://data.desi.lbl.gov/public/dr1/spectro/redux/iron/healpix/main/dark/316/31600/coadd-main-dark-31600.fits	232243200	Mon, 30 Jan 2023 16:54:07 GMT	63d7f62f-dd7c000	8640	db9677918700138b302f42f4f0d8bc33b8340922ea50fba95bef996d9d0d4f33	Z	Z_FLUX	148233600	2880	3cc4cef6aefc4d454340c9402bbe5151d241e4deb337afef52716900296934bc	148236480	2881	520	5992480	176926423
32500	325	https://data.desi.lbl.gov/public/dr1/spectro/redux/iron/healpix/main/dark/325/32500/coadd-main-dark-32500.fits	232240320	Mon, 30 Jan 2023 17:11:32 GMT	63d7fa44-dd7b4c0	5760	3a7dcc8a98be332b15153964ffdb5eeb13a2273103cfe4aa4aed86551a745052	B	B_FLUX	308160	2880	8fb28faf5c88f91106b6e7aaa08c6213851b05a523100c84eaa1d1f770e93ddc	311040	2751	520	5722080	2744604581
32500	325	https://data.desi.lbl.gov/public/dr1/spectro/redux/iron/healpix/main/dark/325/32500/coadd-main-dark-32500.fits	232240320	Mon, 30 Jan 2023 17:11:32 GMT	63d7fa44-dd7b4c0	5760	3a7dcc8a98be332b15153964ffdb5eeb13a2273103cfe4aa4aed86551a745052	R	R_FLUX	80455680	2880	60ed08d331f5c7e710df8a84d49e5ed93dc9bce061759fb8a100ac3fd06e804b	80458560	2326	520	4838080	1883183830
32500	325	https://data.desi.lbl.gov/public/dr1/spectro/redux/iron/healpix/main/dark/325/32500/coadd-main-dark-32500.fits	232240320	Mon, 30 Jan 2023 17:11:32 GMT	63d7fa44-dd7b4c0	5760	3a7dcc8a98be332b15153964ffdb5eeb13a2273103cfe4aa4aed86551a745052	Z	Z_FLUX	148230720	2880	3a1e4343d4096fe3854cd1bff07148da51482e7e04a23b8990e87e97ade72e8c	148233600	2881	520	5992480	4176574019
36445	364	https://data.desi.lbl.gov/public/dr1/spectro/redux/iron/healpix/main/dark/364/36445/coadd-main-dark-36445.fits	219312000	Mon, 30 Jan 2023 17:35:41 GMT	63d7ffed-d126f80	5760	5e86f4ed19775d95841f0610925547ff043341d0212744dd612ed86f0dc30274	B	B_FLUX	293760	2880	43be2e43c9eb484330a2f91125cf6e46aa639e2d8b3efccfb4f9a070b3029853	296640	2751	491	5402964	1520732661
36445	364	https://data.desi.lbl.gov/public/dr1/spectro/redux/iron/healpix/main/dark/364/36445/coadd-main-dark-36445.fits	219312000	Mon, 30 Jan 2023 17:35:41 GMT	63d7ffed-d126f80	5760	5e86f4ed19775d95841f0610925547ff043341d0212744dd612ed86f0dc30274	R	R_FLUX	75980160	2880	557b2178e0aea920d1d90c08e01bdf1611a77dfd47fcf1f07e14041709344a2f	75983040	2326	491	4568264	38508833
36445	364	https://data.desi.lbl.gov/public/dr1/spectro/redux/iron/healpix/main/dark/364/36445/coadd-main-dark-36445.fits	219312000	Mon, 30 Jan 2023 17:35:41 GMT	63d7ffed-d126f80	5760	5e86f4ed19775d95841f0610925547ff043341d0212744dd612ed86f0dc30274	Z	Z_FLUX	139985280	2880	061f51d810e12896b78edfff2e5f54a4c45d29381c9e31ea364407c4537904d7	139988160	2881	491	5658284	3689013253
44923	449	https://data.desi.lbl.gov/public/dr1/spectro/redux/iron/healpix/main/dark/449/44923/coadd-main-dark-44923.fits	126573120	Mon, 30 Jan 2023 17:42:42 GMT	63d80192-78b5a40	8640	ef057de75e7cf4e30fc002b7506799f7e89b464efdf2f73ca6de35ffafd48581	B	B_FLUX	288000	2880	2db729835b817590cb9f9ddd744de0cade8b45dfd8a16f9e9a84aeccf0c33ec4	290880	2751	283	3114132	2952968524
44923	449	https://data.desi.lbl.gov/public/dr1/spectro/redux/iron/healpix/main/dark/449/44923/coadd-main-dark-44923.fits	126573120	Mon, 30 Jan 2023 17:42:42 GMT	63d80192-78b5a40	8640	ef057de75e7cf4e30fc002b7506799f7e89b464efdf2f73ca6de35ffafd48581	R	R_FLUX	43928640	2880	107f14e8c1946edda417ffc93bd7f8822461a036379953be1fdd1744ae8a3a30	43931520	2326	283	2633032	759326982
44923	449	https://data.desi.lbl.gov/public/dr1/spectro/redux/iron/healpix/main/dark/449/44923/coadd-main-dark-44923.fits	126573120	Mon, 30 Jan 2023 17:42:42 GMT	63d80192-78b5a40	8640	ef057de75e7cf4e30fc002b7506799f7e89b464efdf2f73ca6de35ffafd48581	Z	Z_FLUX	80838720	2880	3f80b505cdbc1932cb5c376d7b7579a92b75b8be6fd9663ee5ac7ea47e66b771	80841600	2881	283	3261292	3373191835
49100	491	https://data.desi.lbl.gov/public/dr1/spectro/redux/iron/healpix/main/dark/491/49100/coadd-main-dark-49100.fits	177793920	Mon, 30 Jan 2023 17:46:45 GMT	63d80285-a98eb80	5760	d07aed9e3acc721add2b558ff4d4daeb32a51da21b51b383d3b22750ebacaae7	B	B_FLUX	247680	2880	0e26ef4a23afc81a31b963e680462ea8b37606312d0129167d06061ab1c65468	250560	2751	398	4379592	158387357
49100	491	https://data.desi.lbl.gov/public/dr1/spectro/redux/iron/healpix/main/dark/491/49100/coadd-main-dark-49100.fits	177793920	Mon, 30 Jan 2023 17:46:45 GMT	63d80285-a98eb80	5760	d07aed9e3acc721add2b558ff4d4daeb32a51da21b51b383d3b22750ebacaae7	R	R_FLUX	61600320	2880	327ecdef68bb8ad1953047d8c32c6698289895d23c26dab534d690477db7edc4	61603200	2326	398	3702992	4046395947
49100	491	https://data.desi.lbl.gov/public/dr1/spectro/redux/iron/healpix/main/dark/491/49100/coadd-main-dark-49100.fits	177793920	Mon, 30 Jan 2023 17:46:45 GMT	63d80285-a98eb80	5760	d07aed9e3acc721add2b558ff4d4daeb32a51da21b51b383d3b22750ebacaae7	Z	Z_FLUX	113486400	2880	b5ec0494190e682ee812fa9a4c362a801696832980a9b992be95742398afa77b	113489280	2881	398	4586552	908108122
