ordinal	group	filename	file_bytes	sha256
1	1	v1294638283_1.qub	160256	d50046ee4832e415dc821affb75b8518d2aa4707363e8554ca8ebcb7c7513182
2	1	v1294638377_1.qub	160256	2e84946a4ddfcb8a84b74760fecf63c0a79afb1f14c8add4cb9b6b0625343cd2
3	1	v1294638472_1.qub	160256	eccc2a89683b0da86c30288bab3d31323a47ffd8fe00f8117d0ed202fc199a03
4	1	v1294638567_1.qub	160256	7283a83053f6c40f096cfb2d9e0c8bdfa48a554d1f9d96374b1b8c9ad07961b5
5	1	v1294638662_1.qub	160256	b6ccaf1419d5017bbbf68cedf8e03bdef1b2b5e3e5f8430b215c214b6c432c2c
6	1	v1294638756_1.qub	160256	e8ef7efb2223be74ec1f542b1e8e4b84f49bd54aa9f42d7dc49324d903ac2575
7	1	v1294638851_1.qub	160256	c25dfb88c1f4b33ef9d1f7c3c2579e7d21ae7e9f0baf76fe9411a140d8b76272
8	1	v1294638945_1.qub	160256	7e89689e80ae140b3ac3677da9baa11d1b4bc8fcf1557300ae54314b1baf6a6a
9	1	v1294639040_1.qub	160256	6958730c236f7df1ff916d6e0e79f8d60698c5498c9ca26d68d5227c6b653d51
10	1	v1294639134_1.qub	160256	18a68aa1e379b814fcb9f9b16e85ccbbabbe36ee12a6f325f063c64fa0c12a6d
11	1	v1294639229_1.qub	160256	812f62f1f0c22e8aaed4ff79b9584bc38cea764b602cf1a07584117aed660cd7
12	1	v1294639324_1.qub	160256	06c8ecadd003af6a853862a77789cda162c841d52fa2f299ee56cfc6842ad619
13	1	v1294639419_1.qub	160256	491aa199900102885e74d6b30d392be4c58777113879dc73b7717ad90504c705
14	1	v1294639514_1.qub	160256	8186efe223ed9aefd4475bfca1518fc0b8e09344604abcce6176159fc21e96e2
15	1	v1294639608_1.qub	160256	3276f0d171ce08d97155de353eb96877ef305c0e50c1b24a70b77f2b4c960183
16	1	v1294639703_1.qub	160256	c15d8be6bab1d8b444789d619bdb5bc7fbc2016155faaadbd0f0f43ae956c9f2
17	1	v1294639798_1.qub	160256	c44bf812058b9b038b8849307b05bac69535970f765b705cc78451ea65b67678
18	1	v1294639893_1.qub	160256	12c78123bc15a2d5e51a2a321392c284bde7955c6adc7dbaeaae14f81880c048
19	1	v1294639987_1.qub	160256	9ae2349a295b21d0d4d666c4ac9831a4d414d4d9a56b87be3bcebcd662af03c5
20	1	v1294640082_1.qub	160256	de6dca0ba38e93adcf6950becd1df6838f8ac10e157838be6def17a967e6da53
21	2	v1538944737_1.qub	3063808	d0f3c57a4b15cec5ef4dee46b1c60db66900b9cf4cdcd25e3f2164b6185075af
22	2	v1538946260_1.qub	3063808	d0c49d91e69e4adbed48b6599f8c56718cbe2bbb07d1ba197fce23749bf0f43b
23	2	v1538947783_1.qub	3063808	d9f605c053893dac7e3153c41e035ddc9dcd4a4d22c37fb995483accc7d20031
24	2	v1538949306_1.qub	3063808	bbe0309cb5314462d76fd9256926b57a27ea42d3a19acf89189581fdb6a890c7
25	2	v1538950829_1.qub	3063808	ee337c37b448bdd1fdd979398073d3be5dc68b6d4cc4696813b323eac4ddcd7b
26	2	v1538952352_1.qub	3063808	b8206b11753c617bf12dda55b60866d00f23626a7de0f1b6d532fa21aafe25d6
27	2	v1538953875_1.qub	3063808	6b409844bd242074e9d4854c9bcced8751157261c5ad1edee3886a60bfc13ffa
28	2	v1538955398_1.qub	3063808	149d77a71a039c288b964f7003fed8735a566aafd213187054fcf5187c790ab9
29	2	v1538956921_1.qub	3063808	b4f79f8e1dfdf7343569c3647f89c5b10c46353357b3e5c7424803f9c3e79625
30	2	v1538958444_1.qub	3063808	0826315001847fb35faca4158f4ac13315380c79102925769b8ce6771dfa7750
31	2	v1538959967_1.qub	3063808	6d06f4a7bbbfd60e18cc17dc7b9ff1f37b9849858e17506f440286220bcb85c2
32	2	v1538961490_1.qub	3063808	bb3cf4e11c3dcbe3aa312fa14337f88b588d57a60e7633de2f8b63280c979437
33	2	v1538963013_1.qub	3063808	76dd6af3116fa0ded6052c4eae46221bf85ff1426d159857cea783100e62f7e5
34	2	v1538964536_1.qub	3063808	22d13e01ab509f85e13cde2b3ade13f454431b47b5ef48f4bf334749a4295f8b
35	2	v1538966059_1.qub	3063808	6f8e6a05c7dc3d06528b86b9c8e5c4245c8305a195137847989f057a5768d74f
36	2	v1538967582_1.qub	3063808	34fb60e9c378f9dd662ca42dd20d9dbc713afa79928938c97e7b2e818fe05cf4
37	2	v1538969105_1.qub	3063808	8317213ae479adc0674f871c7b80c2efee0c70777a2bfabb2406251eb900b509
38	2	v1538970668_1.qub	2304000	91245bd9ac55edbf9502ea24c92a792176e1c8bd7c29b7cb301b0871de7290e4
39	2	v1539046765_1.qub	3063808	2c66f8a56dde16365ef91c8c3ce7e32c4fa0d99dda097e0aa2e8e5b0348ceebf
40	2	v1539049758_1.qub	3063808	becf37874c4e3004a561d47bc23cfd5b2e0529178a4c201bb21864f651ec6a51
41	3	v1590713040_1.qub	1232896	e9ed0b3df4f4d0459c09fa2cb83c7c83563ea8dcd8e4cd895531e9570fe3f071
42	3	v1590713594_3.qub	1233408	8f4208bd0b522beed2b2b55ec1a76b753a884d6c4ad5e774b26bbb088e3e1b0a
43	3	v1590726460_1.qub	1232896	7740e7086c29ad10ea68ced8653bc830e0462f60984d41563a957e2ccc6fced3
44	3	v1590728280_1.qub	1232896	694a09d9934aeff0efbb54f61116e72c299c7156ca8a2872eed2e7080c83c19b
45	3	v1590728835_1.qub	1232896	df8577a0623d207140ec6ec7df1e8bd90619e39ab5fd3f5fed173082182194a9
46	3	v1590729389_1.qub	1232896	30a80c2ca0c9d23917340aae2b3d090af8135f9893e694f8287b2cd1896903d9
47	3	v1590729944_1.qub	1232896	7364a5d6d98344af0c2c13ca4b7af1216b71c6fc00d90b34d1b16324dd279763
48	3	v1590730498_1.qub	1232896	e8966f192ffd1a485fc2655980be690500fc813adef511cf2993e81fa98d4ef5
49	3	v1590731053_1.qub	1232896	38114b639ef8f19b744ab7813c87c067c70cd39cb859a079bba312c662b6af3c
50	3	v1590731608_1.qub	1232896	64532621cc297bf211e1059cd9706f895a1e1b187a1a846c24a0f6261a320afc
51	3	v1590732162_3.qub	1233408	6ec44d7c668cb7942478447f33aaf79e0da0d5dfff6ef6dc17fad928f6357288
52	3	v1590732189_1.qub	1232896	b45736603f3f7b736b7fdd6766563814d59a85c71cef9cc18481793291bef90b
53	3	v1590733056_1.qub	1232896	87ffcd29dd39268ca7bb22e95634715802932352b37fe3b52085bd5ef9334e5f
54	3	v1590733922_3.qub	1233408	1a705bedea7c7f932f986916f32fc74c96231184e814efe996ba277cb0d325bd
55	3	v1590733966_1.qub	1232896	de79e36072dbf064ba6beed48f43f688a2d4c6935170a64b6a7ab05fa73275ce
56	3	v1590734833_1.qub	1232896	af556d46ae8a7db89de360572e2bb5f3402f1c9d3ff3c184f2f733b1b5cef45a
57	3	v1590735699_3.qub	1233408	f3a9d26ec412dfcec4f3cd727b6a7b050daa0ad0b7aca498ca2baeef5c589fd6
58	3	v1590735743_1.qub	1232896	5568124b95b4e7f2917398a0d03b3090896b00dd56de82576131d040e8118fb1
59	3	v1590737563_1.qub	1232896	51aa53cc3b8aa0044eb18649c2a788c4c2e498c4fff603b8fcd119521326de0e
60	3	v1590738118_1.qub	1232896	7d4405cd234212192e352210aad4d7dc4d46788205c844f2ec6131ba827385a0
61	4	v1641049788_1.qub	3063808	c60d24224a2709d1b7b459ed6605b200afdbdf2515a574356481a7287e5c6893
62	4	v1641051176_1.qub	3063808	21d443172a9a27b90ef869cf458a923c5d7abe563a70641a4e52de2c201db233
63	4	v1641052563_1.qub	3063808	7e9c4d2898e7555c0cca3f7766c8125eb23eeeba9a4fe5eb4bac2c049fc4204f
64	4	v1641053950_1.qub	3063808	f0acbaa9bc19e08d5c5b5d1663cfda3c5872c99d38426ea04894119a94cdcc79
65	4	v1641055337_1.qub	3063808	260a09015ed748728ba11fe28ce7c63e3915caa94cee946fac17a2c6d7b2c1ab
66	4	v1641056724_1.qub	3063808	581350add8eec0b61df426574ed71097ae385ad4284fddeb99cfa56f30186355
67	4	v1641058111_1.qub	3063808	83735decb0d4c763e74239113873c263130b482cada48c15d981ade64cc3aaa8
68	4	v1641059499_1.qub	3063808	54d617d375af642d26b3b5cd5aca71ffbd3978836f9e769182b8e36a312a2b06
69	4	v1641060886_1.qub	3063808	e6c731405d8d14e9242479fcc4f87a34eef6ced23e46c23859b2b546d897a104
70	4	v1641062273_1.qub	3063808	0036233100f249428d07a342158feded156ca203692b2481d416eb5555d942de
71	4	v1641063660_1.qub	3063808	7c62f2637dfb4fea864e264c7497f400f63e34b5671bd3717f804e5a3bcac611
72	4	v1641065047_6.qub	3064320	0fe99d72e56d85a678e04b2780ba704f0891dc5e4c9a7fbda1bfd8bbb77e3562
73	4	v1641211829_1.qub	3063808	94bdbe8725da635908fff2fb758c46449dcc6aa31d3d0a39ad589dc91fc127cf
74	4	v1641212011_1.qub	2326528	08ad001df5e85ed8a2d8057c33ee8cf097a7fa3eda33cc6df2362d813a385005
75	4	v1641213240_1.qub	3063808	2dd61c97dd071d283dd79f9e6ea1566f84aa31d9a55251240f118297e6817267
76	4	v1641213422_1.qub	2326528	4298a56e37284c287d8738b28b9cfb10c6bea0236f572831b32680545f487360
77	4	v1641214651_1.qub	3063808	15f3cc5868d6ea3fee3568fb5e4e3190f4acad7ed5b20e871f417af350b880a7
78	4	v1641214833_1.qub	2326528	87a9a94a6c3630e984640fb09159dbabb866dfeaf808033fabb35deac18e6d0a
79	4	v1641216062_1.qub	3063808	19be96082b1d4e6c8a94112b846fbd038a12c2dba34f6b296419f1c644cf24c9
80	4	v1641216244_1.qub	2326528	594be9cf32cf8cc45b92d80b88dc186096b11e0a553c5ce6a84eb646939b4c37
81	5	v1727787247_1.qub	806400	061ccd4262578bb6a2f6b25b8d7b2b1c7eac19d8807317c82126c1dc1e826a6b
82	5	v1727790943_1.qub	806400	4d692da78d026df4f612c61b46ef603082581653053ecf9d5fe383a8b6c58751
83	5	v1727848612_1.qub	806400	c6e7656e73ed391937a198e6b0f554bbcc4d46c7a6a93455bec4a28b28cbc766
84	5	v1727891726_1.qub	369152	4509de1fc72f23dceabb2732580f84f5b77a6176f84079ff811fcba2c89164d0
85	5	v1727891820_1.qub	369152	ecf73afb1a8730a03597959ddf56386ad5da4ef4482d6f68669fc4fe8d8c72e7
86	5	v1727893339_1.qub	369152	873daf7484c0164858715fe8e7c4cb33f1d47381b3a35a3996b4308bd8d813d9
87	5	v1727893433_1.qub	369152	5a8b4776fa4865eb57404475a435661f947fb7c5b261469f716a3c05fb3b9d37
88	5	v1727894959_1.qub	369152	46f11bb20d922f8dd768bd183185a06622bec582c2139f94eb51ccde8d939528
89	5	v1727895053_1.qub	369152	24d48581f8b9efe2b8e230f8c3ce42deaf1cead32d788c4e48d09a3bb3605fd3
90	5	v1727895831_1.qub	1751040	025788777975a1251afaadc5cb77cf86a95a00119992f4e9a5b442703ad463a3
91	5	v1727983022_1.qub	806400	0f882010f2c8eaca04bb628cb412d93ef9050f6e6b06f2e549d0fc659ef8d1bb
92	5	v1728016622_1.qub	806400	6798527941ce0d9534bb700859071f5e8b695f7a6a026ec861e7986cfdfb1ed1
93	5	v1728017029_1.qub	369152	ccd4e4fb4d461508c358e0d04484a9db28638c6a39a1194809e41eff1dc3727c
94	5	v1728017123_11.qub	369664	fe7254718326c7d11bddd6c5ba529f3bedc35539d70d141f2488b0e7dda39e24
95	5	v1728018596_1.qub	369152	26c2467634292d12b903acba6960447100863e569506b8da12c7fb8cd47aff4d
96	5	v1728018690_1.qub	369152	5db9bbb5d5faddfcdf75d2a8cee04d6a88c2b88437a9c2ecdfaaf0f55817415c
97	5	v1728020359_1.qub	369152	cc9d87f617ca733dca1de668dbe008f5281563230211c47d7db75747dd2594b6
98	5	v1728020453_1.qub	369152	96acb143fc48c814f6671920d4873c8a8dbd6707ad5f0b085a7c6f2153f92b14
99	5	v1728021109_1.qub	1751040	36fce5dabc8bfcb88fe2ce6876374c5b1627f59b7bc9f3977f2a286f4ff0adcc
100	5	v1728236338_1.qub	369152	259d5f0b3c913b73a6e4e6d5db6086b8893fcd891ca3afc79a816f290dbb73ca
101	6	v1775057905_1.qub	464384	c45888c138f76cdc69a59e5616e8fe94b2e7d39bfbc431bb5e4a2abfe85447f0
102	6	v1775058022_1.qub	464384	2afb52742fbb440218bbdcbbd907566de45ad63e1556fb65a0b60d86a1f9c1ae
103	6	v1775059180_1.qub	464384	60766005cea0f1ccc2e341a88c9d9c991bce0c193b208a52508ff7896d8d2109
104	6	v1775059297_1.qub	464384	2f023f0dec579742c6cc316284a0518f8ce15de6cd59550b0e4ff9f4ecf060c9
105	6	v1775060418_1.qub	464384	171a03e97a4ae6ccb3cebe058bc4f84e15d7487b18dbded3c4f7a82b5fcf2921
106	6	v1775060535_1.qub	464384	a73fd03f58603c9ce9e03f4ef556ceeb038e2b42d8655503e0dd211067f52c7a
107	6	v1775061985_1.qub	659968	1a8c1a2022f7957356b38f45c6b5a39ad8c6cd2db904bbbaf301c022414a82b4
108	6	v1775062195_1.qub	659968	1b3ae44a1ea03dd3a2449e718836b0e8b1eb8c448fa88eff82d2656394a87194
109	6	v1775064010_1.qub	3063808	67dd664539332a2a31b5efabdb9fe6cfe02af53cc8e40967d97f76964036f1c3
110	6	v1775068481_1.qub	3063808	be20803007ce45b0a1401223fb7fd45519c4050910834870782e09111cd13699
111	6	v1775070850_1.qub	3063808	b482e51716594c5683b6f7329c5aafb89df43bbb9852203c917201c52afb461e
112	6	v1775074470_1.qub	3063808	7cad8d0c01b41bc1a2c5b45edbede32c3ecdcacc1d22df7ca1af2a8a01826360
113	6	v1775078250_1.qub	3063808	165003365d44af16a7ef738dc1314abb5b64373b869c6833ceee28f395a0fbbf
114	6	v1775082730_1.qub	3063808	f6af0d02f98f5dd94fd7ba73d8329d109502d474bf257599f89244d42ceff720
115	6	v1775086590_1.qub	3063808	d9a29b9b4ab2decccebeeade6eeee4f949ed2902b1aa4cdba27969b2d3cdd6b7
116	6	v1775090590_1.qub	3063808	b24d52f4b8d40488f5079169c201d0789b1efe94d36cdb24e4269aa5f8d2d6f3
117	6	v1775094090_1.qub	3063808	4db5a6188917601a118909fb016ae1ab31fa6ed3b675ce08d856d695d5f1914c
118	6	v1775098610_1.qub	3063808	dabec4cca5c1b9cdd75691352225c12914cd13b7db4185138e343cb9c87683d5
119	6	v1775144111_1.qub	464384	561554cc7f41cd128f26cd2b0e88c888f773d06464a3c874ea2166a40a0e0ffa
120	6	v1775144228_1.qub	464384	372615775cd0e7be8fa577c2e25a2eb70c53e2aecf36b658e97362bdec37171c
