scene_name	camera_name	frame_id	kept_frames_in_camera	member_name	zip_url	zip_size_bytes	zip_last_modified
ai_001_001	cam_00	50	98	ai_001_001/images/scene_cam_00_geometry_hdf5/frame.0050.normal_cam.hdf5	https://docs-assets.developer.apple.com/ml-research/datasets/hypersim/v1/scenes/ai_001_001.zip	2249481604	Tue, 29 Dec 2020 00:53:57 GMT
ai_001_003	cam_00	50	100	ai_001_003/images/scene_cam_00_geometry_hdf5/frame.0050.normal_cam.hdf5	https://docs-assets.developer.apple.com/ml-research/datasets/hypersim/v1/scenes/ai_001_003.zip	2182211307	Tue, 29 Dec 2020 01:00:31 GMT
ai_001_005	cam_00	50	100	ai_001_005/images/scene_cam_00_geometry_hdf5/frame.0050.normal_cam.hdf5	https://docs-assets.developer.apple.com/ml-research/datasets/hypersim/v1/scenes/ai_001_005.zip	7728063956	Tue, 29 Dec 2020 01:00:31 GMT
ai_001_007	cam_00	50	100	ai_001_007/images/scene_cam_00_geometry_hdf5/frame.0050.normal_cam.hdf5	https://docs-assets.developer.apple.com/ml-research/datasets/hypersim/v1/scenes/ai_001_007.zip	2551215647	Tue, 29 Dec 2020 01:01:26 GMT
ai_001_010	cam_00	50	100	ai_001_010/images/scene_cam_00_geometry_hdf5/frame.0050.normal_cam.hdf5	https://docs-assets.developer.apple.com/ml-research/datasets/hypersim/v1/scenes/ai_001_010.zip	4553707484	Tue, 29 Dec 2020 01:02:38 GMT
ai_002_002	cam_00	50	100	ai_002_002/images/scene_cam_00_geometry_hdf5/frame.0050.normal_cam.hdf5	https://docs-assets.developer.apple.com/ml-research/datasets/hypersim/v1/scenes/ai_002_002.zip	2352295836	Tue, 29 Dec 2020 01:03:21 GMT
ai_002_004	cam_00	50	100	ai_002_004/images/scene_cam_00_geometry_hdf5/frame.0050.normal_cam.hdf5	https://docs-assets.developer.apple.com/ml-research/datasets/hypersim/v1/scenes/ai_002_004.zip	1628137754	Tue, 29 Dec 2020 01:03:54 GMT
ai_002_006	cam_00	50	100	ai_002_006/images/scene_cam_00_geometry_hdf5/frame.0050.normal_cam.hdf5	https://docs-assets.developer.apple.com/ml-research/datasets/hypersim/v1/scenes/ai_002_006.zip	1543160551	Tue, 29 Dec 2020 01:04:24 GMT
ai_002_009	cam_00	50	100	ai_002_009/images/scene_cam_00_geometry_hdf5/frame.0050.normal_cam.hdf5	https://docs-assets.developer.apple.com/ml-research/datasets/hypersim/v1/scenes/ai_002_009.zip	1235092356	Tue, 29 Dec 2020 01:04:56 GMT
ai_003_001	cam_00	50	100	ai_003_001/images/scene_cam_00_geometry_hdf5/frame.0050.normal_cam.hdf5	https://docs-assets.developer.apple.com/ml-research/datasets/hypersim/v1/scenes/ai_003_001.zip	2472436035	Tue, 29 Dec 2020 01:05:05 GMT
ai_003_004	cam_00	48	94	ai_003_004/images/scene_cam_00_geometry_hdf5/frame.0048.normal_cam.hdf5	https://docs-assets.developer.apple.com/ml-research/datasets/hypersim/v1/scenes/ai_003_004.zip	3540080729	Tue, 29 Dec 2020 01:05:32 GMT
ai_003_007	cam_00	50	100	ai_003_007/images/scene_cam_00_geometry_hdf5/frame.0050.normal_cam.hdf5	https://docs-assets.developer.apple.com/ml-research/datasets/hypersim/v1/scenes/ai_003_007.zip	4202832406	Tue, 29 Dec 2020 01:06:14 GMT
ai_003_009	cam_00	50	100	ai_003_009/images/scene_cam_00_geometry_hdf5/frame.0050.normal_cam.hdf5	https://docs-assets.developer.apple.com/ml-research/datasets/hypersim/v1/scenes/ai_003_009.zip	3198446406	Tue, 29 Dec 2020 01:07:09 GMT
ai_004_001	cam_00	50	100	ai_004_001/images/scene_cam_00_geometry_hdf5/frame.0050.normal_cam.hdf5	https://docs-assets.developer.apple.com/ml-research/datasets/hypersim/v1/scenes/ai_004_001.zip	6091149867	Tue, 29 Dec 2020 01:08:05 GMT
ai_004_003	cam_00	50	100	ai_004_003/images/scene_cam_00_geometry_hdf5/frame.0050.normal_cam.hdf5	https://docs-assets.developer.apple.com/ml-research/datasets/hypersim/v1/scenes/ai_004_003.zip	4678798915	Tue, 29 Dec 2020 01:08:34 GMT
ai_004_006	cam_00	50	100	ai_004_006/images/scene_cam_00_geometry_hdf5/frame.0050.normal_cam.hdf5	https://docs-assets.developer.apple.com/ml-research/datasets/hypersim/v1/scenes/ai_004_006.zip	5143354343	Tue, 29 Dec 2020 01:10:03 GMT
ai_004_008	cam_00	50	100	ai_004_008/images/scene_cam_00_geometry_hdf5/frame.0050.normal_cam.hdf5	https://docs-assets.developer.apple.com/ml-research/datasets/hypersim/v1/scenes/ai_004_008.zip	4581701432	Tue, 29 Dec 2020 01:10:42 GMT
ai_004_010	cam_00	75	50	ai_004_010/images/scene_cam_00_geometry_hdf5/frame.0075.normal_cam.hdf5	https://docs-assets.developer.apple.com/ml-research/datasets/hypersim/v1/scenes/ai_004_010.zip	2744534688	Tue, 29 Dec 2020 01:10:54 GMT
ai_005_004	cam_00	50	100	ai_005_004/images/scene_cam_00_geometry_hdf5/frame.0050.normal_cam.hdf5	https://docs-assets.developer.apple.com/ml-research/datasets/hypersim/v1/scenes/ai_005_004.zip	2326468436	Tue, 29 Dec 2020 01:12:30 GMT
ai_005_006	cam_00	50	100	ai_005_006/images/scene_cam_00_geometry_hdf5/frame.0050.normal_cam.hdf5	https://docs-assets.developer.apple.com/ml-research/datasets/hypersim/v1/scenes/ai_005_006.zip	1927553526	Tue, 29 Dec 2020 01:12:51 GMT
ai_005_008	cam_00	50	100	ai_005_008/images/scene_cam_00_geometry_hdf5/frame.0050.normal_cam.hdf5	https://docs-assets.developer.apple.com/ml-research/datasets/hypersim/v1/scenes/ai_005_008.zip	2215657229	Tue, 29 Dec 2020 01:13:25 GMT
ai_005_010	cam_00	50	100	ai_005_010/images/scene_cam_00_geometry_hdf5/frame.0050.normal_cam.hdf5	https://docs-assets.developer.apple.com/ml-research/datasets/hypersim/v1/scenes/ai_005_010.zip	2247205892	Tue, 29 Dec 2020 01:13:30 GMT
ai_006_003	cam_00	50	100	ai_006_003/images/scene_cam_00_geometry_hdf5/frame.0050.normal_cam.hdf5	https://docs-assets.developer.apple.com/ml-research/datasets/hypersim/v1/scenes/ai_006_003.zip	2367419054	Tue, 29 Dec 2020 01:14:18 GMT
ai_006_006	cam_00	52	58	ai_006_006/images/scene_cam_00_geometry_hdf5/frame.0052.normal_cam.hdf5	https://docs-assets.developer.apple.com/ml-research/datasets/hypersim/v1/scenes/ai_006_006.zip	2257265574	Tue, 29 Dec 2020 01:14:39 GMT
ai_006_008	cam_00	50	100	ai_006_008/images/scene_cam_00_geometry_hdf5/frame.0050.normal_cam.hdf5	https://docs-assets.developer.apple.com/ml-research/datasets/hypersim/v1/scenes/ai_006_008.zip	2434980235	Tue, 29 Dec 2020 01:15:20 GMT
ai_007_001	cam_00	50	100	ai_007_001/images/scene_cam_00_geometry_hdf5/frame.0050.normal_cam.hdf5	https://docs-assets.developer.apple.com/ml-research/datasets/hypersim/v1/scenes/ai_007_001.zip	4612374491	Tue, 29 Dec 2020 01:16:06 GMT
ai_007_004	cam_00	50	100	ai_007_004/images/scene_cam_00_geometry_hdf5/frame.0050.normal_cam.hdf5	https://docs-assets.developer.apple.com/ml-research/datasets/hypersim/v1/scenes/ai_007_004.zip	5790543924	Tue, 29 Dec 2020 01:16:20 GMT
ai_007_006	cam_00	54	66	ai_007_006/images/scene_cam_00_geometry_hdf5/frame.0054.normal_cam.hdf5	https://docs-assets.developer.apple.com/ml-research/datasets/hypersim/v1/scenes/ai_007_006.zip	2645195224	Tue, 29 Dec 2020 01:17:48 GMT
ai_007_008	cam_00	50	100	ai_007_008/images/scene_cam_00_geometry_hdf5/frame.0050.normal_cam.hdf5	https://docs-assets.developer.apple.com/ml-research/datasets/hypersim/v1/scenes/ai_007_008.zip	5188103372	Tue, 29 Dec 2020 01:18:27 GMT
ai_008_001	cam_00	50	100	ai_008_001/images/scene_cam_00_geometry_hdf5/frame.0050.normal_cam.hdf5	https://docs-assets.developer.apple.com/ml-research/datasets/hypersim/v1/scenes/ai_008_001.zip	8900610709	Tue, 29 Dec 2020 01:19:00 GMT
ai_008_003	cam_00	50	100	ai_008_003/images/scene_cam_00_geometry_hdf5/frame.0050.normal_cam.hdf5	https://docs-assets.developer.apple.com/ml-research/datasets/hypersim/v1/scenes/ai_008_003.zip	5563021580	Tue, 29 Dec 2020 01:20:27 GMT
ai_008_005	cam_00	50	100	ai_008_005/images/scene_cam_00_geometry_hdf5/frame.0050.normal_cam.hdf5	https://docs-assets.developer.apple.com/ml-research/datasets/hypersim/v1/scenes/ai_008_005.zip	4795733930	Tue, 29 Dec 2020 01:21:12 GMT
ai_008_008	cam_00	50	100	ai_008_008/images/scene_cam_00_geometry_hdf5/frame.0050.normal_cam.hdf5	https://docs-assets.developer.apple.com/ml-research/datasets/hypersim/v1/scenes/ai_008_008.zip	4018785067	Tue, 29 Dec 2020 01:22:59 GMT
ai_008_010	cam_00	50	100	ai_008_010/images/scene_cam_00_geometry_hdf5/frame.0050.normal_cam.hdf5	https://docs-assets.developer.apple.com/ml-research/datasets/hypersim/v1/scenes/ai_008_010.zip	2340074236	Tue, 29 Dec 2020 01:23:21 GMT
ai_009_002	cam_00	50	100	ai_009_002/images/scene_cam_00_geometry_hdf5/frame.0050.normal_cam.hdf5	https://docs-assets.developer.apple.com/ml-research/datasets/hypersim/v1/scenes/ai_009_002.zip	2285021263	Tue, 29 Dec 2020 01:23:58 GMT
ai_009_004	cam_00	50	100	ai_009_004/images/scene_cam_00_geometry_hdf5/frame.0050.normal_cam.hdf5	https://docs-assets.developer.apple.com/ml-research/datasets/hypersim/v1/scenes/ai_009_004.zip	1977168510	Tue, 29 Dec 2020 01:24:23 GMT
ai_009_007	cam_00	50	100	ai_009_007/images/scene_cam_00_geometry_hdf5/frame.0050.normal_cam.hdf5	https://docs-assets.developer.apple.com/ml-research/datasets/hypersim/v1/scenes/ai_009_007.zip	2001056244	Tue, 29 Dec 2020 01:25:00 GMT
ai_009_009	cam_00	50	100	ai_009_009/images/scene_cam_00_geometry_hdf5/frame.0050.normal_cam.hdf5	https://docs-assets.developer.apple.com/ml-research/datasets/hypersim/v1/scenes/ai_009_009.zip	2854951109	Tue, 29 Dec 2020 01:25:21 GMT
ai_010_002	cam_00	50	100	ai_010_002/images/scene_cam_00_geometry_hdf5/frame.0050.normal_cam.hdf5	https://docs-assets.developer.apple.com/ml-research/datasets/hypersim/v1/scenes/ai_010_002.zip	1943279334	Tue, 29 Dec 2020 01:25:47 GMT
ai_010_005	cam_00	50	100	ai_010_005/images/scene_cam_00_geometry_hdf5/frame.0050.normal_cam.hdf5	https://docs-assets.developer.apple.com/ml-research/datasets/hypersim/v1/scenes/ai_010_005.zip	1808242409	Tue, 29 Dec 2020 01:26:32 GMT
ai_010_007	cam_00	50	100	ai_010_007/images/scene_cam_00_geometry_hdf5/frame.0050.normal_cam.hdf5	https://docs-assets.developer.apple.com/ml-research/datasets/hypersim/v1/scenes/ai_010_007.zip	1644923808	Tue, 29 Dec 2020 01:26:39 GMT
ai_010_009	cam_00	50	100	ai_010_009/images/scene_cam_00_geometry_hdf5/frame.0050.normal_cam.hdf5	https://docs-assets.developer.apple.com/ml-research/datasets/hypersim/v1/scenes/ai_010_009.zip	8601524083	Tue, 29 Dec 2020 01:27:18 GMT
ai_011_003	cam_01	50	100	ai_011_003/images/scene_cam_01_geometry_hdf5/frame.0050.normal_cam.hdf5	https://docs-assets.developer.apple.com/ml-research/datasets/hypersim/v1/scenes/ai_011_003.zip	2578711921	Tue, 29 Dec 2020 01:27:22 GMT
ai_011_006	cam_00	50	100	ai_011_006/images/scene_cam_00_geometry_hdf5/frame.0050.normal_cam.hdf5	https://docs-assets.developer.apple.com/ml-research/datasets/hypersim/v1/scenes/ai_011_006.zip	5590828296	Tue, 29 Dec 2020 01:28:20 GMT
ai_011_008	cam_00	50	100	ai_011_008/images/scene_cam_00_geometry_hdf5/frame.0050.normal_cam.hdf5	https://docs-assets.developer.apple.com/ml-research/datasets/hypersim/v1/scenes/ai_011_008.zip	4113319075	Tue, 29 Dec 2020 01:28:33 GMT
ai_011_010	cam_00	79	9	ai_011_010/images/scene_cam_00_geometry_hdf5/frame.0079.normal_cam.hdf5	https://docs-assets.developer.apple.com/ml-research/datasets/hypersim/v1/scenes/ai_011_010.zip	112248512	Tue, 29 Dec 2020 01:29:53 GMT
ai_012_005	cam_00	50	100	ai_012_005/images/scene_cam_00_geometry_hdf5/frame.0050.normal_cam.hdf5	https://docs-assets.developer.apple.com/ml-research/datasets/hypersim/v1/scenes/ai_012_005.zip	2612873008	Tue, 29 Dec 2020 01:30:44 GMT
ai_012_009	cam_00	50	100	ai_012_009/images/scene_cam_00_geometry_hdf5/frame.0050.normal_cam.hdf5	https://docs-assets.developer.apple.com/ml-research/datasets/hypersim/v1/scenes/ai_012_009.zip	1983036302	Tue, 29 Dec 2020 01:31:03 GMT
ai_013_001	cam_00	50	100	ai_013_001/images/scene_cam_00_geometry_hdf5/frame.0050.normal_cam.hdf5	https://docs-assets.developer.apple.com/ml-research/datasets/hypersim/v1/scenes/ai_013_001.zip	3719332262	Tue, 29 Dec 2020 01:31:52 GMT
ai_013_003	cam_00	50	100	ai_013_003/images/scene_cam_00_geometry_hdf5/frame.0050.normal_cam.hdf5	https://docs-assets.developer.apple.com/ml-research/datasets/hypersim/v1/scenes/ai_013_003.zip	2481306965	Tue, 29 Dec 2020 01:31:55 GMT
ai_013_009	cam_00	50	100	ai_013_009/images/scene_cam_00_geometry_hdf5/frame.0050.normal_cam.hdf5	https://docs-assets.developer.apple.com/ml-research/datasets/hypersim/v1/scenes/ai_013_009.zip	1900102312	Tue, 29 Dec 2020 01:32:39 GMT
ai_014_003	cam_00	50	100	ai_014_003/images/scene_cam_00_geometry_hdf5/frame.0050.normal_cam.hdf5	https://docs-assets.developer.apple.com/ml-research/datasets/hypersim/v1/scenes/ai_014_003.zip	1871183119	Tue, 29 Dec 2020 01:33:00 GMT
ai_014_010	cam_00	50	100	ai_014_010/images/scene_cam_00_geometry_hdf5/frame.0050.normal_cam.hdf5	https://docs-assets.developer.apple.com/ml-research/datasets/hypersim/v1/scenes/ai_014_010.zip	3089696126	Tue, 29 Dec 2020 01:33:30 GMT
ai_015_004	cam_00	50	100	ai_015_004/images/scene_cam_00_geometry_hdf5/frame.0050.normal_cam.hdf5	https://docs-assets.developer.apple.com/ml-research/datasets/hypersim/v1/scenes/ai_015_004.zip	2126110106	Tue, 29 Dec 2020 01:33:51 GMT
ai_015_006	cam_00	50	100	ai_015_006/images/scene_cam_00_geometry_hdf5/frame.0050.normal_cam.hdf5	https://docs-assets.developer.apple.com/ml-research/datasets/hypersim/v1/scenes/ai_015_006.zip	1331679843	Tue, 29 Dec 2020 01:34:22 GMT
ai_015_008	cam_00	50	100	ai_015_008/images/scene_cam_00_geometry_hdf5/frame.0050.normal_cam.hdf5	https://docs-assets.developer.apple.com/ml-research/datasets/hypersim/v1/scenes/ai_015_008.zip	2350853739	Tue, 29 Dec 2020 01:34:35 GMT
ai_015_010	cam_00	50	100	ai_015_010/images/scene_cam_00_geometry_hdf5/frame.0050.normal_cam.hdf5	https://docs-assets.developer.apple.com/ml-research/datasets/hypersim/v1/scenes/ai_015_010.zip	1888068634	Tue, 29 Dec 2020 01:34:48 GMT
ai_016_003	cam_00	49	80	ai_016_003/images/scene_cam_00_geometry_hdf5/frame.0049.normal_cam.hdf5	https://docs-assets.developer.apple.com/ml-research/datasets/hypersim/v1/scenes/ai_016_003.zip	3197098300	Tue, 29 Dec 2020 01:35:28 GMT
ai_016_005	cam_00	50	100	ai_016_005/images/scene_cam_00_geometry_hdf5/frame.0050.normal_cam.hdf5	https://docs-assets.developer.apple.com/ml-research/datasets/hypersim/v1/scenes/ai_016_005.zip	3375206319	Tue, 29 Dec 2020 01:35:34 GMT
ai_016_007	cam_00	50	100	ai_016_007/images/scene_cam_00_geometry_hdf5/frame.0050.normal_cam.hdf5	https://docs-assets.developer.apple.com/ml-research/datasets/hypersim/v1/scenes/ai_016_007.zip	2484991622	Tue, 29 Dec 2020 01:36:08 GMT
ai_017_001	cam_00	50	100	ai_017_001/images/scene_cam_00_geometry_hdf5/frame.0050.normal_cam.hdf5	https://docs-assets.developer.apple.com/ml-research/datasets/hypersim/v1/scenes/ai_017_001.zip	2244320037	Tue, 29 Dec 2020 01:36:57 GMT
ai_017_003	cam_00	50	100	ai_017_003/images/scene_cam_00_geometry_hdf5/frame.0050.normal_cam.hdf5	https://docs-assets.developer.apple.com/ml-research/datasets/hypersim/v1/scenes/ai_017_003.zip	1747592569	Tue, 29 Dec 2020 01:37:09 GMT
ai_017_005	cam_00	50	100	ai_017_005/images/scene_cam_00_geometry_hdf5/frame.0050.normal_cam.hdf5	https://docs-assets.developer.apple.com/ml-research/datasets/hypersim/v1/scenes/ai_017_005.zip	2965815113	Tue, 29 Dec 2020 01:37:53 GMT
ai_017_007	cam_00	50	100	ai_017_007/images/scene_cam_00_geometry_hdf5/frame.0050.normal_cam.hdf5	https://docs-assets.developer.apple.com/ml-research/datasets/hypersim/v1/scenes/ai_017_007.zip	5832413869	Tue, 29 Dec 2020 01:38:27 GMT
ai_017_010	cam_00	50	100	ai_017_010/images/scene_cam_00_geometry_hdf5/frame.0050.normal_cam.hdf5	https://docs-assets.developer.apple.com/ml-research/datasets/hypersim/v1/scenes/ai_017_010.zip	9640052807	Tue, 29 Dec 2020 01:39:07 GMT
ai_018_002	cam_00	50	100	ai_018_002/images/scene_cam_00_geometry_hdf5/frame.0050.normal_cam.hdf5	https://docs-assets.developer.apple.com/ml-research/datasets/hypersim/v1/scenes/ai_018_002.zip	1609040517	Tue, 29 Dec 2020 01:40:57 GMT
ai_018_004	cam_00	50	100	ai_018_004/images/scene_cam_00_geometry_hdf5/frame.0050.normal_cam.hdf5	https://docs-assets.developer.apple.com/ml-research/datasets/hypersim/v1/scenes/ai_018_004.zip	3280299037	Tue, 29 Dec 2020 01:41:37 GMT
ai_018_007	cam_00	50	100	ai_018_007/images/scene_cam_00_geometry_hdf5/frame.0050.normal_cam.hdf5	https://docs-assets.developer.apple.com/ml-research/datasets/hypersim/v1/scenes/ai_018_007.zip	3144788416	Tue, 29 Dec 2020 01:42:58 GMT
ai_018_009	cam_00	50	100	ai_018_009/images/scene_cam_00_geometry_hdf5/frame.0050.normal_cam.hdf5	https://docs-assets.developer.apple.com/ml-research/datasets/hypersim/v1/scenes/ai_018_009.zip	6013286335	Tue, 29 Dec 2020 01:43:10 GMT
ai_019_001	cam_00	50	100	ai_019_001/images/scene_cam_00_geometry_hdf5/frame.0050.normal_cam.hdf5	https://docs-assets.developer.apple.com/ml-research/datasets/hypersim/v1/scenes/ai_019_001.zip	2225564700	Tue, 29 Dec 2020 01:44:39 GMT
ai_019_003	cam_00	50	100	ai_019_003/images/scene_cam_00_geometry_hdf5/frame.0050.normal_cam.hdf5	https://docs-assets.developer.apple.com/ml-research/datasets/hypersim/v1/scenes/ai_019_003.zip	1970498885	Tue, 29 Dec 2020 01:45:07 GMT
ai_019_007	cam_00	50	100	ai_019_007/images/scene_cam_00_geometry_hdf5/frame.0050.normal_cam.hdf5	https://docs-assets.developer.apple.com/ml-research/datasets/hypersim/v1/scenes/ai_019_007.zip	2774004461	Tue, 29 Dec 2020 01:45:40 GMT
ai_019_009	cam_00	50	100	ai_019_009/images/scene_cam_00_geometry_hdf5/frame.0050.normal_cam.hdf5	https://docs-assets.developer.apple.com/ml-research/datasets/hypersim/v1/scenes/ai_019_009.zip	1800243001	Tue, 29 Dec 2020 01:46:15 GMT
ai_021_002	cam_00	50	100	ai_021_002/images/scene_cam_00_geometry_hdf5/frame.0050.normal_cam.hdf5	https://docs-assets.developer.apple.com/ml-research/datasets/hypersim/v1/scenes/ai_021_002.zip	2643964577	Tue, 29 Dec 2020 01:46:50 GMT
ai_021_008	cam_00	50	100	ai_021_008/images/scene_cam_00_geometry_hdf5/frame.0050.normal_cam.hdf5	https://docs-assets.developer.apple.com/ml-research/datasets/hypersim/v1/scenes/ai_021_008.zip	5692149635	Tue, 29 Dec 2020 01:47:22 GMT
ai_021_010	cam_00	50	100	ai_021_010/images/scene_cam_00_geometry_hdf5/frame.0050.normal_cam.hdf5	https://docs-assets.developer.apple.com/ml-research/datasets/hypersim/v1/scenes/ai_021_010.zip	3438269631	Tue, 29 Dec 2020 01:48:00 GMT
ai_022_002	cam_00	50	100	ai_022_002/images/scene_cam_00_geometry_hdf5/frame.0050.normal_cam.hdf5	https://docs-assets.developer.apple.com/ml-research/datasets/hypersim/v1/scenes/ai_022_002.zip	2083911778	Tue, 29 Dec 2020 01:48:39 GMT
ai_022_004	cam_00	50	95	ai_022_004/images/scene_cam_00_geometry_hdf5/frame.0050.normal_cam.hdf5	https://docs-assets.developer.apple.com/ml-research/datasets/hypersim/v1/scenes/ai_022_004.zip	4226996012	Tue, 29 Dec 2020 01:49:24 GMT
ai_022_007	cam_00	66	42	ai_022_007/images/scene_cam_00_geometry_hdf5/frame.0066.normal_cam.hdf5	https://docs-assets.developer.apple.com/ml-research/datasets/hypersim/v1/scenes/ai_022_007.zip	824117879	Tue, 29 Dec 2020 01:50:17 GMT
ai_022_010	cam_00	50	100	ai_022_010/images/scene_cam_00_geometry_hdf5/frame.0050.normal_cam.hdf5	https://docs-assets.developer.apple.com/ml-research/datasets/hypersim/v1/scenes/ai_022_010.zip	1578022228	Tue, 29 Dec 2020 01:50:35 GMT
ai_023_002	cam_00	50	100	ai_023_002/images/scene_cam_00_geometry_hdf5/frame.0050.normal_cam.hdf5	https://docs-assets.developer.apple.com/ml-research/datasets/hypersim/v1/scenes/ai_023_002.zip	4276987909	Tue, 29 Dec 2020 01:50:45 GMT
ai_023_005	cam_00	50	100	ai_023_005/images/scene_cam_00_geometry_hdf5/frame.0050.normal_cam.hdf5	https://docs-assets.developer.apple.com/ml-research/datasets/hypersim/v1/scenes/ai_023_005.zip	5362827843	Tue, 29 Dec 2020 01:51:27 GMT
ai_023_007	cam_00	50	100	ai_023_007/images/scene_cam_00_geometry_hdf5/frame.0050.normal_cam.hdf5	https://docs-assets.developer.apple.com/ml-research/datasets/hypersim/v1/scenes/ai_023_007.zip	5101298601	Tue, 29 Dec 2020 01:52:23 GMT
ai_023_009	cam_00	50	100	ai_023_009/images/scene_cam_00_geometry_hdf5/frame.0050.normal_cam.hdf5	https://docs-assets.developer.apple.com/ml-research/datasets/hypersim/v1/scenes/ai_023_009.zip	4674043090	Tue, 29 Dec 2020 01:53:30 GMT
ai_024_001	cam_00	50	100	ai_024_001/images/scene_cam_00_geometry_hdf5/frame.0050.normal_cam.hdf5	https://docs-assets.developer.apple.com/ml-research/datasets/hypersim/v1/scenes/ai_024_001.zip	2046338303	Tue, 29 Dec 2020 01:54:22 GMT
ai_024_004	cam_00	50	100	ai_024_004/images/scene_cam_00_geometry_hdf5/frame.0050.normal_cam.hdf5	https://docs-assets.developer.apple.com/ml-research/datasets/hypersim/v1/scenes/ai_024_004.zip	2904532075	Tue, 29 Dec 2020 01:55:25 GMT
ai_024_006	cam_00	50	100	ai_024_006/images/scene_cam_00_geometry_hdf5/frame.0050.normal_cam.hdf5	https://docs-assets.developer.apple.com/ml-research/datasets/hypersim/v1/scenes/ai_024_006.zip	1979658099	Tue, 29 Dec 2020 01:55:37 GMT
ai_024_008	cam_00	50	100	ai_024_008/images/scene_cam_00_geometry_hdf5/frame.0050.normal_cam.hdf5	https://docs-assets.developer.apple.com/ml-research/datasets/hypersim/v1/scenes/ai_024_008.zip	2320113164	Tue, 29 Dec 2020 01:56:43 GMT
ai_024_011	cam_00	50	100	ai_024_011/images/scene_cam_00_geometry_hdf5/frame.0050.normal_cam.hdf5	https://docs-assets.developer.apple.com/ml-research/datasets/hypersim/v1/scenes/ai_024_011.zip	1952239846	Tue, 29 Dec 2020 01:57:41 GMT
ai_024_013	cam_00	50	100	ai_024_013/images/scene_cam_00_geometry_hdf5/frame.0050.normal_cam.hdf5	https://docs-assets.developer.apple.com/ml-research/datasets/hypersim/v1/scenes/ai_024_013.zip	1568544391	Tue, 29 Dec 2020 01:57:56 GMT
ai_024_015	cam_00	61	50	ai_024_015/images/scene_cam_00_geometry_hdf5/frame.0061.normal_cam.hdf5	https://docs-assets.developer.apple.com/ml-research/datasets/hypersim/v1/scenes/ai_024_015.zip	1276602324	Tue, 29 Dec 2020 01:58:22 GMT
ai_024_017	cam_00	50	100	ai_024_017/images/scene_cam_00_geometry_hdf5/frame.0050.normal_cam.hdf5	https://docs-assets.developer.apple.com/ml-research/datasets/hypersim/v1/scenes/ai_024_017.zip	5574122658	Tue, 29 Dec 2020 01:58:33 GMT
ai_026_001	cam_00	50	100	ai_026_001/images/scene_cam_00_geometry_hdf5/frame.0050.normal_cam.hdf5	https://docs-assets.developer.apple.com/ml-research/datasets/hypersim/v1/scenes/ai_026_001.zip	1703173574	Tue, 29 Dec 2020 01:59:03 GMT
ai_026_003	cam_00	50	100	ai_026_003/images/scene_cam_00_geometry_hdf5/frame.0050.normal_cam.hdf5	https://docs-assets.developer.apple.com/ml-research/datasets/hypersim/v1/scenes/ai_026_003.zip	1770928606	Tue, 29 Dec 2020 01:59:34 GMT
ai_026_005	cam_00	50	100	ai_026_005/images/scene_cam_00_geometry_hdf5/frame.0050.normal_cam.hdf5	https://docs-assets.developer.apple.com/ml-research/datasets/hypersim/v1/scenes/ai_026_005.zip	1965179435	Tue, 29 Dec 2020 01:59:57 GMT
ai_026_008	cam_00	50	100	ai_026_008/images/scene_cam_00_geometry_hdf5/frame.0050.normal_cam.hdf5	https://docs-assets.developer.apple.com/ml-research/datasets/hypersim/v1/scenes/ai_026_008.zip	1836492286	Tue, 29 Dec 2020 02:00:28 GMT
ai_026_011	cam_00	50	100	ai_026_011/images/scene_cam_00_geometry_hdf5/frame.0050.normal_cam.hdf5	https://docs-assets.developer.apple.com/ml-research/datasets/hypersim/v1/scenes/ai_026_011.zip	2425265151	Tue, 29 Dec 2020 02:00:49 GMT
ai_026_013	cam_00	50	100	ai_026_013/images/scene_cam_00_geometry_hdf5/frame.0050.normal_cam.hdf5	https://docs-assets.developer.apple.com/ml-research/datasets/hypersim/v1/scenes/ai_026_013.zip	11235163803	Tue, 29 Dec 2020 02:01:24 GMT
ai_026_015	cam_00	50	100	ai_026_015/images/scene_cam_00_geometry_hdf5/frame.0050.normal_cam.hdf5	https://docs-assets.developer.apple.com/ml-research/datasets/hypersim/v1/scenes/ai_026_015.zip	2178581110	Tue, 29 Dec 2020 02:01:48 GMT
ai_026_018	cam_00	50	100	ai_026_018/images/scene_cam_00_geometry_hdf5/frame.0050.normal_cam.hdf5	https://docs-assets.developer.apple.com/ml-research/datasets/hypersim/v1/scenes/ai_026_018.zip	3105933321	Tue, 29 Dec 2020 02:02:45 GMT
ai_026_020	cam_00	50	100	ai_026_020/images/scene_cam_00_geometry_hdf5/frame.0050.normal_cam.hdf5	https://docs-assets.developer.apple.com/ml-research/datasets/hypersim/v1/scenes/ai_026_020.zip	2324090618	Tue, 29 Dec 2020 02:03:15 GMT
ai_027_003	cam_00	51	98	ai_027_003/images/scene_cam_00_geometry_hdf5/frame.0051.normal_cam.hdf5	https://docs-assets.developer.apple.com/ml-research/datasets/hypersim/v1/scenes/ai_027_003.zip	14452751935	Tue, 29 Dec 2020 02:04:04 GMT
ai_027_006	cam_00	50	100	ai_027_006/images/scene_cam_00_geometry_hdf5/frame.0050.normal_cam.hdf5	https://docs-assets.developer.apple.com/ml-research/datasets/hypersim/v1/scenes/ai_027_006.zip	8652245913	Tue, 29 Dec 2020 02:06:20 GMT
ai_027_008	cam_00	50	100	ai_027_008/images/scene_cam_00_geometry_hdf5/frame.0050.normal_cam.hdf5	https://docs-assets.developer.apple.com/ml-research/datasets/hypersim/v1/scenes/ai_027_008.zip	11234807827	Tue, 29 Dec 2020 02:08:11 GMT
ai_027_010	cam_00	50	100	ai_027_010/images/scene_cam_00_geometry_hdf5/frame.0050.normal_cam.hdf5	https://docs-assets.developer.apple.com/ml-research/datasets/hypersim/v1/scenes/ai_027_010.zip	8395373433	Tue, 29 Dec 2020 02:10:15 GMT
ai_028_002	cam_00	50	100	ai_028_002/images/scene_cam_00_geometry_hdf5/frame.0050.normal_cam.hdf5	https://docs-assets.developer.apple.com/ml-research/datasets/hypersim/v1/scenes/ai_028_002.zip	2953441879	Tue, 29 Dec 2020 02:11:32 GMT
ai_028_005	cam_00	50	100	ai_028_005/images/scene_cam_00_geometry_hdf5/frame.0050.normal_cam.hdf5	https://docs-assets.developer.apple.com/ml-research/datasets/hypersim/v1/scenes/ai_028_005.zip	2533159326	Tue, 29 Dec 2020 02:12:52 GMT
ai_028_008	cam_00	50	100	ai_028_008/images/scene_cam_00_geometry_hdf5/frame.0050.normal_cam.hdf5	https://docs-assets.developer.apple.com/ml-research/datasets/hypersim/v1/scenes/ai_028_008.zip	2265845065	Tue, 29 Dec 2020 02:13:48 GMT
ai_029_001	cam_00	52	77	ai_029_001/images/scene_cam_00_geometry_hdf5/frame.0052.normal_cam.hdf5	https://docs-assets.developer.apple.com/ml-research/datasets/hypersim/v1/scenes/ai_029_001.zip	5465977162	Tue, 29 Dec 2020 02:13:57 GMT
ai_029_004	cam_00	50	100	ai_029_004/images/scene_cam_00_geometry_hdf5/frame.0050.normal_cam.hdf5	https://docs-assets.developer.apple.com/ml-research/datasets/hypersim/v1/scenes/ai_029_004.zip	7623809342	Tue, 29 Dec 2020 02:14:46 GMT
ai_030_001	cam_00	50	100	ai_030_001/images/scene_cam_00_geometry_hdf5/frame.0050.normal_cam.hdf5	https://docs-assets.developer.apple.com/ml-research/datasets/hypersim/v1/scenes/ai_030_001.zip	2710023147	Tue, 29 Dec 2020 02:16:14 GMT
ai_030_003	cam_00	50	100	ai_030_003/images/scene_cam_00_geometry_hdf5/frame.0050.normal_cam.hdf5	https://docs-assets.developer.apple.com/ml-research/datasets/hypersim/v1/scenes/ai_030_003.zip	2021307860	Tue, 29 Dec 2020 02:17:21 GMT
ai_030_005	cam_00	50	100	ai_030_005/images/scene_cam_00_geometry_hdf5/frame.0050.normal_cam.hdf5	https://docs-assets.developer.apple.com/ml-research/datasets/hypersim/v1/scenes/ai_030_005.zip	2500206101	Tue, 29 Dec 2020 02:17:58 GMT
ai_030_009	cam_00	50	100	ai_030_009/images/scene_cam_00_geometry_hdf5/frame.0050.normal_cam.hdf5	https://docs-assets.developer.apple.com/ml-research/datasets/hypersim/v1/scenes/ai_030_009.zip	2225945828	Tue, 29 Dec 2020 02:18:19 GMT
ai_031_001	cam_00	50	100	ai_031_001/images/scene_cam_00_geometry_hdf5/frame.0050.normal_cam.hdf5	https://docs-assets.developer.apple.com/ml-research/datasets/hypersim/v1/scenes/ai_031_001.zip	2864605291	Tue, 29 Dec 2020 02:18:55 GMT
ai_031_004	cam_00	50	100	ai_031_004/images/scene_cam_00_geometry_hdf5/frame.0050.normal_cam.hdf5	https://docs-assets.developer.apple.com/ml-research/datasets/hypersim/v1/scenes/ai_031_004.zip	2720907437	Tue, 29 Dec 2020 02:19:04 GMT
ai_031_008	cam_00	50	100	ai_031_008/images/scene_cam_00_geometry_hdf5/frame.0050.normal_cam.hdf5	https://docs-assets.developer.apple.com/ml-research/datasets/hypersim/v1/scenes/ai_031_008.zip	3138855917	Tue, 29 Dec 2020 02:20:10 GMT
ai_031_010	cam_00	50	100	ai_031_010/images/scene_cam_00_geometry_hdf5/frame.0050.normal_cam.hdf5	https://docs-assets.developer.apple.com/ml-research/datasets/hypersim/v1/scenes/ai_031_010.zip	3367117610	Tue, 29 Dec 2020 02:20:15 GMT
ai_032_002	cam_00	50	100	ai_032_002/images/scene_cam_00_geometry_hdf5/frame.0050.normal_cam.hdf5	https://docs-assets.developer.apple.com/ml-research/datasets/hypersim/v1/scenes/ai_032_002.zip	2861322612	Tue, 29 Dec 2020 02:20:58 GMT
ai_032_004	cam_00	50	100	ai_032_004/images/scene_cam_00_geometry_hdf5/frame.0050.normal_cam.hdf5	https://docs-assets.developer.apple.com/ml-research/datasets/hypersim/v1/scenes/ai_032_004.zip	4426450531	Tue, 29 Dec 2020 02:21:47 GMT
ai_032_008	cam_00	50	100	ai_032_008/images/scene_cam_00_geometry_hdf5/frame.0050.normal_cam.hdf5	https://docs-assets.developer.apple.com/ml-research/datasets/hypersim/v1/scenes/ai_032_008.zip	2714301437	Tue, 29 Dec 2020 02:22:18 GMT
ai_033_001	cam_00	50	100	ai_033_001/images/scene_cam_00_geometry_hdf5/frame.0050.normal_cam.hdf5	https://docs-assets.developer.apple.com/ml-research/datasets/hypersim/v1/scenes/ai_033_001.zip	3253704539	Tue, 29 Dec 2020 02:23:13 GMT
ai_033_004	cam_00	49	97	ai_033_004/images/scene_cam_00_geometry_hdf5/frame.0049.normal_cam.hdf5	https://docs-assets.developer.apple.com/ml-research/datasets/hypersim/v1/scenes/ai_033_004.zip	2320316892	Tue, 29 Dec 2020 02:23:25 GMT
ai_033_008	cam_00	53	92	ai_033_008/images/scene_cam_00_geometry_hdf5/frame.0053.normal_cam.hdf5	https://docs-assets.developer.apple.com/ml-research/datasets/hypersim/v1/scenes/ai_033_008.zip	2620199310	Tue, 29 Dec 2020 02:24:25 GMT
ai_033_010	cam_00	50	100	ai_033_010/images/scene_cam_00_geometry_hdf5/frame.0050.normal_cam.hdf5	https://docs-assets.developer.apple.com/ml-research/datasets/hypersim/v1/scenes/ai_033_010.zip	3216147467	Tue, 29 Dec 2020 02:24:42 GMT
ai_034_002	cam_00	49	99	ai_034_002/images/scene_cam_00_geometry_hdf5/frame.0049.normal_cam.hdf5	https://docs-assets.developer.apple.com/ml-research/datasets/hypersim/v1/scenes/ai_034_002.zip	6223277739	Tue, 29 Dec 2020 02:25:16 GMT
ai_034_005	cam_00	50	100	ai_034_005/images/scene_cam_00_geometry_hdf5/frame.0050.normal_cam.hdf5	https://docs-assets.developer.apple.com/ml-research/datasets/hypersim/v1/scenes/ai_034_005.zip	6105403191	Tue, 29 Dec 2020 02:26:06 GMT
ai_035_003	cam_00	50	100	ai_035_003/images/scene_cam_00_geometry_hdf5/frame.0050.normal_cam.hdf5	https://docs-assets.developer.apple.com/ml-research/datasets/hypersim/v1/scenes/ai_035_003.zip	2460733008	Tue, 29 Dec 2020 02:28:16 GMT
ai_035_005	cam_00	50	100	ai_035_005/images/scene_cam_00_geometry_hdf5/frame.0050.normal_cam.hdf5	https://docs-assets.developer.apple.com/ml-research/datasets/hypersim/v1/scenes/ai_035_005.zip	2315487268	Tue, 29 Dec 2020 02:28:30 GMT
ai_035_007	cam_00	50	100	ai_035_007/images/scene_cam_00_geometry_hdf5/frame.0050.normal_cam.hdf5	https://docs-assets.developer.apple.com/ml-research/datasets/hypersim/v1/scenes/ai_035_007.zip	2242864574	Tue, 29 Dec 2020 02:29:04 GMT
ai_035_010	cam_00	50	100	ai_035_010/images/scene_cam_00_geometry_hdf5/frame.0050.normal_cam.hdf5	https://docs-assets.developer.apple.com/ml-research/datasets/hypersim/v1/scenes/ai_035_010.zip	2719843825	Tue, 29 Dec 2020 02:29:32 GMT
ai_036_002	cam_00	50	100	ai_036_002/images/scene_cam_00_geometry_hdf5/frame.0050.normal_cam.hdf5	https://docs-assets.developer.apple.com/ml-research/datasets/hypersim/v1/scenes/ai_036_002.zip	6755381768	Tue, 29 Dec 2020 02:30:04 GMT
ai_036_005	cam_00	50	100	ai_036_005/images/scene_cam_00_geometry_hdf5/frame.0050.normal_cam.hdf5	https://docs-assets.developer.apple.com/ml-research/datasets/hypersim/v1/scenes/ai_036_005.zip	2846140677	Tue, 29 Dec 2020 02:30:26 GMT
ai_036_007	cam_00	50	100	ai_036_007/images/scene_cam_00_geometry_hdf5/frame.0050.normal_cam.hdf5	https://docs-assets.developer.apple.com/ml-research/datasets/hypersim/v1/scenes/ai_036_007.zip	2899865608	Tue, 29 Dec 2020 02:31:40 GMT
ai_037_001	cam_00	50	100	ai_037_001/images/scene_cam_00_geometry_hdf5/frame.0050.normal_cam.hdf5	https://docs-assets.developer.apple.com/ml-research/datasets/hypersim/v1/scenes/ai_037_001.zip	2359478813	Tue, 29 Dec 2020 02:32:56 GMT
ai_037_003	cam_00	50	100	ai_037_003/images/scene_cam_00_geometry_hdf5/frame.0050.normal_cam.hdf5	https://docs-assets.developer.apple.com/ml-research/datasets/hypersim/v1/scenes/ai_037_003.zip	2927319949	Tue, 29 Dec 2020 02:33:05 GMT
ai_037_005	cam_00	50	100	ai_037_005/images/scene_cam_00_geometry_hdf5/frame.0050.normal_cam.hdf5	https://docs-assets.developer.apple.com/ml-research/datasets/hypersim/v1/scenes/ai_037_005.zip	5343935596	Tue, 29 Dec 2020 02:33:56 GMT
ai_037_008	cam_00	50	100	ai_037_008/images/scene_cam_00_geometry_hdf5/frame.0050.normal_cam.hdf5	https://docs-assets.developer.apple.com/ml-research/datasets/hypersim/v1/scenes/ai_037_008.zip	3084984359	Tue, 29 Dec 2020 02:34:41 GMT
ai_037_010	cam_00	50	100	ai_037_010/images/scene_cam_00_geometry_hdf5/frame.0050.normal_cam.hdf5	https://docs-assets.developer.apple.com/ml-research/datasets/hypersim/v1/scenes/ai_037_010.zip	3220081441	Tue, 29 Dec 2020 02:35:09 GMT
ai_038_004	cam_00	50	100	ai_038_004/images/scene_cam_00_geometry_hdf5/frame.0050.normal_cam.hdf5	https://docs-assets.developer.apple.com/ml-research/datasets/hypersim/v1/scenes/ai_038_004.zip	2651925098	Tue, 29 Dec 2020 02:36:03 GMT
ai_038_006	cam_00	50	100	ai_038_006/images/scene_cam_00_geometry_hdf5/frame.0050.normal_cam.hdf5	https://docs-assets.developer.apple.com/ml-research/datasets/hypersim/v1/scenes/ai_038_006.zip	5469031724	Tue, 29 Dec 2020 02:36:13 GMT
ai_038_010	cam_00	50	100	ai_038_010/images/scene_cam_00_geometry_hdf5/frame.0050.normal_cam.hdf5	https://docs-assets.developer.apple.com/ml-research/datasets/hypersim/v1/scenes/ai_038_010.zip	3039559563	Tue, 29 Dec 2020 02:37:08 GMT
ai_039_003	cam_00	50	100	ai_039_003/images/scene_cam_00_geometry_hdf5/frame.0050.normal_cam.hdf5	https://docs-assets.developer.apple.com/ml-research/datasets/hypersim/v1/scenes/ai_039_003.zip	4380520794	Tue, 29 Dec 2020 02:37:41 GMT
ai_039_005	cam_00	50	100	ai_039_005/images/scene_cam_00_geometry_hdf5/frame.0050.normal_cam.hdf5	https://docs-assets.developer.apple.com/ml-research/datasets/hypersim/v1/scenes/ai_039_005.zip	2548473024	Tue, 29 Dec 2020 02:38:29 GMT
ai_039_008	cam_00	49	99	ai_039_008/images/scene_cam_00_geometry_hdf5/frame.0049.normal_cam.hdf5	https://docs-assets.developer.apple.com/ml-research/datasets/hypersim/v1/scenes/ai_039_008.zip	2159577547	Tue, 29 Dec 2020 02:39:32 GMT
ai_039_010	cam_00	50	100	ai_039_010/images/scene_cam_00_geometry_hdf5/frame.0050.normal_cam.hdf5	https://docs-assets.developer.apple.com/ml-research/datasets/hypersim/v1/scenes/ai_039_010.zip	1916632817	Tue, 29 Dec 2020 02:40:15 GMT
ai_041_002	cam_00	50	100	ai_041_002/images/scene_cam_00_geometry_hdf5/frame.0050.normal_cam.hdf5	https://docs-assets.developer.apple.com/ml-research/datasets/hypersim/v1/scenes/ai_041_002.zip	5491521615	Tue, 29 Dec 2020 02:40:27 GMT
ai_041_004	cam_00	50	100	ai_041_004/images/scene_cam_00_geometry_hdf5/frame.0050.normal_cam.hdf5	https://docs-assets.developer.apple.com/ml-research/datasets/hypersim/v1/scenes/ai_041_004.zip	2214398552	Tue, 29 Dec 2020 02:41:00 GMT
ai_041_007	cam_00	50	100	ai_041_007/images/scene_cam_00_geometry_hdf5/frame.0050.normal_cam.hdf5	https://docs-assets.developer.apple.com/ml-research/datasets/hypersim/v1/scenes/ai_041_007.zip	2491135518	Tue, 29 Dec 2020 02:41:56 GMT
ai_041_009	cam_00	50	100	ai_041_009/images/scene_cam_00_geometry_hdf5/frame.0050.normal_cam.hdf5	https://docs-assets.developer.apple.com/ml-research/datasets/hypersim/v1/scenes/ai_041_009.zip	2533016373	Tue, 29 Dec 2020 02:42:45 GMT
ai_042_001	cam_00	50	100	ai_042_001/images/scene_cam_00_geometry_hdf5/frame.0050.normal_cam.hdf5	https://docs-assets.developer.apple.com/ml-research/datasets/hypersim/v1/scenes/ai_042_001.zip	5356923038	Tue, 29 Dec 2020 02:42:57 GMT
ai_042_004	cam_00	48	97	ai_042_004/images/scene_cam_00_geometry_hdf5/frame.0048.normal_cam.hdf5	https://docs-assets.developer.apple.com/ml-research/datasets/hypersim/v1/scenes/ai_042_004.zip	9388656663	Tue, 29 Dec 2020 02:43:45 GMT
ai_043_002	cam_00	50	100	ai_043_002/images/scene_cam_00_geometry_hdf5/frame.0050.normal_cam.hdf5	https://docs-assets.developer.apple.com/ml-research/datasets/hypersim/v1/scenes/ai_043_002.zip	2302348816	Tue, 29 Dec 2020 02:45:03 GMT
ai_043_004	cam_00	50	100	ai_043_004/images/scene_cam_00_geometry_hdf5/frame.0050.normal_cam.hdf5	https://docs-assets.developer.apple.com/ml-research/datasets/hypersim/v1/scenes/ai_043_004.zip	2302031367	Tue, 29 Dec 2020 02:45:18 GMT
ai_043_006	cam_00	46	32	ai_043_006/images/scene_cam_00_geometry_hdf5/frame.0046.normal_cam.hdf5	https://docs-assets.developer.apple.com/ml-research/datasets/hypersim/v1/scenes/ai_043_006.zip	3585690927	Tue, 29 Dec 2020 02:46:01 GMT
ai_043_009	cam_00	50	100	ai_043_009/images/scene_cam_00_geometry_hdf5/frame.0050.normal_cam.hdf5	https://docs-assets.developer.apple.com/ml-research/datasets/hypersim/v1/scenes/ai_043_009.zip	5342817317	Tue, 29 Dec 2020 02:46:42 GMT
ai_044_001	cam_00	49	99	ai_044_001/images/scene_cam_00_geometry_hdf5/frame.0049.normal_cam.hdf5	https://docs-assets.developer.apple.com/ml-research/datasets/hypersim/v1/scenes/ai_044_001.zip	4800655889	Tue, 29 Dec 2020 02:47:35 GMT
ai_044_003	cam_01	50	100	ai_044_003/images/scene_cam_01_geometry_hdf5/frame.0050.normal_cam.hdf5	https://docs-assets.developer.apple.com/ml-research/datasets/hypersim/v1/scenes/ai_044_003.zip	8861878312	Tue, 29 Dec 2020 02:47:59 GMT
ai_044_006	cam_00	50	99	ai_044_006/images/scene_cam_00_geometry_hdf5/frame.0050.normal_cam.hdf5	https://docs-assets.developer.apple.com/ml-research/datasets/hypersim/v1/scenes/ai_044_006.zip	5742412406	Tue, 29 Dec 2020 02:49:32 GMT
ai_044_008	cam_00	50	100	ai_044_008/images/scene_cam_00_geometry_hdf5/frame.0050.normal_cam.hdf5	https://docs-assets.developer.apple.com/ml-research/datasets/hypersim/v1/scenes/ai_044_008.zip	6430455637	Tue, 29 Dec 2020 02:50:28 GMT
ai_044_010	cam_00	50	100	ai_044_010/images/scene_cam_00_geometry_hdf5/frame.0050.normal_cam.hdf5	https://docs-assets.developer.apple.com/ml-research/datasets/hypersim/v1/scenes/ai_044_010.zip	9704606411	Tue, 29 Dec 2020 02:51:34 GMT
ai_045_004	cam_00	50	99	ai_045_004/images/scene_cam_00_geometry_hdf5/frame.0050.normal_cam.hdf5	https://docs-assets.developer.apple.com/ml-research/datasets/hypersim/v1/scenes/ai_045_004.zip	5788421553	Tue, 29 Dec 2020 02:52:27 GMT
ai_045_008	cam_00	50	100	ai_045_008/images/scene_cam_00_geometry_hdf5/frame.0050.normal_cam.hdf5	https://docs-assets.developer.apple.com/ml-research/datasets/hypersim/v1/scenes/ai_045_008.zip	5493596948	Tue, 29 Dec 2020 02:54:46 GMT
ai_046_001	cam_00	50	100	ai_046_001/images/scene_cam_00_geometry_hdf5/frame.0050.normal_cam.hdf5	https://docs-assets.developer.apple.com/ml-research/datasets/hypersim/v1/scenes/ai_046_001.zip	2185948300	Tue, 29 Dec 2020 02:55:26 GMT
ai_046_003	cam_00	50	100	ai_046_003/images/scene_cam_00_geometry_hdf5/frame.0050.normal_cam.hdf5	https://docs-assets.developer.apple.com/ml-research/datasets/hypersim/v1/scenes/ai_046_003.zip	6528879598	Tue, 29 Dec 2020 02:56:21 GMT
ai_046_006	cam_00	54	92	ai_046_006/images/scene_cam_00_geometry_hdf5/frame.0054.normal_cam.hdf5	https://docs-assets.developer.apple.com/ml-research/datasets/hypersim/v1/scenes/ai_046_006.zip	2532533109	Tue, 29 Dec 2020 02:57:29 GMT
ai_046_008	cam_00	50	100	ai_046_008/images/scene_cam_00_geometry_hdf5/frame.0050.normal_cam.hdf5	https://docs-assets.developer.apple.com/ml-research/datasets/hypersim/v1/scenes/ai_046_008.zip	2912997488	Tue, 29 Dec 2020 02:58:19 GMT
ai_047_002	cam_00	50	100	ai_047_002/images/scene_cam_00_geometry_hdf5/frame.0050.normal_cam.hdf5	https://docs-assets.developer.apple.com/ml-research/datasets/hypersim/v1/scenes/ai_047_002.zip	2386676199	Tue, 29 Dec 2020 02:58:35 GMT
ai_047_004	cam_00	50	100	ai_047_004/images/scene_cam_00_geometry_hdf5/frame.0050.normal_cam.hdf5	https://docs-assets.developer.apple.com/ml-research/datasets/hypersim/v1/scenes/ai_047_004.zip	2880615295	Tue, 29 Dec 2020 02:59:10 GMT
ai_047_007	cam_00	50	100	ai_047_007/images/scene_cam_00_geometry_hdf5/frame.0050.normal_cam.hdf5	https://docs-assets.developer.apple.com/ml-research/datasets/hypersim/v1/scenes/ai_047_007.zip	3006056850	Tue, 29 Dec 2020 02:59:42 GMT
ai_047_009	cam_00	50	100	ai_047_009/images/scene_cam_00_geometry_hdf5/frame.0050.normal_cam.hdf5	https://docs-assets.developer.apple.com/ml-research/datasets/hypersim/v1/scenes/ai_047_009.zip	2474771528	Tue, 29 Dec 2020 02:59:55 GMT
ai_048_002	cam_00	50	100	ai_048_002/images/scene_cam_00_geometry_hdf5/frame.0050.normal_cam.hdf5	https://docs-assets.developer.apple.com/ml-research/datasets/hypersim/v1/scenes/ai_048_002.zip	13183874538	Tue, 29 Dec 2020 03:00:44 GMT
ai_048_005	cam_00	50	100	ai_048_005/images/scene_cam_00_geometry_hdf5/frame.0050.normal_cam.hdf5	https://docs-assets.developer.apple.com/ml-research/datasets/hypersim/v1/scenes/ai_048_005.zip	11256379936	Tue, 29 Dec 2020 03:00:59 GMT
ai_048_007	cam_00	50	99	ai_048_007/images/scene_cam_00_geometry_hdf5/frame.0050.normal_cam.hdf5	https://docs-assets.developer.apple.com/ml-research/datasets/hypersim/v1/scenes/ai_048_007.zip	12870503510	Tue, 29 Dec 2020 03:06:02 GMT
ai_048_009	cam_00	52	93	ai_048_009/images/scene_cam_00_geometry_hdf5/frame.0052.normal_cam.hdf5	https://docs-assets.developer.apple.com/ml-research/datasets/hypersim/v1/scenes/ai_048_009.zip	11842827417	Tue, 29 Dec 2020 03:06:30 GMT
ai_050_001	cam_00	50	100	ai_050_001/images/scene_cam_00_geometry_hdf5/frame.0050.normal_cam.hdf5	https://docs-assets.developer.apple.com/ml-research/datasets/hypersim/v1/scenes/ai_050_001.zip	15797216839	Tue, 29 Dec 2020 03:08:28 GMT
ai_050_004	cam_00	50	100	ai_050_004/images/scene_cam_00_geometry_hdf5/frame.0050.normal_cam.hdf5	https://docs-assets.developer.apple.com/ml-research/datasets/hypersim/v1/scenes/ai_050_004.zip	14533859898	Tue, 29 Dec 2020 03:11:41 GMT
ai_051_001	cam_00	50	100	ai_051_001/images/scene_cam_00_geometry_hdf5/frame.0050.normal_cam.hdf5	https://docs-assets.developer.apple.com/ml-research/datasets/hypersim/v1/scenes/ai_051_001.zip	13207039514	Tue, 29 Dec 2020 03:15:30 GMT
ai_051_003	cam_00	50	100	ai_051_003/images/scene_cam_00_geometry_hdf5/frame.0050.normal_cam.hdf5	https://docs-assets.developer.apple.com/ml-research/datasets/hypersim/v1/scenes/ai_051_003.zip	10252634538	Tue, 29 Dec 2020 03:18:10 GMT
ai_052_001	cam_00	50	100	ai_052_001/images/scene_cam_00_geometry_hdf5/frame.0050.normal_cam.hdf5	https://docs-assets.developer.apple.com/ml-research/datasets/hypersim/v1/scenes/ai_052_001.zip	6392798426	Tue, 29 Dec 2020 03:21:22 GMT
ai_052_003	cam_00	49	95	ai_052_003/images/scene_cam_00_geometry_hdf5/frame.0049.normal_cam.hdf5	https://docs-assets.developer.apple.com/ml-research/datasets/hypersim/v1/scenes/ai_052_003.zip	4409826347	Tue, 29 Dec 2020 03:24:10 GMT
ai_052_005	cam_00	50	100	ai_052_005/images/scene_cam_00_geometry_hdf5/frame.0050.normal_cam.hdf5	https://docs-assets.developer.apple.com/ml-research/datasets/hypersim/v1/scenes/ai_052_005.zip	8196073924	Tue, 29 Dec 2020 03:25:46 GMT
ai_052_007	cam_00	50	100	ai_052_007/images/scene_cam_00_geometry_hdf5/frame.0050.normal_cam.hdf5	https://docs-assets.developer.apple.com/ml-research/datasets/hypersim/v1/scenes/ai_052_007.zip	5280310480	Tue, 29 Dec 2020 03:26:09 GMT
ai_052_010	cam_00	50	100	ai_052_010/images/scene_cam_00_geometry_hdf5/frame.0050.normal_cam.hdf5	https://docs-assets.developer.apple.com/ml-research/datasets/hypersim/v1/scenes/ai_052_010.zip	7071415855	Tue, 29 Dec 2020 03:28:28 GMT
ai_053_002	cam_00	50	100	ai_053_002/images/scene_cam_00_geometry_hdf5/frame.0050.normal_cam.hdf5	https://docs-assets.developer.apple.com/ml-research/datasets/hypersim/v1/scenes/ai_053_002.zip	3151363803	Tue, 29 Dec 2020 03:29:19 GMT
ai_053_004	cam_00	52	95	ai_053_004/images/scene_cam_00_geometry_hdf5/frame.0052.normal_cam.hdf5	https://docs-assets.developer.apple.com/ml-research/datasets/hypersim/v1/scenes/ai_053_004.zip	3272910973	Tue, 29 Dec 2020 03:29:48 GMT
ai_053_007	cam_00	50	100	ai_053_007/images/scene_cam_00_geometry_hdf5/frame.0050.normal_cam.hdf5	https://docs-assets.developer.apple.com/ml-research/datasets/hypersim/v1/scenes/ai_053_007.zip	5461900697	Tue, 29 Dec 2020 03:30:43 GMT
ai_053_009	cam_00	50	100	ai_053_009/images/scene_cam_00_geometry_hdf5/frame.0050.normal_cam.hdf5	https://docs-assets.developer.apple.com/ml-research/datasets/hypersim/v1/scenes/ai_053_009.zip	2976880401	Tue, 29 Dec 2020 03:31:14 GMT
ai_053_012	cam_00	51	98	ai_053_012/images/scene_cam_00_geometry_hdf5/frame.0051.normal_cam.hdf5	https://docs-assets.developer.apple.com/ml-research/datasets/hypersim/v1/scenes/ai_053_012.zip	2576448070	Tue, 29 Dec 2020 03:31:55 GMT
ai_053_014	cam_00	50	100	ai_053_014/images/scene_cam_00_geometry_hdf5/frame.0050.normal_cam.hdf5	https://docs-assets.developer.apple.com/ml-research/datasets/hypersim/v1/scenes/ai_053_014.zip	3022820551	Tue, 29 Dec 2020 03:32:31 GMT
ai_053_018	cam_00	50	100	ai_053_018/images/scene_cam_00_geometry_hdf5/frame.0050.normal_cam.hdf5	https://docs-assets.developer.apple.com/ml-research/datasets/hypersim/v1/scenes/ai_053_018.zip	2679728355	Tue, 29 Dec 2020 03:33:05 GMT
ai_053_020	cam_00	50	100	ai_053_020/images/scene_cam_00_geometry_hdf5/frame.0050.normal_cam.hdf5	https://docs-assets.developer.apple.com/ml-research/datasets/hypersim/v1/scenes/ai_053_020.zip	3600274827	Tue, 29 Dec 2020 03:33:53 GMT
ai_054_002	cam_01	50	100	ai_054_002/images/scene_cam_01_geometry_hdf5/frame.0050.normal_cam.hdf5	https://docs-assets.developer.apple.com/ml-research/datasets/hypersim/v1/scenes/ai_054_002.zip	2279859394	Tue, 29 Dec 2020 03:33:59 GMT
ai_054_005	cam_00	50	100	ai_054_005/images/scene_cam_00_geometry_hdf5/frame.0050.normal_cam.hdf5	https://docs-assets.developer.apple.com/ml-research/datasets/hypersim/v1/scenes/ai_054_005.zip	6471023718	Tue, 29 Dec 2020 03:35:00 GMT
ai_054_007	cam_00	50	100	ai_054_007/images/scene_cam_00_geometry_hdf5/frame.0050.normal_cam.hdf5	https://docs-assets.developer.apple.com/ml-research/datasets/hypersim/v1/scenes/ai_054_007.zip	10143089881	Tue, 29 Dec 2020 03:36:22 GMT
ai_054_009	cam_00	50	100	ai_054_009/images/scene_cam_00_geometry_hdf5/frame.0050.normal_cam.hdf5	https://docs-assets.developer.apple.com/ml-research/datasets/hypersim/v1/scenes/ai_054_009.zip	5748791139	Tue, 29 Dec 2020 03:36:41 GMT
ai_055_001	cam_00	50	100	ai_055_001/images/scene_cam_00_geometry_hdf5/frame.0050.normal_cam.hdf5	https://docs-assets.developer.apple.com/ml-research/datasets/hypersim/v1/scenes/ai_055_001.zip	6907947325	Tue, 29 Dec 2020 03:37:44 GMT
ai_055_004	cam_00	49	99	ai_055_004/images/scene_cam_00_geometry_hdf5/frame.0049.normal_cam.hdf5	https://docs-assets.developer.apple.com/ml-research/datasets/hypersim/v1/scenes/ai_055_004.zip	3344600396	Tue, 29 Dec 2020 03:39:47 GMT
ai_055_006	cam_00	50	100	ai_055_006/images/scene_cam_00_geometry_hdf5/frame.0050.normal_cam.hdf5	https://docs-assets.developer.apple.com/ml-research/datasets/hypersim/v1/scenes/ai_055_006.zip	7095067021	Tue, 29 Dec 2020 03:40:46 GMT
ai_055_008	cam_00	51	83	ai_055_008/images/scene_cam_00_geometry_hdf5/frame.0051.normal_cam.hdf5	https://docs-assets.developer.apple.com/ml-research/datasets/hypersim/v1/scenes/ai_055_008.zip	7250974250	Tue, 29 Dec 2020 03:41:17 GMT
