dataset_id	status	primary_values	primary_sample_bytes	primary_sample_rows	median_primary_sample_value_count	median_primary_sample_size_bytes	auxiliary_values	auxiliary_sample_bytes	auxiliary_sample_rows	has_index	inferred_auxiliary_series	failure_reasons
jhu_covid19_confirmed_global_daily	ok	10287	41148	9	1143	4572	0	0	0	1	none	none
jhu_covid19_deaths_global_daily	ok	10287	41148	9	1143	4572	0	0	0	1	none	none
jhu_covid19_deaths_us_daily	ok	10287	41148	9	1143	4572	0	0	0	1	none	none
met_biocollection_objects	ok	12281	49124	1	12281	49124	0	0	0	1	none	none
coinpaprika_tickers	ok	14000	112000	7	2000	16000	2000	4000	1	1	none	none
binance_ticker_24hr	ok	14376	71880	4	3594	14376	7188	43128	2	1	none	none
ourworldindata_energy_mix	ok	19137	76548	3	6379	25516	0	0	0	1	none	none
internetarchive_advancedsearch	ok	20000	120000	2	10000	60000	0	0	0	1	none	none
nasa_eonet_events	ok	20115	73755	3	6705	13410	0	0	0	1	none	none
tum_rgbd_groundtruth_pose_f64	ok	21000	168000	2	10500	84000	0	0	0	1	none	none
nasa_donki_flr	ok	22484	89936	7	3212	12848	0	0	0	1	none	none
openflights_airports	ok	23094	153960	3	7698	61584	0	0	0	1	none	none
usgs_fdsn_events_large	ok	28264	84792	2	14132	42396	56528	183716	4	1	none	none
nvd_cpe_match_feed	ok	30000	100000	3	10000	40000	0	0	0	1	none	none
eia_petroleum_barrel_prices	ok	33764	270112	16	1339	10712	0	0	0	1	none	none
uci_parking_birmingham_occupancy_i16	ok	35717	71434	30	1294	2588	0	0	0	1	none	none
arxiv_cs_lg_2024q1_metadata	ok	38360	115080	4	9590	28770	0	0	0	1	none	none
nasa_donki_cme	ok	41650	166600	5	8330	33320	0	0	0	1	none	none
opensky_states	ok	44580	178320	5	8536	34144	0	0	0	1	none	none
kegg_hsa_genes	ok	48504	194016	2	24252	97008	48504	121260	2	1	none	none
openfda_device_event	ok	50000	140000	5	10000	20000	0	0	0	1	none	none
huggingface_models_large	ok	50000	200000	10	4942	19768	0	0	0	1	none	none
who_atlas_gisah	ok	50428	403424	1	50428	403424	201712	403424	4	1	none	none
universities_domains_list	ok	51245	71743	5	10249	10249	0	0	0	1	none	none
uci_steel_plates_faults_features_f64	ok	52407	419256	27	1941	15528	0	0	0	1	none	none
rhea_reactions	ok	55029	128401	3	18343	36686	0	0	0	1	none	none
osf_preprints	ok	59997	239988	3	19999	79996	0	0	0	1	none	none
ooni_measurements	ok	60000	240000	3	20000	80000	0	0	0	1	none	none
anilist_media	ok	64534	172603	30	2288	5151	0	0	0	1	none	none
scryfall_default_cards	ok	65272	180931	29	2205	5268	0	0	0	1	none	none
library_of_congress_items	ok	66380	264316	5	15000	60000	0	0	0	1	none	none
usgs_quakes_month	ok	68900	374024	7	9842	39376	0	0	0	1	none	none
gleif_lei_records	ok	69797	219362	7	9971	39884	0	0	0	1	none	none
medrxiv_details	ok	77615	186276	5	15523	31046	15523	62092	1	1	none	none
uci_wine_quality	ok	77964	623712	24	3248.5	25988	0	0	0	1	none	none
crossref_members	ok	79572	318288	39	1839	7356	0	0	0	1	none	none
metmuseum_object_ids_large	ok	80220	320880	1	80220	320880	0	0	0	1	none	none
geonames_postal_fixed	ok	82980	663840	2	41490	331920	124470	290430	3	1	none	none
open_meteo_hourly_apparent_temperature	ok	87600	350400	5	17520	70080	0	0	0	1	none	none
open_meteo_hourly_cloud_cover	ok	87600	350400	5	17520	70080	0	0	0	1	none	none
open_meteo_hourly_dew_point	ok	87600	350400	5	17520	70080	0	0	0	1	none	none
open_meteo_hourly_diffuse_radiation	ok	87600	350400	5	17520	70080	0	0	0	1	none	none
open_meteo_hourly_direct_radiation	ok	87600	350400	5	17520	70080	0	0	0	1	none	none
open_meteo_hourly_precipitation	ok	87600	350400	5	17520	70080	0	0	0	1	none	none
open_meteo_hourly_pressure_msl	ok	87600	350400	5	17520	70080	0	0	0	1	none	none
open_meteo_hourly_relative_humidity	ok	87600	350400	5	17520	70080	0	0	0	1	none	none
open_meteo_hourly_shortwave_radiation	ok	87600	350400	5	17520	70080	0	0	0	1	none	none
open_meteo_hourly_surface_pressure	ok	87600	350400	5	17520	70080	0	0	0	1	none	none
open_meteo_hourly_temperature	ok	87600	350400	5	17520	70080	0	0	0	1	none	none
open_meteo_hourly_vapour_pressure_deficit	ok	87600	350400	5	17520	70080	0	0	0	1	none	none
open_meteo_hourly_wind	ok	87600	350400	5	17520	70080	0	0	0	1	none	none
owid_co2_source_emissions_annual_f32	ok	90856	363424	5	18115	72460	0	0	0	1	none	none
eia_series_petroleum	ok	91395	731160	11	9107	72856	91395	365580	11	1	none	none
nomis_employment	ok	92145	221148	5	18429	36858	0	0	0	1	none	none
gbif_occurrence_2024_coordinate_sample	ok	95952	527736	8	11994	47976	0	0	0	1	none	none
noaa_ghcn_daily_wesd_by_station	ok	102494	204988	24	5845	11690	0	0	0	1	none	none
worldclim_tavg_10m	ok	103680	414720	6	17280	69120	0	0	0	1	none	none
covid19_demographics_population_i64	ok	108618	868944	6	17428	139424	0	0	0	1	none	none
physionet_mitbih_annotation_codes_u8	ok	112647	112647	48	2299	2299	0	0	0	1	none	none
taginfo_tags_popular	ok	113896	911168	8	14237	113896	28474	42711	2	1	none	none
figshare_articles_large	ok	119994	679966	6	19999	119994	0	0	0	1	none	none
openml_runs_large	ok	120000	560000	6	20000	80000	0	0	0	1	none	none
noaa_ghcn_daily_tavg_by_station	ok	121079	242158	59	2588	5176	0	0	0	1	none	none
noaa_ghcn_daily_tsun_by_station	ok	133376	266752	16	11347.5	22695	0	0	0	1	none	none
bike_sharing_uci	ok	139032	399717	8	17379	52137	0	0	0	1	none	none
fred_treasury_yields_daily_bundle	ok	142482	569928	11	13865	55460	0	0	0	1	none	none
google_fonts_glyf_coordinates_i16	ok	143642	287284	3	30950	61900	0	0	0	1	none	none
weathergov_stations	ok	146184	974560	3	48728	389824	0	0	0	1	none	none
seismic_waveform_i32	ok	168000	672000	12	12000	48000	0	0	0	1	none	none
bitcoin_block_output_amounts_i64	ok	168392	1347136	12	14592.5	116740	0	0	0	1	none	none
eht_public_uvfits_visibilities_f32	ok	176439	705756	15	9744	38976	0	0	0	1	none	none
usgs_sitefile_all_large	ok	180808	1446464	2	90404	723232	271212	1627272	3	1	none	none
magic_gamma_telescope_event_features_f64	ok	190200	1521600	10	19020	152160	0	0	0	1	none	none
openml_tasks_large	ok	197900	752020	10	19790	79160	0	0	0	1	none	none
movielens_latest_small	ok	201672	806688	2	100836	403344	0	0	0	1	none	none
usgs_nwis_ph_daily	ok	202184	1617472	36	4561.5	36492	0	0	0	1	none	none
gutendex_catalog_books	ok	203883	565180	3	62588	125176	78707	314828	1	1	none	none
geonames_cities5000	ok	206700	1378000	3	68900	551200	0	0	0	1	none	none
zenodo_lora24_indoor_rssi_i8	ok	215232	215232	21	8732	8732	0	0	0	1	none	none
nasa_techport_projects	ok	227414	413480	11	20674	20674	0	0	0	1	none	none
silso_sunspot_activity_indices_f32	ok	230296	921184	6	38117.5	152470	0	0	0	1	none	none
statlog_landsat_satellite_u8	ok	231660	231660	8	28957.5	28957.5	0	0	0	1	none	none
ourairports_airports	ok	241771	1651444	3	85545	684360	0	0	0	1	none	none
nvd_cves_recent	ok	244224	651264	6	40704	81408	0	0	0	1	none	none
usgs_nwis_gage_height_daily	ok	262068	2096544	30	8843.5	70748	0	0	0	1	none	none
gwosc_event_strain_f32	ok	262144	1048576	2	131072	524288	0	0	0	1	none	none
noaa_ghcn_daily_wsfg_by_station	ok	266478	532956	33	8055	16110	0	0	0	1	none	none
nyc_311_descriptor_u16	ok	287186	574372	3	100000	200000	0	0	0	1	none	none
uniprot_protein_sizes	ok	294084	882252	74	2048	6834	0	0	0	1	none	none
jpl_close_approaches	ok	297934	2383472	7	42562	340496	0	0	0	1	none	none
gbif_datasets	ok	300000	1200000	3	100000	200000	0	0	0	1	none	none
nasa_power_daily_precip_temperature	ok	321420	2571360	20	16071	128568	0	0	0	1	none	none
globalcmt_catalog_f64	ok	340992	2727936	6	56832	454656	0	0	0	1	none	none
noaa_coops_water_temperature	ok	346842	2774736	2	173421	1387368	0	0	0	1	none	none
usgs_water_sites_rdb	ok	347330	2500776	5	69466	555728	69466	555728	1	1	none	none
who_gho_observations	ok	348104	1435929	8	43513	130539	0	0	0	1	none	none
hyg_star_photometry_i16	ok	356987	713974	3	119626	239252	0	0	0	1	none	none
usgs_nwis_streamflow_daily	ok	362420	2899360	40	9132	73056	0	0	0	1	none	none
chesscom_blitz_games	ok	368189	736378	83	3480	6960	0	0	0	1	none	none
eurostat_unemployment_monthly	ok	374109	1496436	1	374109	1496436	1870545	4489308	5	1	none	none
ghcnd_stations	ok	397497	1589988	3	132499	529996	0	0	0	1	none	none
nasa_fits_sample_image_planes	ok	422144	2737152	2	211072	1368576	0	0	0	1	none	none
nasa_power_daily_wind	ok	449280	3594240	30	14976	119808	0	0	0	1	none	none
openalex_works_2024_sample	ok	460000	1160000	23	20000	40000	0	0	0	1	none	none
sec_submissions_largecap_bundle	ok	483235	1739646	245	1001	4000	0	0	0	1	none	none
appliances_energy_uci	ok	513110	4104880	26	19735	157880	39470	315760	2	1	none	none
zenodo_battery_eis_complex_f32	ok	524234	2096936	26	21594	86376	0	0	0	1	none	none
noaa_coops_air_temperature	ok	525155	4201240	3	175044	1400352	0	0	0	1	none	none
noaa_coops_air_pressure	ok	525156	4201248	3	175047	1400376	0	0	0	1	none	none
nasa_power_daily_longwave_flux	ok	540600	4324800	40	13515	108120	0	0	0	1	none	none
noaa_ghcn_daily_awnd_by_station	ok	545792	1091584	57	9970	19940	0	0	0	1	none	none
noaa_stormevents_details_2024_f64	ok	593574	4748592	11	54388	435104	0	0	0	1	none	none
dataone_solr	ok	602719	2805438	7	100000	400000	0	0	0	1	none	none
wikimedia_pageviews_daily	ok	619828	2479312	208	3472	13888	0	0	0	1	none	none
earthquake_usgs	ok	630753	4880874	50	14515	115292	0	0	0	1	none	none
nasa_power_daily_humidity	ok	642840	5142720	40	16071	128568	0	0	0	1	none	none
zenodo_powder_xrd_patterns_f32	ok	647009	2588036	147	4403	17612	0	0	0	1	none	none
zenodo_aegis_obd_pid_u8	ok	679651	679651	156	4140	4140	0	0	0	1	none	none
usgs_nwis_dissolved_oxygen_daily	ok	700423	5603384	85	8398	67184	0	0	0	1	none	none
gdelt_events_avgtone_daily	ok	731884	2927536	7	107010	428040	0	0	0	1	none	none
gdelt_events_goldstein_daily	ok	731884	2927536	7	107010	428040	0	0	0	1	none	none
gdelt_events_nummentions_daily	ok	731884	2927536	7	107010	428040	0	0	0	1	none	none
gdelt_events_numsources_daily	ok	731884	2927536	7	107010	428040	0	0	0	1	none	none
zenodo_morphodunes_piv_f64	ok	738020	5904160	4	184704	1477632	0	0	0	1	none	none
wwpdb_mmcif_atom_coords_f32	ok	742731	2970924	8	15910.5	63642	0	0	0	1	none	none
jrc_global_surface_water_occurrence_u8	ok	786432	786432	12	65536	65536	0	0	0	1	none	none
taginfo_keys_all	ok	800000	5100000	8	100000	800000	0	0	0	1	none	none
binance_usdm_futures_bookdepth_btc_eth_2024_w01	ok	806360	6450880	28	28800	230400	806360	6450880	28	1	none	none
noaa_coops_water_level	ok	876000	7008000	5	175200	1401600	0	0	0	1	none	none
openalex_institutions_large	ok	880957	2642871	7	125851	503404	0	0	0	1	none	none
federalregister_documents_large	ok	887298	2661894	358	2463	6824	0	0	0	1	none	none
inspirehep_literature	ok	897494	2403434	195	5000	10000	0	0	0	1	none	none
nasa_power_daily_solar_flux	ok	898551	7188408	60	14976	119808	0	0	0	1	none	none
smithsonian_openaccess_gltf_indices_u16	ok	899964	1799928	3	299988	599976	0	0	0	1	none	none
nasa_power_daily_surface_state	ok	964260	7714080	60	16071	128568	0	0	0	1	none	none
nasa_power_daily_temperature_extremes	ok	964260	7714080	60	16071	128568	0	0	0	1	none	none
uci_sgemm_gpu_runtimes_f32	ok	966400	3865600	4	241600	966400	0	0	0	1	none	none
usgs_nwis_specific_conductance_daily	ok	984131	7873048	120	8317.5	66540	0	0	0	1	none	none
nasa_tess_lightcurves_f32	ok	1015204	4060816	64	15437	61748	0	0	0	1	none	none
ncbi_assembly_refseq_summary	ok	1045878	6275268	2	522939	3137634	1568625	6274500	3	1	none	none
nih_reporter_projects	ok	1064676	6388056	90	11664	66162	0	0	0	1	none	none
europe_pmc_search	ok	1127748	2631412	6	187958	375916	187958	751832	1	1	none	none
eeg_physionet	ok	1178880	2357760	30	39200	78400	0	0	0	1	none	none
uci_mhealth_activity_state_u8	ok	1215745	1215745	10	120960	120960	0	0	0	1	none	none
census_acs_pums_ca_person_2023_i64	ok	1265252	10122016	4	334276	2674208	0	0	0	1	none	none
macrostrat_units	ok	1422089	5688356	11	129262	517048	0	0	0	1	none	none
nasa_pds_gravity_harmonics_f64	ok	1443600	11548800	2	721800	5774400	0	0	0	1	none	none
statsbomb_open_events_numeric	ok	1512053	6048212	450	3442.5	13770	1668027	2780045	450	1	none	none
usgs_nwis_water_temperature_daily	ok	1680861	13446888	200	8567	68536	0	0	0	1	none	none
noaa_ghcn_daily_snwd_by_station	ok	1725872	3451744	58	28052.5	56105	0	0	0	1	none	none
uci_superconductivity_material_features_f64	ok	1743566	13948528	82	21263	170104	0	0	0	1	none	none
gas_sensor_array_drift_uci	ok	1794390	14257750	129	13910	111280	0	0	0	1	none	none
zenodo_silicon_diffraction_tiff_u16	ok	1843200	3686400	1	1843200	3686400	0	0	0	1	none	none
tokens_bert_gutenberg	ok	2011943	4023886	12	113744.5	227489	0	0	0	1	none	none
noaa_ghcn_daily_snow_by_station	ok	2077730	4155460	59	36089	72178	0	0	0	1	none	none
tokens_t5_gutenberg	ok	2258811	4517622	12	125381.5	250763	0	0	0	1	none	none
nist_matrix_market_sparse_matrices	ok	2300385	12268720	57	15100	71428	0	0	0	1	none	none
noaa_ghcn_daily_tmin_by_station	ok	2343685	4687370	59	41993	83986	0	0	0	1	none	none
openalex_sources_large	ok	2348739	7046217	9	260971	1043884	0	0	0	1	none	none
noaa_ghcn_daily_tmax_by_station	ok	2350732	4701464	59	41953	83906	0	0	0	1	none	none
noaa_ghcn_daily_prcp_by_station	ok	2374291	4748582	59	41780	83560	0	0	0	1	none	none
ptbxl_physionet	ok	2400000	9600000	200	12000	48000	0	0	0	1	none	none
openf1_belgium_2023_car_data_native	ok	2526120	3368160	120	21051	21051	0	0	0	1	none	none
gaia_dr3_astrometry_f32	ok	2671368	10685472	6	445228	1780912	0	0	0	1	none	none
openalex_authors_large	ok	2815400	7239600	7	402200	804400	0	0	0	1	none	none
openalex_author_topic_count_u8	ok	2858800	2858800	1	2858800	2858800	0	0	0	1	none	none
sensorless_drive_diagnosis_uci	ok	2866941	22525965	49	58509	468072	0	0	0	1	none	none
zenodo_accelerometer_pcm16	ok	2880000	5760000	60	48000	96000	0	0	0	1	none	none
zenodo_sanger_abif_i16	ok	3050572	6101144	252	14791	29582	0	0	0	1	none	none
gdc_somatic_mutations	ok	3323270	13293080	23	133731	534924	0	0	0	1	none	none
imdb_title_ratings	ok	3358804	13435216	2	1679402	6717608	0	0	0	1	none	none
tcia_eclipse_rtdose_u32	ok	3510285	14041140	3	1199128	4796512	0	0	0	1	none	none
metacpan_releases_search_large	ok	3597093	14388372	9	399677	1598708	0	0	0	1	none	none
zenodo_mturk_fitbit_heartrate_u8	ok	3614476	3614476	27	120958	120958	0	0	0	1	none	none
jhu_covid19_confirmed_us_daily	ok	3664458	14657832	3206	1143	4572	0	0	0	1	none	none
usgs_daily_values_large	ok	3733419	29867352	1800	2192	17536	0	0	0	1	none	none
citibike_2024_01_station_ids_u16	ok	3776170	7552340	16	180600	361200	0	0	0	1	none	none
nasa_naif_de440s_spk_coefficients_f64	ok	3863400	30907200	12	159262.5	1274100	0	0	0	1	none	none
beijing_air_quality_uci	ok	4219435	33755480	132	32141.5	257132	1534340	12274720	48	1	none	none
wwpdb_structure_factors_f32	ok	4295467	17181868	9	254234	1016936	0	0	0	1	none	none
kollmeyer_panasonic18650pf_drive_cycle_voltage_f64	ok	4452992	35623936	55	75811	606488	0	0	0	1	none	none
noaa_cors_rinex_observations_f64	ok	4574236	36593888	115	32648	261184	0	0	0	1	none	none
ncbi_gene_human	ok	4794554	19178216	4	1198638.5	4794554	0	0	0	1	none	none
landsat_scene_cloud_cover_f64	ok	5000000	40000000	1	5000000	40000000	0	0	0	1	none	none
natural_earth_10m_geometry_xy_f64	ok	5312502	42500016	1166	1461	11688	0	0	0	1	none	none
usgs_shakemap_ground_motion_f32	ok	5520480	22081920	14	394320	1577280	0	0	0	1	none	none
covid19_hospitalizations_u64	ok	6025565	48204520	9	191923	1535384	0	0	0	1	none	none
zenodo_zeroswarm_tcp_sequence_u32	ok	6071882	24287528	8	648765.5	2595062	0	0	0	1	none	none
bam_read_mapq_u8	ok	6170563	6170563	14	435368	435368	0	0	0	1	none	none
zenodo_marine_dom_positive_ms1_f32	ok	6232014	24928056	2802	2368	9472	0	0	0	1	none	none
usgs_geomag_observatory_minute_f32	ok	6296742	25186968	12	524702	2098808	0	0	0	1	none	none
physionet_bidmc_ppg_resp_i16	ok	6360106	12720212	106	60001	120002	0	0	0	1	none	none
noaa_tides_water_level	ok	7287492	58299936	42	175440	1403520	0	0	0	1	none	none
comma2k19_global_pose_ecef_positions_f64	ok	7291422	58331376	2035	3600	28800	0	0	0	1	none	none
janelia_mouselight_neuron_trees_32bit	ok	7788200	31152800	1280	3465.5	13862	0	0	0	1	none	none
zenodo_crab_giant_pulse_sigmf_ci16	ok	8000000	16000000	1	8000000	16000000	0	0	0	1	none	none
bbbc007_fluorescence_u8	ok	8050720	8050720	45	160000	160000	0	0	0	1	none	none
polyhaven_material_roughness_u8	ok	8388608	8388608	8	1048576	1048576	0	0	0	1	none	none
polyhaven_material_displacement_png_u16	ok	8388608	16777216	8	1048576	2097152	0	0	0	1	none	none
covid19_vaccinations_u64	ok	8697443	69579544	6	935708	7485664	0	0	0	1	none	none
unicode_bmp_gutenberg	ok	8700484	17400968	12	490769	981538	0	0	0	1	none	none
tcia_cmmd_mammography_u16	ok	8781432	17562864	2	4390716	8781432	0	0	0	1	none	none
nasa_heasarc_nicer_pi_i16	ok	8938390	17876780	31	18786	37572	0	0	0	1	none	none
alphafold_db_pae_matrices_f32	ok	9238233	36952932	15	277729	1110916	0	0	0	1	none	none
nmrxiv_p90_bruker_1h_fid_f64	ok	9961472	79691776	152	65536	524288	0	0	0	1	none	none
noaa_dcdb_csb_vessel_track_lonlat_f64	ok	10182222	81457776	895	3442	27536	0	0	0	1	none	none
cesnet_ts24_institution_traffic_bytes_u64	ok	10446225	83569800	278	40270	322160	10446225	41784900	278	1	none	none
nasa_sdo_aia_synoptic_i32	ok	10485760	41943040	10	1048576	4194304	0	0	0	1	none	none
fsdd_pcm_u8	ok	10498424	10498424	3000	3358.5	3358.5	0	0	0	1	none	none
fsdd_spoken_digits	ok	10498424	20996848	3000	3358.5	6717	0	0	0	1	none	none
zenodo_polarfront_ek60_power_i16	ok	10969908	21939816	3441	3188	6376	0	0	0	1	none	none
hf_timm_resnet18_conv_f32	ok	11166912	44667648	20	147456	589824	0	0	0	1	none	none
noaa_ndbc_wave_spectral_density_f64	ok	11719309	93754472	24	427159.5	3417276	0	0	0	1	none	none
asterisk_core_sounds_ulaw_u8	ok	11789778	11789778	558	10955	10955	0	0	0	1	none	none
binance_usdm_futures_1m_klines_2024_q1	ok	11793600	89107200	270	44640	357120	2620800	20966400	60	1	none	none
har_smartphone_uci	ok	11864448	94915584	18	659136	5273088	0	0	0	1	none	none
crossref_works_large_retry	ok	11996320	59981600	8	1499540	5998160	0	0	0	1	none	none
noaa_isd_lite	ok	12103704	20912475	502	26015	51830	0	0	0	1	none	none
uci_metropt3_digital_states_u8	ok	12135584	12135584	8	1516948	1516948	0	0	0	1	none	none
tcia_gamma_plan_rtdose_u16	ok	12497284	24994568	3	4119984	8239968	0	0	0	1	none	none
zenodo_zeroswarm_modbus_registers_u16	ok	12545824	25091648	13	1183563	2367126	0	0	0	1	none	none
nhtsa_fars_2022_crash_tables_f64	ok	12662622	101300976	190	60765	486120	0	0	0	1	none	none
skadi_srtm_hgt	ok	12967201	25934402	1	12967201	25934402	0	0	0	1	none	none
zenodo_metaclean_fcs_u32	ok	13236992	52947968	9	1589248	6356992	0	0	0	1	none	none
usda_fia_ca_tree_measurements_f32	ok	13318757	53275028	43	348210	1392840	0	0	0	1	none	none
jpl_gnssro_cosmic1_l1b_excess_phase_f64	ok	13471361	107770888	2393	5550	44400	0	0	0	1	none	none
grail_lgrs_kbr1c_ka_band_ranging_f64	ok	13734930	109879440	321	43200	345600	4578310	36626480	107	1	none	none
maestro_midi_notes	ok	14042884	14042884	2500	4542	4542	0	0	0	1	none	none
argo_gdac_ctd_profiles_f32	ok	14109087	56436348	138	27891.5	111566	0	0	0	1	none	none
binance_spot_1m_klines_2024_q1	ok	14152320	106928640	324	44640	357120	3144960	25159680	72	1	none	none
household_power_uci	ok	14344960	71724800	7	2049280	16394240	0	0	0	1	none	none
zenodo_adcp_pd0_i16	ok	14376696	28753392	3	4311744	8623488	0	0	0	1	none	none
zenodo_xsens_cymbal_landmarks_i16	ok	14564160	29128320	71	185280	370560	0	0	0	1	none	none
zenodo_lecroy_oscilloscope_i16	ok	15000034	30000068	21	500002	1000004	0	0	0	1	none	none
orex_ola_l2_lidar_point_xyz_f64	ok	15261174	122089392	44	293746.5	2349972	0	0	0	1	none	none
noaa_nexrad_level3_nids_radials_u8	ok	15897600	15897600	96	165600	165600	0	0	0	1	none	none
msd_hippocampus_segmentation_labels_u8	ok	16221128	16221128	258	62829	62829	0	0	0	1	none	none
igs_final_satellite_clock_bias_f64	ok	16369771	130958168	5688	2880	23040	0	0	0	1	none	none
zenodo_starlink_irtt_rtt_i32	ok	16563890	66255560	1432	11655.5	46622	0	0	0	1	none	none
gfz_gracefo_fgm_acal_bnec_f64	ok	16588788	132710304	64	259200	2073600	0	0	0	1	none	none
modis_active_fire_mask_u8	ok	17280000	17280000	12	1440000	1440000	0	0	0	1	none	none
tcia_lung_pet_ct_dx_u16	ok	18080000	36160000	3	5800000	11600000	0	0	0	1	none	none
ncbi_taxdump	ok	18084993	57095412	5	2840433	11361732	0	0	0	1	none	none
leap_climsim_lowres_e3sm_mmf_state_fields_f64	ok	19008000	152064000	825	23040	184320	0	0	0	1	none	none
google_clusterdata2011_task_usage_f32	ok	20950657	83802628	166	125555.5	502222	0	0	0	1	none	none
google_open_buildings_v3_s2_073_geometry_f32	ok	21297542	85190168	4	2173642.5	8694570	0	0	0	1	none	none
osm_daily_way_references_i64	ok	21307666	170461328	3	6908370	55266960	0	0	0	1	none	none
dc_lidar_2015_classification_u8	ok	21697532	21697532	3	7454412	7454412	0	0	0	1	none	none
dc_lidar_2015_intensity_u16	ok	21697532	43395064	3	7454412	14908824	0	0	0	1	none	none
dc_lidar_2015_gps_time_f64	ok	21697532	173580256	3	7454412	59635296	0	0	0	1	none	none
zenodo_polarfront_ek60_angles_i8	ok	21939816	21939816	6882	3188	3188	0	0	0	1	none	none
aswf_openexr_scanlines_f16	ok	22462336	44924672	27	888648	1777296	0	0	0	1	none	none
sec_fsd_2015q1_2024q4_numeric_values_i64	ok	22524021	180192168	787	16419	131352	0	0	0	1	none	none
covid19_google_mobility_f64	ok	24556604	196452832	6	4032314	32258512	0	0	0	1	none	none
nasa_pds_insight_apss_pressure_10hz_f32	ok	24857573	99430292	28	887773	3551092	0	0	0	1	none	none
chbmit_physionet	ok	24883200	49766400	66	368960	737920	0	0	0	1	none	none
snap_roadnet_edges_i32	ok	24920660	99682640	6	3843320	15373280	0	0	0	1	none	none
gracefo_l1b_ach1b_transplant_accelerometer_f64	ok	25142400	201139200	97	259200	2073600	0	0	0	1	none	none
noaa_shoals1000t_bluehillbay_topobathy_gps_time_f64	ok	25298628	202389024	92	255850.5	2046804	0	0	0	1	none	none
zenodo_calochallenge_showers_f64	ok	25336800	202694400	3910	6480	51840	0	0	0	1	none	none
nasa_heasarc_nicer_detector_u8	ok	26815170	26815170	93	18786	18786	0	0	0	1	none	none
binance_spot_aggtrades_btc_eth_2024_w01	ok	26957784	215662272	28	821957	6575656	67394460	444803436	70	1	none	none
icon_ivm_a_l27_ion_drift_velocity_f64	ok	27929904	223439232	360	79598.5	636788	0	0	0	1	none	none
aalto_arni_room_impulse_response_f32	ok	28047600	112190400	265	105840	423360	0	0	0	1	none	none
aloft_uva_vpts_animal_reflectivity_f32	ok	28369050	113476200	465	71200	284800	0	0	0	1	none	none
covertype_uci	ok	28469588	34279708	49	581012	581012	0	0	0	1	none	none
wohns_unified_genealogy_node_time_f64	ok	29149715	233197720	39	673050	5384400	0	0	0	1	none	none
nrel_resstock2021_state_enduse_load_profiles_f64	ok	29188320	233506560	833	35040	280320	0	0	0	1	none	none
nasa_pds_lola_rdr_spot_radius_range_i32	ok	29782498	119129992	56	553988	2215952	0	0	0	1	none	none
binance_usdm_futures_aggtrades_btc_eth_2024_w01	ok	30405852	243246816	28	882679	7061432	76014630	501696558	70	1	none	none
naif_mro_sc_bus_attitude_ck_f64	ok	30800000	246400000	88	350000	2800000	4400000	35200000	44	1	none	none
exomol_state_energy_levels_f64	ok	31168077	249344616	43	65869	526952	0	0	0	1	none	none
zenodo_leconte_chirp_segy_f32	ok	31345093	125380372	6895	4332	17328	0	0	0	1	none	none
icraf_afsis1_soil_mir_spectra_f32	ok	31914003	127656012	18247	1749	6996	0	0	0	1	none	none
physionet_tpehg_ehg_i16	ok	31967703	63935406	900	35350	70700	0	0	0	1	none	none
uci_emg_gestures_i8	ok	33265144	33265144	568	57841	57841	0	0	0	1	none	none
noaa_goes16_xrs_1s_flux_f32	ok	33523200	134092800	388	86400	345600	0	0	0	1	none	none
goose_vls128_lidar_scan_xyz_f32	ok	34501233	138004932	64	583156.5	2332626	0	0	0	1	none	none
zenodo_npx_opto_templates_f32	ok	35104768	140419072	14	2385161	9540644	0	0	0	1	none	none
wikimedia_clickstream_enwiki	ok	35605767	142423068	1	35605767	142423068	0	0	0	1	none	none
sxs_bbh_extrapolated_strain_modes_f64	ok	35837550	286700400	1071	31850	254800	853275	6826200	51	1	none	none
zenodo_spica_urban_das_f32	ok	38880000	155520000	9	4320000	17280000	0	0	0	1	none	none
pglib_opf_matpower_cases_numeric	ok	39285570	314284560	639	14406	115248	0	0	0	1	none	none
figshare_rmd17_trajectories_f64	ok	39600000	316800000	10	3600000	28800000	0	0	0	1	none	none
cdip_waverider_m3_z_displacement_f32	ok	42467328	169869312	128	331776	1327104	0	0	0	1	none	none
physionet_wearable_exam_stress_e4_acc_i8	ok	42555834	42555834	30	1205433	1205433	0	0	0	1	none	none
zenodo_adcp_pd0_backscatter_quality_u8	ok	43130088	43130088	9	4311744	4311744	0	0	0	1	none	none
hsl_gtfs_static_schedule_numeric	ok	44453630	226392932	8	5809272	25274372	0	0	0	1	none	none
encode_methylation_pct_u8	ok	44773596	44773596	24	1804995	1804995	0	0	0	1	none	none
fermi_gbm_tte_nai_photon_arrival_times_f64	ok	45118967	360951736	60	773682.5	6189460	0	0	0	1	none	none
zenodo_venere_nir_hsi_u16	ok	45342720	90685440	1	45342720	90685440	0	0	0	1	none	none
metabolights_mtbls12824_maxis_centroid_mz_f64	ok	45760543	366084344	24622	1622	12976	0	0	0	1	none	none
yearpredictionmsd_uci	ok	46896395	186554890	91	515345	2061380	0	0	0	1	none	none
nasa_pds_sharad_radargram_f32	ok	47106000	188424000	10	4658400	18633600	0	0	0	1	none	none
binance_usdm_futures_bookticker_2024_w01	ok	48000000	384000000	24	2000000	16000000	0	0	0	1	none	none
zenodo_imat_neutron_projections_f32	ok	48758784	195035136	186	262144	1048576	0	0	0	1	none	none
protomaps_osm_z15_building_coords_i16	ok	50182766	100365532	3700	8500	17000	0	0	0	1	none	none
isric_soilgrids_clay_i16	ok	51840000	103680000	256	202500	405000	0	0	0	1	none	none
electricity_load_diagrams_uci	ok	51894720	207578880	370	140256	561024	0	0	0	1	none	none
earthscope_pb_borehole_strain_counts_i32	ok	52531200	210124800	608	86400	345600	0	0	0	1	none	none
ahmedml_cfd_surface_mean_pressure_f32	ok	53282167	213128668	50	1082412	4329648	0	0	0	1	none	none
google_localized_narratives_ade20k_traces_f32	ok	53595026	214380104	5	17851358	71405432	0	0	0	1	none	none
zenodo_vacv_core_segmentation_mrc_u16	ok	53824000	107648000	1	53824000	107648000	0	0	0	1	none	none
monado_msd_valve_index_imu_f64	ok	54157290	433258320	60	687147	5497176	9026215	72209720	30	1	none	none
ncbi_geo_mm285_methylation_idat_mean_u16	ok	54273150	108546300	150	361821	723642	0	0	0	1	none	none
esa_worldcover_landcover_tiles_u8	ok	54525952	54525952	52	1048576	1048576	0	0	0	1	none	none
boreas_velodyne_alpha_prime_intensity_u8	ok	55619878	55619878	264	214646.5	214646.5	0	0	0	1	none	none
noaa_nos_sfbofs_fvcom_salinity_f32	ok	56284800	225139200	52	1082400	4329600	0	0	0	1	none	none
openneuro_ds003097_aomic_cortical_thickness_f32	ok	56920347	227681388	400	140810.5	563242	0	0	0	1	none	none
noaa_ndbc_stdmet_historical	ok	56949977	455599816	273	224130	1793040	0	0	0	1	none	none
deepmind_gencast_checkpoint_f32	ok	57342976	229371904	160	262144	1048576	0	0	0	1	none	none
dandi_ibl_bwm_spike_amplitudes_f64	ok	57416236	459329888	1321	34405	275240	0	0	0	1	none	none
zenodo_gridgnosis_pmu_voltage_magnitude_f32	ok	58442013	233768052	20	3240018	12960072	0	0	0	1	none	none
mitbih_arrhythmia_u8	ok	59150000	59150000	91	650000	650000	0	0	0	1	none	none
azure_vm2019_cpu_utilization_readings_f64	ok	59672817	477382536	264	226171.5	1809372	0	0	0	1	none	none
sentinel2_l2a_scene_classification_u8	ok	60280200	60280200	2	30140100	30140100	0	0	0	1	none	none
mitbih_arrhythmia_physionet	ok	62400000	124800000	96	650000	1300000	0	0	0	1	none	none
dandi_001076_zebrafish_calcium_fluorescence_f32	ok	62819025	251276100	48	1227534	4910136	0	0	0	1	none	none
zenodo_gia_stress_fields_f64	ok	64915200	519321600	7	9273600	74188800	0	0	0	1	none	none
zenodo_lodopab_ct_sinograms_f32	ok	65664000	262656000	128	513000	2052000	0	0	0	1	none	none
physionet_eit_thorax_images_f32	ok	66201600	264806400	17	3328000	13312000	0	0	0	1	none	none
tartanair_optical_flow_f32	ok	66355200	265420800	108	614400	2457600	0	0	0	1	none	none
diode_val_laser_depth_f32	ok	66846720	267386880	85	786432	3145728	0	0	0	1	none	none
openslr_rirs_noises_pcm16	ok	66979516	133959032	3810	15000	30000	0	0	0	1	none	none
geonames_allcountries	ok	67174535	322437768	5	13434907	53739628	0	0	0	1	none	none
figshare_dfl_bundesliga_position_tracking_f32	ok	68210454	272841816	1140	69131	276524	0	0	0	1	none	none
figshare_oscgrid_comtrade_raw_adc_i16	ok	72029952	144059904	928	62400	124800	0	0	0	1	none	none
bbbc039_microscopy_tiff_u16	ok	72384000	144768000	200	361920	723840	0	0	0	1	none	none
noaa_marinecadastre_ais_2024_01_01_f32	ok	74224797	296899188	11	7293096	29172384	0	0	0	1	none	none
hamsci_grape1_wwv10_doppler_frequency_f64	ok	74966875	599735000	903	84372	674976	0	0	0	1	none	none
ena_fastq_quality_phred	ok	75000000	75000000	150	500000	500000	0	0	0	1	none	none
mace_mp_foundation_model_weights_f64	ok	77043968	616351744	247	32768	262144	0	0	0	1	none	none
openneuro_ds004212_things_meg_ctf_i32	ok	80179200	320716800	192	417600	1670400	0	0	0	1	none	none
fingrid_nordic_grid_frequency_10hz_f32	ok	80261336	321045344	93	863917	3455668	0	0	0	1	none	none
ceda_ukdale_iam_appliance_power_u16	ok	82837497	165674994	51	1842782	3685564	82837497	331349988	51	1	none	none
figshare_fukuchi_forceplate_c3d_f32	ok	83857942	335431768	1966	30192	120768	0	0	0	1	none	none
noaa_stofs2d_glo_adcirc_station_water_level_f64	ok	85075200	680601600	40	2126880	17015040	0	0	0	1	none	none
uci_hydraulic_system_cycles_f32	ok	85182000	340728000	14197	6000	24000	0	0	0	1	none	none
earthscope_4p_mt_magnetic_field_counts_i32	ok	86447694	345790776	135	777026	3108104	0	0	0	1	none	none
geoschem_gc1470_fullchem_restart_species_f64	ok	87039360	696314880	365	238464	1907712	0	0	0	1	none	none
the_well_post_neutron_star_merger_density_f32	ok	87588864	350355456	54	1622016	6488064	0	0	0	1	none	none
rgl_epfl_isotropic_spectral_brdf_f32	ok	88258560	353034240	51	1597440	6389760	0	0	0	1	none	none
zenodo_epfl_loraiq_sf10_iq_frames_f32	ok	89624782	358499128	256	240023	960092	0	0	0	1	none	none
nasa_pds_cassini_vims_qube_i16	ok	89698752	179397504	120	563200	1126400	0	0	0	1	none	none
pfam_profile_hmm_match_emissions_f32	ok	93130540	372522160	27496	2580	10320	0	0	0	1	none	none
tcia_ldct_siemens_ct_projections_u16	ok	94208000	188416000	2000	47104	94208	0	0	0	1	none	none
susy_uci	ok	95000000	365000000	19	5000000	20000000	0	0	0	1	none	none
rwth_isea_home_storage_battery_voltage_f32	ok	95040000	380160000	36	2678400	10713600	0	0	0	1	none	none
gwa_v4_country_wind_speed_100m_f32	ok	95611417	382445668	31	2908444	11633776	0	0	0	1	none	none
openimages_v6_train_bbox_annotations_f32	ok	98970872	308556248	17	5821816	23287264	0	0	0	1	none	none
wiod2016_world_input_output_tables_f64	ok	99200640	793605120	15	6613376	52907008	0	0	0	1	none	none
zenodo_gpr_rd3_i16	ok	100995072	201990144	12	4409856	8819712	0	0	0	1	none	none
nasa_pds_mastcamz_raw_i16	ok	102835200	205670400	52	1977600	3955200	0	0	0	1	none	none
zenodo_rat_fus_image_sequence_f32	ok	107712000	430848000	1	107712000	430848000	0	0	0	1	none	none
nasa_wmap_healpix_sky_maps_f32	ok	110100480	440401920	35	3145728	12582912	0	0	0	1	none	none
dandi_000020_patchseq_current_clamp_f32	ok	112275629	449102516	736	54650	218600	0	0	0	1	none	none
geonames_alternatenames	ok	113882214	246744797	6	18980369	28470553.5	0	0	0	1	none	none
desi_dr1_coadd_dark_flux_f32	ok	114825982	459303928	108	1081590	4326360	0	0	0	1	none	none
zenodo_flir_vue_iceberg_thermal_u16	ok	117964800	235929600	360	327680	655360	0	0	0	1	none	none
tum_rgbd_depth_u16	ok	122880000	245760000	400	307200	614400	0	0	0	1	none	none
irsa_spherex_qr3_l2_spectral_image_f32	ok	124848000	499392000	30	4161600	16646400	0	0	0	1	none	none
polyhaven_hdri_exr_f32	ok	127401984	509607936	9	8388608	33554432	0	0	0	1	none	none
smollm2_135m_q8_gguf_weights	ok	134479872	134479872	211	331776	331776	0	0	0	1	none	none
hf_smolllm2_135m_safetensors_f16	ok	134515008	269030016	272	331776	663552	0	0	0	1	none	none
stereo_a_impact_mag_rtn_bfield_f32	ok	137546312	550185248	200	691170.5	2764682	0	0	0	1	none	none
umich_nclt_velodyne_hdl32e_xyz_u16	ok	138658614	277317228	1024	135510	271020	0	0	0	1	none	none
zenodo_pacbio_sequel_subread_ipd_codecv1_u8	ok	139127891	139127891	14550	9561.5	9561.5	0	0	0	1	none	none
modelnet10_off_mesh_vertices_f32	ok	139741776	558967104	4899	8472	33888	0	0	0	1	none	none
figshare_fukuchi_marker_trajectories_f32	ok	144088704	576354816	5898	9768	39072	0	0	0	1	none	none
mbari_mars_hydrophone_hmd_psd_f32	ok	144478080	577912320	36	4013280	16053120	0	0	0	1	none	none
openneuro_ds003097_aomic_dti_tensor_f32	ok	144506880	578027520	32	4515840	18063360	0	0	0	1	none	none
weatherbench2_era5_pressure_level_fields_f32	ok	144967680	579870720	384	377520	1510080	0	0	0	1	none	none
noaa_cdr_seaice_conc_nh_daily_u8	ok	149266432	149266432	1096	136192	136192	0	0	0	1	none	none
ascad_atmega8515_raw_power_traces_i8	ok	150000000	150000000	1500	100000	100000	0	0	0	1	none	none
mast_iue_swp_raw_image_u8	ok	150994944	150994944	256	589824	589824	0	0	0	1	none	none
srsp_scotland_phase1_lidar_scan_angle_i8	ok	151122545	151122545	88	1759592.5	1759592.5	0	0	0	1	none	none
openneuro_ds004584_pd_rest_eeg_f32	ok	151477200	605908800	30	4817925	19271700	0	0	0	1	none	none
noaa_ngs_potomac_topobathy_vq880g_intensity_u16	ok	153398476	306796952	48	3421887.5	6843775	0	0	0	1	none	none
dwd_radolan_rw_precip_i16	ok	155520000	311040000	192	810000	1620000	0	0	0	1	none	none
google_books_1gram_counts_2020_eng_u64	ok	158333331	949999986	3	52777777	422222216	0	0	0	1	none	none
usgs_3dep_nc_geiger_laz_x_i32	ok	167277065	669108260	25	7614983	30459932	0	0	0	1	none	none
tumvie_prophesee_gen4_events_xy_u16	ok	176160768	352321536	42	4194304	8388608	0	0	0	1	none	none
citibike_2024_trip_geocoords_f64	ok	176663392	1413307136	200	995688.5	7965508	0	0	0	1	none	none
fermi_lat_weekly_photon_events_f32	ok	178923090	715692360	90	1982040.5	7928162	0	0	0	1	none	none
nasa_heliocloud_iris_l1_fuv_frames_i16	ok	181672960	363345920	40	4541824	9083648	0	0	0	1	none	none
figshare_rousettus_vocalizations_i16	ok	184216832	368433664	400	369488	738976	0	0	0	1	none	none
cifar10_pixels_u8	ok	184320000	184320000	180000	1024	1024	0	0	0	1	none	none
nasa_heasarc_batse_cont_counts_i16	ok	191592448	383184896	50	3966976	7933952	0	0	0	1	none	none
uci_dorothea_binary_molecular_features_u8	ok	195000000	195000000	1950	100000	100000	0	0	0	1	none	none
usgs_3dep_id_northforkpayette_laz_return_number_u8	ok	196763633	196763633	20	9834908	9834908	0	0	0	1	none	none
cmip6_cesm2_historical_daily_precip_f32	ok	201830400	807321600	3650	55296	221184	0	0	0	1	none	none
mpc_aster_l1t_tir_u16	ok	202936125	405872250	51	3902080	7804160	0	0	0	1	none	none
physionet_charis_icp_i16	ok	204043652	408087304	9	17095224	34190448	0	0	0	1	none	none
zenodo_mimii_valve_mic_array_i16	ok	204800000	409600000	160	1280000	2560000	0	0	0	1	none	none
physionet_grabmyo_semg_i16	ok	209592320	419184640	731	286720	573440	0	0	0	1	none	none
coco_panoptic_val2017_labels_u8	ok	210959332	527398330	768	273280	408960	0	0	0	1	none	none
cloudnet_lindenberg_chm15k_beta_raw_f32	ok	212137000	848548000	24	8841600	35366400	0	0	0	1	none	none
luh_lumo_tower_acceleration_f32	ok	213969600	855878400	216	990600	3962400	0	0	0	1	none	none
nasa_pds_voyager_iss_saturn_raw_u8	ok	215680000	215680000	337	640000	640000	0	0	0	1	none	none
earthbigdata_s1_global_coherence_vv_coh12_u8	ok	216000000	216000000	150	1440000	1440000	0	0	0	1	none	none
pdebench_2d_cfd_turb_m1_density_f32	ok	220200960	880803840	40	5505024	22020096	0	0	0	1	none	none
comet_licsar_s1_unwrapped_phase_f32	ok	224351928	897407712	24	9286356	37145424	0	0	0	1	none	none
cartographer_backpack2d_hokuyo_ranges_f32	ok	225913467	903653868	16	13407654	53630616	0	0	0	1	none	none
openneuro_ds000030_t1w_mri_f32	ok	230686720	922746880	20	11534336	46137344	0	0	0	1	none	none
zenodo_newcastle_geneactiv_wrist_accel_i16	ok	233424900	466849800	13	19001700	38003400	0	0	0	1	none	none
tumvi_euroc_1024_cam_frames_u16	ok	234881024	469762048	224	1048576	2097152	0	0	0	1	none	none
swisstopo_swisssurface3d_alps_las_z_i32	ok	238892601	955570404	15	15627117	62508468	0	0	0	1	none	none
umbra_spotlight_sicd_complex_slc_f32	ok	244426250	977705000	10	24983780	99935120	0	0	0	1	none	none
tcia_nsclc_radiomics_ct_i16	ok	244580352	489160704	933	262144	524288	0	0	0	1	none	none
zenodo_nordif_ebsd_kikuchi_patterns_u8	ok	244684800	244684800	4248	57600	57600	0	0	0	1	none	none
usgs_3dep_cameronpeak_vq1560ii_scan_angle_i16	ok	245581947	491163894	24	10693543.5	21387087	0	0	0	1	none	none
medmnist_pathmnist_images_u8	ok	252087360	252087360	107180	2352	2352	0	0	0	1	none	none
empiar_10994_sbfsem_bsed_slices_u16	ok	252375600	504751200	132	1960000	3920000	0	0	0	1	none	none
openneuro_ds000030_fmri_bold_i16	ok	257499136	514998272	10	27295744	54591488	0	0	0	1	none	none
nsynth_test_notes_i16	ok	262144000	524288000	4096	64000	128000	0	0	0	1	none	none
zenodo_tem_tilt_series_i16	ok	264241152	528482304	63	4194304	8388608	0	0	0	1	none	none
nasa_pds_mola_megdr_i16	ok	265420800	530841600	4	66355200	132710400	0	0	0	1	none	none
zenodo_open_ephys_continuous_i16	ok	266375168	532750336	4	66593792	133187584	0	0	0	1	none	none
mpc_modis_mod13a1_ndvi_i16	ok	276480000	552960000	48	5760000	11520000	0	0	0	1	none	none
nasa_pds_cassini_rpws_wbr_10khz_waveform_u8	ok	284050336	284050336	88	2472960	2472960	0	0	0	1	none	none
physionet_circor_pcg_i16	ok	289355051	578710102	3163	85824	171648	0	0	0	1	none	none
fmi_radar_ppi_vrad_u8	ok	300900675	300900675	75	4012009	4012009	0	0	0	1	none	none
zenodo_astar_niti_sped_patterns_u8	ok	306498816	306498816	14781	20736	20736	0	0	0	1	none	none
sentinel2_l2a_reflectance_cogs_u16	ok	308098800	616197600	6	30140100	60280200	0	0	0	1	none	none
librispeech_dev_clean_i16	ok	310337932	620675864	2703	94720	189440	0	0	0	1	none	none
noaa_coastal_maine_topobathy_classification_u8	ok	312002256	312002256	50	6168542.5	6168542.5	0	0	0	1	none	none
ign_lidarhd_terrainmapper_intensity_u16	ok	312419900	624839800	12	25792357.5	51584715	0	0	0	1	none	none
met_open_access_paintings_u8	ok	329612454	329612454	30	10817869.5	10817869.5	0	0	0	1	none	none
ambientcg_photogrammetry_normalgl_u16	ok	337643520	675287040	119	3145728	6291456	0	0	0	1	none	none
nasa_pds_cassini_radar_bidr_sigma0_u8	ok	343474176	343474176	22	8781824	8781824	0	0	0	1	none	none
noaa_wcsd_em302_water_column_i8	ok	343505942	343505942	1953	115350	115350	1124928	2249856	3906	1	none	none
nasa_pds_magellan_fmidr_sar_u8	ok	352321536	352321536	336	1048576	1048576	0	0	0	1	none	none
mpc_goes18_abi_cmi_c13_fulldisk_u16	ok	353037312	706074624	12	29419776	58839552	0	0	0	1	none	none
google_hdrplus_pixel_raw_bayer_u16	ok	356402112	712804224	29	12289728	24579456	0	0	0	1	none	none
sentinel1_grd_measurement_u16	ok	365856036	731712072	4	91464009	182928018	0	0	0	1	none	none
bosch_cnc_milling_ciss_vibration_i16	ok	367566345	735132690	1163	264192	528384	0	0	0	1	none	none
zenodo_m3d_iwr6843_radar_adc_i16	ok	368640000	737280000	16	24576000	49152000	0	0	0	1	none	none
ncbi_geo_gpl5423_scanarray_cdna_scan_u16	ok	372134400	744268800	24	15492400	30984800	0	0	0	1	none	none
tcia_covid19_ny_sbu_chest_cr_u16	ok	373174272	746348544	48	7774464	15548928	0	0	0	1	none	none
usgs_grandbay_klein3900_sidescan_xtf_u16	ok	392249344	784498688	24	17600512	35201024	0	0	0	1	none	none
bbbc021_microscopy_tiff_u16	ok	393216000	786432000	300	1310720	2621440	0	0	0	1	none	none
google_alphaearth_satellite_embeddings_i8	ok	402653184	402653184	384	1048576	1048576	0	0	0	1	none	none
empiar_10318_microed_diffraction_frames_u16	ok	402653184	805306368	24	16777216	33554432	0	0	0	1	none	none
mast_jwst_nircam_sw_uncal_ramps_u16	ok	402653184	805306368	12	33554432	67108864	0	0	0	1	none	none
mpc_modis_mod10a1_ndsi_snow_cover_u8	ok	403200000	403200000	70	5760000	5760000	0	0	0	1	none	none
noaa_rstn_sagamore_hill_srs_spectra_u8	ok	404523186	404523186	72	5547634.5	5547634.5	504393	2017572	36	1	none	none
musopen_chopin_solo_piano_pcm_i16	ok	410896576	821793152	39	9292488	18584976	0	0	0	1	none	none
pfam_seed_alignments_u8	ok	411242401	411242401	22719	6150	6150	0	0	0	1	none	none
zenodo_esrf_mxene_aerogel_microct_slices_u8	ok	419575420	419575420	220	1907161	1907161	0	0	0	1	none	none
zenodo_offaxis_dhm_holograms_u8	ok	427819008	427819008	102	4194304	4194304	0	0	0	1	none	none
sevir_vil_storm_events_u8	ok	433520640	433520640	60	7225344	7225344	0	0	0	1	none	none
csiro_parkes_uwl_search_mode_u8	ok	436207616	436207616	32	13631488	13631488	0	0	0	1	none	none
zenodo_v16_nb_iot_sigmf_ci16	ok	438824272	877648544	2	219412136	438824272	0	0	0	1	none	none
esc50_environmental_audio_i16	ok	441000000	882000000	2000	220500	441000	0	0	0	1	none	none
gavo_hdap_walz_photographic_plate_scans_u16	ok	443106625	886213250	25	15998398	31996796	0	0	0	1	none	none
zenodo_nanopore_slow5_i16	ok	449967586	899935172	15670	21995	43990	0	0	0	1	none	none
openneuro_ds003483_vectorview_meg_mag_i16	ok	450126000	900252000	612	720500	1441000	0	0	0	1	none	none
nihcc_chestxray14_frontal_radiograph_png_u8	ok	450887680	450887680	430	1048576	1048576	0	0	0	1	none	none
noaa_ims_snow_ice_cover_u8	ok	452984832	452984832	12	37748736	37748736	0	0	0	1	none	none
apple_hypersim_normal_cam_f16	ok	467140608	934281216	198	2359296	4718592	0	0	0	1	none	none
aind_bci_2p_scanimage_trials_i16	ok	487325696	974651392	11	44171264	88342528	0	0	0	1	none	none
blender_open_movies_yuv420_u8	ok	491904000	491904000	36	8198400	8198400	0	0	0	1	none	none
mpc_modis_mod15a2h_fpar_u8	ok	552960000	552960000	96	5760000	5760000	0	0	0	1	none	none
empiar_10511_k2_counting_movie_frames_u8	ok	569559200	569559200	40	14238980	14238980	0	0	0	1	none	none
zenodo_hc18_fetal_head_ultrasound_u8	ok	572299207	572299207	1325	432000	432000	0	0	0	1	none	none
ncbi_refseq_viral_genomes_u8	ok	577707132	577707132	19433	6864	6864	0	0	0	1	none	none
mpc_landsat_c2_l1_mss_dn_u8	ok	746545896	746545896	52	13814153	13814153	0	0	0	1	none	none
empiar_13192_sbfsem_vessel_slices_u8	ok	805306368	805306368	32	25165824	25165824	0	0	0	1	none	none
nasa_pds_sharad_edr_raw_echo_i8	ok	901850400	901850400	24	37814400	37814400	0	0	0	1	none	none
nasa_pds_themis_ir_mosaic_u8	ok	948687484	948687484	2	474343742	474343742	0	0	0	1	none	none
bbbc038_nuclei_masks_u8	ok	949747588	949747588	3468	129600	129600	0	0	0	1	none	none
tcia_remind_intraop_brain_ultrasound_u8	ok	972270283	972270283	14	69039216	69039216	0	0	0	1	none	none
