phase	product	lidvid	records	dat_bytes	label_bytes	label_sha256	start_utc	stop_utc
recon_b	20200127_ola_scil2id06050	urn:nasa:pds:orex.ola:data_calibrated_v2:20200127_ola_scil2id06050.dat::1.0	97909	18211074	17052	882282da2c2e727663a79f269d9195c1ea19c340099b4e34d41fa1094d90d04e	2020-01-27T20:50:04.846Z	2020-01-27T21:05:39.671Z
recon_b	20200127_ola_scil2id06051	urn:nasa:pds:orex.ola:data_calibrated_v2:20200127_ola_scil2id06051.dat::1.0	97925	18214050	17052	68e214b93126c9f68b24607b71806017f67828d13e26770032de77cb53394a75	2020-01-27T22:50:04.873Z	2020-01-27T23:05:39.719Z
recon_b	20200128_ola_scil2id06053	urn:nasa:pds:orex.ola:data_calibrated_v2:20200128_ola_scil2id06053.dat::1.0	97903	18209958	17052	fe27d26440e2c2126726f86d3ecb2427fc4a447afc3a7fee137a6d617040c0f4	2020-01-28T02:50:05.767Z	2020-01-28T03:05:40.579Z
recon_b	20200128_ola_scil2id06054	urn:nasa:pds:orex.ola:data_calibrated_v2:20200128_ola_scil2id06054.dat::1.0	97937	18216282	17052	7cbb48fd672d90a19221c9b5acb1d7103ca8f1e7f6e0dec62ee94c4f963cd0ce	2020-01-28T04:50:04.641Z	2020-01-28T05:05:39.574Z
recon_b	20200128_ola_scil2id06056	urn:nasa:pds:orex.ola:data_calibrated_v2:20200128_ola_scil2id06056.dat::1.0	97923	18213678	17052	618c0d406c5186cd691ae725e0ff42d2c3554789b7044dc4b40a26eb20e511d8	2020-01-28T08:50:05.887Z	2020-01-28T09:05:40.738Z
recon_b	20200128_ola_scil2id06057	urn:nasa:pds:orex.ola:data_calibrated_v2:20200128_ola_scil2id06057.dat::1.0	97950	18218700	17052	99070dc964fd7f057e599f7eb305e2774dde4b01e240b1d9b8c972a54677e6c8	2020-01-28T10:50:04.822Z	2020-01-28T11:05:39.656Z
recon_b	20200128_ola_scil2id06059	urn:nasa:pds:orex.ola:data_calibrated_v2:20200128_ola_scil2id06059.dat::1.0	97919	18212934	17052	1c9459e34c16ab46e1ba3d35a8b1c4600410e81765cebcdb6228e43dfbde24f0	2020-01-28T20:50:05.239Z	2020-01-28T21:05:40.118Z
recon_b	20200128_ola_scil2id06060	urn:nasa:pds:orex.ola:data_calibrated_v2:20200128_ola_scil2id06060.dat::1.0	97942	18217212	17052	32d281f6f261e7fb63e84070cec3d6078bf3965cfe07d151751507e16d6b0fd9	2020-01-28T22:50:05.136Z	2020-01-28T23:05:39.927Z
recon_b	20200129_ola_scil2id06062	urn:nasa:pds:orex.ola:data_calibrated_v2:20200129_ola_scil2id06062.dat::1.0	97919	18212934	17052	d34c0003018f44a3d2169c074982843a066511941c4bb1006b94af09987aa94e	2020-01-29T02:50:05.830Z	2020-01-29T03:05:40.667Z
recon_b	20200129_ola_scil2id06063	urn:nasa:pds:orex.ola:data_calibrated_v2:20200129_ola_scil2id06063.dat::1.0	97956	18219816	17052	8c2b6fbddf315513122486148789f63d391fd51b4559e4dbcb990a2ee164f7f6	2020-01-29T04:50:04.744Z	2020-01-29T05:05:39.521Z
recon_b	20200129_ola_scil2id06065	urn:nasa:pds:orex.ola:data_calibrated_v2:20200129_ola_scil2id06065.dat::1.0	97944	18217584	17052	22da0e5b6d4fd1aca089c4fc9fa57b64449b1b60e8dc5ac6296be4ec72eecbe2	2020-01-29T08:50:06.426Z	2020-01-29T09:05:41.346Z
recon_b	20200129_ola_scil2id06066	urn:nasa:pds:orex.ola:data_calibrated_v2:20200129_ola_scil2id06066.dat::1.0	97967	18221862	17052	37d5a8c48d5601ae183cc46c69af6a3b9ba8e5e3d20ab9cfc7fb609dccccf3c1	2020-01-29T10:50:04.912Z	2020-01-29T11:05:39.718Z
recon_b	20200131_ola_scil2id06068	urn:nasa:pds:orex.ola:data_calibrated_v2:20200131_ola_scil2id06068.dat::1.0	97858	18201588	17052	4e4712a4f025049b578136f2b62a8617fae6b10344ff00b73c168d25e6eabe86	2020-01-31T20:50:05.014Z	2020-01-31T21:05:39.785Z
recon_b	20200204_ola_scil2id06069	urn:nasa:pds:orex.ola:data_calibrated_v2:20200204_ola_scil2id06069.dat::1.0	97876	18204936	17052	719d252b0cbb863903efc57d271fde03749fe66d86a11e9ccf67d60ded5f0abe	2020-02-04T20:50:04.764Z	2020-02-04T21:05:39.588Z
recon_b	20200204_ola_scil2id06070	urn:nasa:pds:orex.ola:data_calibrated_v2:20200204_ola_scil2id06070.dat::1.0	97890	18207540	17052	229dd9ea2e5f103ed97db39772318d426c2cce4469f22d71e03a88e149e60f3f	2020-02-04T22:50:04.597Z	2020-02-04T23:05:39.426Z
recon_b	20200205_ola_scil2id06072	urn:nasa:pds:orex.ola:data_calibrated_v2:20200205_ola_scil2id06072.dat::1.0	97881	18205866	17052	fa81c1b0ad9317ae1ee93bd01cd425b08be43091aa08f2b8c2e50b04f6d3b4a5	2020-02-05T02:50:05.297Z	2020-02-05T03:05:40.144Z
recon_b	20200205_ola_scil2id06073	urn:nasa:pds:orex.ola:data_calibrated_v2:20200205_ola_scil2id06073.dat::1.0	97926	18214236	17052	c8b70919e8e7c3684a9f69f96c544a7335248c0b5b64c7cd61357a442a323a69	2020-02-05T04:50:04.537Z	2020-02-05T05:05:39.378Z
recon_b	20200205_ola_scil2id06075	urn:nasa:pds:orex.ola:data_calibrated_v2:20200205_ola_scil2id06075.dat::1.0	97911	18211446	17052	c3b4273e0bf5fb746bef24977aaa5f28cdda7a7aa13b379f9e1919993c851179	2020-02-05T08:50:05.624Z	2020-02-05T09:05:40.461Z
recon_b	20200205_ola_scil2id06076	urn:nasa:pds:orex.ola:data_calibrated_v2:20200205_ola_scil2id06076.dat::1.0	97940	18216840	17052	af9e953c9e24ec71549cf7b2bc5540d1a3ad2f01e60674d247d340aeae030a85	2020-02-05T10:50:04.545Z	2020-02-05T11:05:39.352Z
recon_b	20200205_ola_scil2id06078	urn:nasa:pds:orex.ola:data_calibrated_v2:20200205_ola_scil2id06078.dat::1.0	97910	18211260	17052	92da2b349ad6021308f9d9d1cc5f48d6a5f7e20102cfca7e6caaf2e93ca65fe7	2020-02-05T20:50:04.844Z	2020-02-05T21:05:39.765Z
recon_b	20200205_ola_scil2id06079	urn:nasa:pds:orex.ola:data_calibrated_v2:20200205_ola_scil2id06079.dat::1.0	97936	18216096	17052	183e8c1149a3e2c73df3bee67127728f8c98cbdaf3d00f7abb85715efb6d3ede	2020-02-05T22:50:04.607Z	2020-02-05T23:05:39.450Z
recon_b	20200206_ola_scil2id06081	urn:nasa:pds:orex.ola:data_calibrated_v2:20200206_ola_scil2id06081.dat::1.0	97914	18212004	17052	a7fb14b6820c217d176d51844777a4def0b0fbd2216aa79edad20a7bbea44bbe	2020-02-06T02:50:05.378Z	2020-02-06T03:05:40.240Z
recon_b	20200206_ola_scil2id06082	urn:nasa:pds:orex.ola:data_calibrated_v2:20200206_ola_scil2id06082.dat::1.0	97942	18217212	17052	c299434d394621b9e79a5a1175f5eeb07870360727ca38e2fa2fc1fd349ece95	2020-02-06T04:50:04.219Z	2020-02-06T05:05:39.090Z
recon_b	20200206_ola_scil2id06084	urn:nasa:pds:orex.ola:data_calibrated_v2:20200206_ola_scil2id06084.dat::1.0	97926	18214236	17052	ed3346b0dc042c4da7908eed2c6bdfbb864f22ea87769bebcd9bfc46d8d1cdfe	2020-02-06T08:50:05.808Z	2020-02-06T09:05:40.596Z
recon_b	20200206_ola_scil2id06085	urn:nasa:pds:orex.ola:data_calibrated_v2:20200206_ola_scil2id06085.dat::1.0	97948	18218328	17052	91e6714f14dcc56a75d2e3d0c8a143f38604db8e61a8806e6027a35c9cd431d4	2020-02-06T10:50:04.674Z	2020-02-06T11:05:39.453Z
recon_b	20200207_ola_scil2id06087	urn:nasa:pds:orex.ola:data_calibrated_v2:20200207_ola_scil2id06087.dat::1.0	97873	18204378	17052	c2eaff564caa68975da9865877f151788ccf9a0aa1ac64afb08c6469a74726e3	2020-02-07T20:50:05.010Z	2020-02-07T21:05:39.743Z
recon_b	20200207_ola_scil2id06088	urn:nasa:pds:orex.ola:data_calibrated_v2:20200207_ola_scil2id06088.dat::1.0	97909	18211074	17052	54fe3358b0175da94c5b353e331e34b62cf4eaef18a2edb69dd0ae8fe105af6e	2020-02-07T22:50:04.835Z	2020-02-07T23:05:39.695Z
recon_b	20200208_ola_scil2id06090	urn:nasa:pds:orex.ola:data_calibrated_v2:20200208_ola_scil2id06090.dat::1.0	97900	18209400	17052	a8e8a84937e432076adc9c290908d9062d0c3cf7c3d95a331bf8e4b4b4c8c076	2020-02-08T02:50:06.034Z	2020-02-08T03:05:40.854Z
recon_b	20200208_ola_scil2id06091	urn:nasa:pds:orex.ola:data_calibrated_v2:20200208_ola_scil2id06091.dat::1.0	97931	18215166	17052	da9aee3b3a6553c7c0bf061b83ff5dfaaa5071edd5d508fb9ad42148c031026f	2020-02-08T04:50:04.367Z	2020-02-08T05:05:39.091Z
recon_b	20200208_ola_scil2id06093	urn:nasa:pds:orex.ola:data_calibrated_v2:20200208_ola_scil2id06093.dat::1.0	97922	18213492	17052	93f29659a7a94288211d7269f006ff88a492532d92de169dc7fabb9fe94560e4	2020-02-08T08:50:05.670Z	2020-02-08T09:05:40.543Z
recon_b	20200208_ola_scil2id06094	urn:nasa:pds:orex.ola:data_calibrated_v2:20200208_ola_scil2id06094.dat::1.0	97953	18219258	17052	283d64b17af5899d70c9068dc1b1738a606f5f9ab380a9f474e4dc890dfb743c	2020-02-08T10:50:04.500Z	2020-02-08T11:05:39.227Z
recon_b	20200208_ola_scil2id06096	urn:nasa:pds:orex.ola:data_calibrated_v2:20200208_ola_scil2id06096.dat::1.0	97921	18213306	17052	3d5b113fd004edfba79b1fec073e27a06e47f0103b40b36ffad9532d0f27f9dd	2020-02-08T20:50:04.961Z	2020-02-08T21:05:39.799Z
recon_b	20200208_ola_scil2id06097	urn:nasa:pds:orex.ola:data_calibrated_v2:20200208_ola_scil2id06097.dat::1.0	97946	18217956	17052	72d8bc8f7e4f0aef5076edc99f8a801abf1184883ce48a5ee649627caf493fe2	2020-02-08T22:50:04.835Z	2020-02-08T23:05:39.667Z
recon_b	20200209_ola_scil2id06099	urn:nasa:pds:orex.ola:data_calibrated_v2:20200209_ola_scil2id06099.dat::1.0	97929	18214794	17052	4535d9ff5f6e62f7df9ba0c48f2e9b9bd7adffc8931904c49e1144f6f9fc7619	2020-02-09T02:50:05.301Z	2020-02-09T03:05:40.204Z
recon_b	20200209_ola_scil2id06100	urn:nasa:pds:orex.ola:data_calibrated_v2:20200209_ola_scil2id06100.dat::1.0	97961	18220746	17052	8f856647ca001957c167b5a776739e10b90583c29b548077061367bfade9db79	2020-02-09T04:50:04.634Z	2020-02-09T05:05:39.494Z
recon_b	20200209_ola_scil2id06102	urn:nasa:pds:orex.ola:data_calibrated_v2:20200209_ola_scil2id06102.dat::1.0	97944	18217584	17052	a8a8c809dea0aecc856f6b42c3d14544ea655989504d5a42ac74aa4695a56e3e	2020-02-09T08:50:05.671Z	2020-02-09T09:05:40.528Z
recon_b	20200209_ola_scil2id06103	urn:nasa:pds:orex.ola:data_calibrated_v2:20200209_ola_scil2id06103.dat::1.0	97963	18221118	17052	839b6d37f8380a4aed4b01f5530ab8fcc19abcf3960ea59ffcfd8ac1b27a748e	2020-02-09T10:50:04.561Z	2020-02-09T11:05:39.286Z
recon_b	20200209_ola_scil2id06105	urn:nasa:pds:orex.ola:data_calibrated_v2:20200209_ola_scil2id06105.dat::1.0	97932	18215352	17052	fc08c12bb4d2c30546617464a8cbfad67ec19c5c5142b843b66b216ade739ee7	2020-02-09T20:50:04.819Z	2020-02-09T21:05:39.561Z
recon_b	20200209_ola_scil2id06106	urn:nasa:pds:orex.ola:data_calibrated_v2:20200209_ola_scil2id06106.dat::1.0	97960	18220560	17052	23cf4a479bfda0d6285dd045d5acdf10fa93c1bf664951eaaa3187b47fd2a6b0	2020-02-09T22:50:04.946Z	2020-02-09T23:05:39.686Z
recon_b	20200210_ola_scil2id06109	urn:nasa:pds:orex.ola:data_calibrated_v2:20200210_ola_scil2id06109.dat::1.0	97919	18212934	17052	0fef233c178fb93098b8422886bcd93434abd0b9a92f86a70ba2044aa5221901	2020-02-10T04:50:05.094Z	2020-02-10T05:05:39.842Z
recon_b	20200210_ola_scil2id06111	urn:nasa:pds:orex.ola:data_calibrated_v2:20200210_ola_scil2id06111.dat::1.0	97920	18213120	17052	5be36a7f0bd4dcc419a7bc65a707643ea8d902d3d3b1e56e4a7c411833a13438	2020-02-10T08:50:05.929Z	2020-02-10T09:05:40.650Z
recon_b	20200210_ola_scil2id06112	urn:nasa:pds:orex.ola:data_calibrated_v2:20200210_ola_scil2id06112.dat::1.0	97957	18220002	17052	7e9739a3700d7f38fa4384da0529aa0ae113f480a1b4f6c6e7fcc624447f4152	2020-02-10T10:50:04.950Z	2020-02-10T11:05:39.753Z
recon_c	20200303_ola_scil2id06500	urn:nasa:pds:orex.ola:data_calibrated_v2:20200303_ola_scil2id06500.dat::1.0	356965	66395490	17053	2a1b2bbf3de4e0f5a37a69bf2df4d840c93733e9189da4fa2ad4b6c106603085	2020-03-03T20:39:38.605Z	2020-03-03T21:36:18.451Z
recon_c	20200526_ola_scil2id06510	urn:nasa:pds:orex.ola:data_calibrated_v2:20200526_ola_scil2id06510.dat::1.0	618490	115039140	17054	4f709d78a506be4f30598b002c033695a9861da9462674746ad8749709cab9fe	2020-05-26T22:04:55.797Z	2020-05-26T23:42:55.693Z
