tile_id	pc_count	vpc_datetime	file_name	size_bytes	etag	last_modified	creation_day	points_by_return	sha256	url
11TNK56629597	9827450	2021-10-05T00:00:00Z	USGS_LPC_ID_NorthForkPayette_2020_B20_11TNK56629597.laz	43397803	61fdb6c4-29632ab	Fri, 04 Feb 2022 23:29:08 GMT	278	8339676,1158159,293196,34535,1828,55,1,0,0,0,0,0,0,0,0	f5353fab55807a386c82bb162ddb403b105af0b80a42234e27ab17c56e539d27	https://rockyweb.usgs.gov/vdelivery/Datasets/Staged/Elevation/LPC/Projects/ID_NorthForkPayette_2020_B20/ID_NorthForkPayette_1_2020/LAZ/USGS_LPC_ID_NorthForkPayette_2020_B20_11TNK56629597.laz
11TNK56929447	9989677	2021-10-05T00:00:00Z	USGS_LPC_ID_NorthForkPayette_2020_B20_11TNK56929447.laz	56634082	61fde665-3602ae2	Sat, 05 Feb 2022 02:52:21 GMT	278	6828520,2333986,696230,119011,11315,601,14,0,0,0,0,0,0,0,0	4c037137842f52c1bad4e36fba703dfc6acfa5f069fb25b215e3e07cbbcade96	https://rockyweb.usgs.gov/vdelivery/Datasets/Staged/Elevation/LPC/Projects/ID_NorthForkPayette_2020_B20/ID_NorthForkPayette_1_2020/LAZ/USGS_LPC_ID_NorthForkPayette_2020_B20_11TNK56929447.laz
11TNK57309830	9634886	2021-10-05T00:00:00Z	USGS_LPC_ID_NorthForkPayette_2020_B20_11TNK57309830.laz	56295727	61fdbfd1-35b012f	Sat, 05 Feb 2022 00:07:45 GMT	278	6530327,2314691,660914,116165,11992,774,23,0,0,0,0,0,0,0,0	c599b91df5f2f650389ceb604d5dfae46821da2707f8eef0cb3dfa67962969a7	https://rockyweb.usgs.gov/vdelivery/Datasets/Staged/Elevation/LPC/Projects/ID_NorthForkPayette_2020_B20/ID_NorthForkPayette_1_2020/LAZ/USGS_LPC_ID_NorthForkPayette_2020_B20_11TNK57309830.laz
11TNK57529155	9750713	2021-10-05T00:00:00Z	USGS_LPC_ID_NorthForkPayette_2020_B20_11TNK57529155.laz	57195207	61fdd7d0-368bac7	Sat, 05 Feb 2022 01:50:08 GMT	278	6629074,2406419,604144,99850,10470,717,38,1,0,0,0,0,0,0,0	b41e94fa14ef1ae5369070c4ae173b195368f94ac58191e4b3fd0f878c091514	https://rockyweb.usgs.gov/vdelivery/Datasets/Staged/Elevation/LPC/Projects/ID_NorthForkPayette_2020_B20/ID_NorthForkPayette_1_2020/LAZ/USGS_LPC_ID_NorthForkPayette_2020_B20_11TNK57529155.laz
11TNK57609275	10657049	2021-10-05T00:00:00Z	USGS_LPC_ID_NorthForkPayette_2020_B20_11TNK57609275.laz	58233264	61fdc967-37891b0	Sat, 05 Feb 2022 00:48:39 GMT	278	7072153,2691891,751842,128027,12421,690,24,1,0,0,0,0,0,0,0	ca71d941a2be5a3fb36690e9b41e8d15a626744badddc0b6ff393624a14c6184	https://rockyweb.usgs.gov/vdelivery/Datasets/Staged/Elevation/LPC/Projects/ID_NorthForkPayette_2020_B20/ID_NorthForkPayette_1_2020/LAZ/USGS_LPC_ID_NorthForkPayette_2020_B20_11TNK57609275.laz
11TNK57679410	9009168	2021-10-05T00:00:00Z	USGS_LPC_ID_NorthForkPayette_2020_B20_11TNK57679410.laz	47894960	61fe2954-2dad1b0	Sat, 05 Feb 2022 07:37:56 GMT	278	6261743,2153551,519945,69030,4728,167,4,0,0,0,0,0,0,0,0	167e14d24f406d4da7c487b0dcafbeeb1e135a1ed7093adbfbde01341e70c097	https://rockyweb.usgs.gov/vdelivery/Datasets/Staged/Elevation/LPC/Projects/ID_NorthForkPayette_2020_B20/ID_NorthForkPayette_1_2020/LAZ/USGS_LPC_ID_NorthForkPayette_2020_B20_11TNK57679410.laz
11TNK57759410	9360143	2021-10-05T00:00:00Z	USGS_LPC_ID_NorthForkPayette_2020_B20_11TNK57759410.laz	48960265	61fdf665-2eb1309	Sat, 05 Feb 2022 04:00:37 GMT	278	6565266,2102020,583542,99483,9317,503,12,0,0,0,0,0,0,0,0	da25deb2c09c8a6572a642f5564ee6735098aca22351b36152983c9e967bf590	https://rockyweb.usgs.gov/vdelivery/Datasets/Staged/Elevation/LPC/Projects/ID_NorthForkPayette_2020_B20/ID_NorthForkPayette_1_2020/LAZ/USGS_LPC_ID_NorthForkPayette_2020_B20_11TNK57759410.laz
11TNK57829297	8321172	2021-10-05T00:00:00Z	USGS_LPC_ID_NorthForkPayette_2020_B20_11TNK57829297.laz	25453061	61fe101e-1846205	Sat, 05 Feb 2022 05:50:22 GMT	278	8315839,5281,51,1,0,0,0,0,0,0,0,0,0,0,0	be42ea94e75ddae48d173580d68c9cc8c2d36ae3715af6893846122adeda5054	https://rockyweb.usgs.gov/vdelivery/Datasets/Staged/Elevation/LPC/Projects/ID_NorthForkPayette_2020_B20/ID_NorthForkPayette_1_2020/LAZ/USGS_LPC_ID_NorthForkPayette_2020_B20_11TNK57829297.laz
11TNK57909140	9842366	2021-10-05T00:00:00Z	USGS_LPC_ID_NorthForkPayette_2020_B20_11TNK57909140.laz	53361777	61fdde86-32e3c71	Sat, 05 Feb 2022 02:18:46 GMT	278	7145870,2097963,522133,70835,5339,221,5,0,0,0,0,0,0,0,0	012713e68e3647ac73a9be5e5ff1079798fd96969414bdb00d5db9602b74ed26	https://rockyweb.usgs.gov/vdelivery/Datasets/Staged/Elevation/LPC/Projects/ID_NorthForkPayette_2020_B20/ID_NorthForkPayette_1_2020/LAZ/USGS_LPC_ID_NorthForkPayette_2020_B20_11TNK57909140.laz
11TNK57909582	10007475	2021-10-05T00:00:00Z	USGS_LPC_ID_NorthForkPayette_2020_B20_11TNK57909582.laz	53850964	61fddf76-335b354	Sat, 05 Feb 2022 02:22:46 GMT	278	7532181,1948768,448575,70375,7090,465,21,0,0,0,0,0,0,0,0	86e9b87c25b3700cb3e29558f0ec9551c88555d01d23ed1a60250fe62790dff6	https://rockyweb.usgs.gov/vdelivery/Datasets/Staged/Elevation/LPC/Projects/ID_NorthForkPayette_2020_B20/ID_NorthForkPayette_1_2020/LAZ/USGS_LPC_ID_NorthForkPayette_2020_B20_11TNK57909582.laz
11TNK57979552	10839425	2021-10-05T00:00:00Z	USGS_LPC_ID_NorthForkPayette_2020_B20_11TNK57979552.laz	61163849	61fdeb80-3a54949	Sat, 05 Feb 2022 03:14:08 GMT	278	7892291,2262694,586137,90204,7735,361,3,0,0,0,0,0,0,0,0	efb16362520c40833f13cbeec7569b0fa93700dbe8ad35e430247aef9fd7fa6e	https://rockyweb.usgs.gov/vdelivery/Datasets/Staged/Elevation/LPC/Projects/ID_NorthForkPayette_2020_B20/ID_NorthForkPayette_1_2020/LAZ/USGS_LPC_ID_NorthForkPayette_2020_B20_11TNK57979552.laz
11TNK58059417	10539146	2021-10-05T00:00:00Z	USGS_LPC_ID_NorthForkPayette_2020_B20_11TNK58059417.laz	60589231	61fe252c-39c84af	Sat, 05 Feb 2022 07:20:12 GMT	278	7634598,2304262,528266,67316,4513,189,2,0,0,0,0,0,0,0,0	5db4631ed28bd74eaaa95ef4a79fa16e1bcd7ca3361da7c999c925b05f3234bf	https://rockyweb.usgs.gov/vdelivery/Datasets/Staged/Elevation/LPC/Projects/ID_NorthForkPayette_2020_B20/ID_NorthForkPayette_1_2020/LAZ/USGS_LPC_ID_NorthForkPayette_2020_B20_11TNK58059417.laz
11TNK59329537	10980768	2021-10-05T00:00:00Z	USGS_LPC_ID_NorthForkPayette_2020_B20_11TNK59329537.laz	59973125	61fdc9cb-3931e05	Sat, 05 Feb 2022 00:50:19 GMT	278	8242693,1960222,611629,141792,22057,2212,153,10,0,0,0,0,0,0,0	0cfad9856232967f1201eaf97ad2db6a9fe5da9916494947dd65bf06651be768	https://rockyweb.usgs.gov/vdelivery/Datasets/Staged/Elevation/LPC/Projects/ID_NorthForkPayette_2020_B20/ID_NorthForkPayette_1_2020/LAZ/USGS_LPC_ID_NorthForkPayette_2020_B20_11TNK59329537.laz
11TNL56400107	9879478	2021-10-05T00:00:00Z	USGS_LPC_ID_NorthForkPayette_2020_B20_11TNL56400107.laz	46131180	61fdf784-2bfe7ec	Sat, 05 Feb 2022 04:05:24 GMT	278	8596688,978957,237271,54723,10240,1434,151,13,1,0,0,0,0,0,0	ef5c2f95e9cb409a27f87b6d13ac39b0f8378934eda84408bcb4f8fb3064ed4f	https://rockyweb.usgs.gov/vdelivery/Datasets/Staged/Elevation/LPC/Projects/ID_NorthForkPayette_2020_B20/ID_NorthForkPayette_1_2020/LAZ/USGS_LPC_ID_NorthForkPayette_2020_B20_11TNL56400107.laz
11TNL58720145	9516630	2021-10-05T00:00:00Z	USGS_LPC_ID_NorthForkPayette_2020_B20_11TNL58720145.laz	43127643	61fe1bb2-292135b	Sat, 05 Feb 2022 06:39:46 GMT	278	8880346,596415,38859,975,33,2,0,0,0,0,0,0,0,0,0	84e9ef454bbc5d950a5edab4210ba1809a794f27c56ba056fc475619c6cd723b	https://rockyweb.usgs.gov/vdelivery/Datasets/Staged/Elevation/LPC/Projects/ID_NorthForkPayette_2020_B20/ID_NorthForkPayette_1_2020/LAZ/USGS_LPC_ID_NorthForkPayette_2020_B20_11TNL58720145.laz
11TNL59020137	9513002	2021-10-05T00:00:00Z	USGS_LPC_ID_NorthForkPayette_2020_B20_11TNL59020137.laz	43392131	61fe1102-2961c83	Sat, 05 Feb 2022 05:54:10 GMT	278	8974989,492349,42376,3113,166,8,1,0,0,0,0,0,0,0,0	b9b5b002b0f2393ad4975aaa879c9ec913b4553061fd4f7f5126ba391076c65a	https://rockyweb.usgs.gov/vdelivery/Datasets/Staged/Elevation/LPC/Projects/ID_NorthForkPayette_2020_B20/ID_NorthForkPayette_1_2020/LAZ/USGS_LPC_ID_NorthForkPayette_2020_B20_11TNL59020137.laz
11TNL59170167	9706436	2021-10-05T00:00:00Z	USGS_LPC_ID_NorthForkPayette_2020_B20_11TNL59170167.laz	47031540	61fdea8a-2cda4f4	Sat, 05 Feb 2022 03:10:02 GMT	278	9097504,567335,40349,1225,23,0,0,0,0,0,0,0,0,0,0	9f576c146bb990467bce8d253fa83bd477a0055de7a77f269f5ae96aa00b6364	https://rockyweb.usgs.gov/vdelivery/Datasets/Staged/Elevation/LPC/Projects/ID_NorthForkPayette_2020_B20/ID_NorthForkPayette_1_2020/LAZ/USGS_LPC_ID_NorthForkPayette_2020_B20_11TNL59170167.laz
11TNL59320115	9869725	2021-10-05T00:00:00Z	USGS_LPC_ID_NorthForkPayette_2020_B20_11TNL59320115.laz	51533482	61fdc8e1-31256aa	Sat, 05 Feb 2022 00:46:25 GMT	278	8554066,1122068,172997,19294,1244,54,2,0,0,0,0,0,0,0,0	1d91b455431f8393afd82faeae1b1599db28a23d0d96f2ca407fb24aa6cd874f	https://rockyweb.usgs.gov/vdelivery/Datasets/Staged/Elevation/LPC/Projects/ID_NorthForkPayette_2020_B20/ID_NorthForkPayette_1_2020/LAZ/USGS_LPC_ID_NorthForkPayette_2020_B20_11TNL59320115.laz
11TNL59470160	10429673	2021-10-05T00:00:00Z	USGS_LPC_ID_NorthForkPayette_2020_B20_11TNL59470160.laz	54585267	61fe1e11-340e7b3	Sat, 05 Feb 2022 06:49:53 GMT	278	8304514,1656709,393617,67041,7262,506,24,0,0,0,0,0,0,0,0	4086c59c6234cfd061462e922158775dcb87b8c55c885825dd43c9c3ff5eafcf	https://rockyweb.usgs.gov/vdelivery/Datasets/Staged/Elevation/LPC/Projects/ID_NorthForkPayette_2020_B20/ID_NorthForkPayette_1_2020/LAZ/USGS_LPC_ID_NorthForkPayette_2020_B20_11TNL59470160.laz
11TNL59770152	9089251	2021-10-05T00:00:00Z	USGS_LPC_ID_NorthForkPayette_2020_B20_11TNL59770152.laz	38855461	61fe040b-250e325	Sat, 05 Feb 2022 04:58:51 GMT	278	8372872,670470,41212,4182,474,38,3,0,0,0,0,0,0,0,0	2046ae8c188dbae0bd4764fe8d9a91d97141800cc0a3c65622a8c44a49551385	https://rockyweb.usgs.gov/vdelivery/Datasets/Staged/Elevation/LPC/Projects/ID_NorthForkPayette_2020_B20/ID_NorthForkPayette_1_2020/LAZ/USGS_LPC_ID_NorthForkPayette_2020_B20_11TNL59770152.laz
