wmo	source_bytes	sha256	url
5906642	1051592	74800e0a5dd88e96e4f7530fbdafdb6ae0731c316a6c119d7903b114fb3c5071	https://data-argo.ifremer.fr/dac/csiro/5906642/5906642_prof.nc
3901956	7697708	0da9c9d51bf1677f5ef0cce481ff9f5fb04afbfdd1bfdaf9556efcf9bb90592d	https://data-argo.ifremer.fr/dac/bodc/3901956/3901956_prof.nc
5903799	1170512	23d82d42edf05bcffccdf14b6b8df10449f08a5d834667fd0231eed2afcb26c0	https://data-argo.ifremer.fr/dac/aoml/5903799/5903799_prof.nc
2903632	13586544	1b2fe880084a273df5cda10a4c994f69521ec2000baf49fc394e33eb3431e5e1	https://data-argo.ifremer.fr/dac/jma/2903632/2903632_prof.nc
7900204	11937092	ce6a5e102e9a28fea17d5d21b16c8efc99bebf1d1cbe5d3cb1926a2e76672fbd	https://data-argo.ifremer.fr/dac/aoml/7900204/7900204_prof.nc
2901629	1463056	7592094667c73271d50d07f1dcbc8d9e126d208630cc1f149be0d8123b83cea9	https://data-argo.ifremer.fr/dac/nmdis/2901629/2901629_prof.nc
6902802	7166660	afba2fcecfceaa05e21e149524d227a04a180fe62fdf71552496d1bfec5f64a4	https://data-argo.ifremer.fr/dac/coriolis/6902802/6902802_prof.nc
5900995	1898072	0057f93502df9a4295f7fc8f385bd23c69797d7be0582404c9946407879d7d17	https://data-argo.ifremer.fr/dac/jma/5900995/5900995_prof.nc
5906763	7803712	e147941f30dafca8fe7b3039de2c482fb9b0343fad5bdbd500a473e989619443	https://data-argo.ifremer.fr/dac/aoml/5906763/5906763_prof.nc
4900503	3492092	31c5c843dc6c48d8aa753cc05664b005cd1e0203de98efbc30a22d3098e2c204	https://data-argo.ifremer.fr/dac/meds/4900503/4900503_prof.nc
5906394	24622140	e5b03b66bb99764453c447b734a5016975cf48ac42ccf55f8ce5e2ef260ab082	https://data-argo.ifremer.fr/dac/aoml/5906394/5906394_prof.nc
4901707	6894572	3e468ca448525aa957e878fcc14b0be287b57606852cca717987dbc7db35d953	https://data-argo.ifremer.fr/dac/aoml/4901707/4901707_prof.nc
5901253	1218912	77aecbcc6c7acb80a6277499f50fea9bb42afb23f7356d553ec8255846aa9515	https://data-argo.ifremer.fr/dac/aoml/5901253/5901253_prof.nc
4902406	3513692	1c185889a49334bc7ac5f02268476a303e6d486161355c6db09942c3129c3952	https://data-argo.ifremer.fr/dac/meds/4902406/4902406_prof.nc
2901326	2287808	d62438d7ce6c3aaaf6e8a0283fd914e7171f0f58030ec1ef8fe23ad77ce60859	https://data-argo.ifremer.fr/dac/incois/2901326/2901326_prof.nc
3901986	10080376	780ff2c88ae7d2398d5b7568e56d48e796ec7d2848a139b0c929d6a2360cd174	https://data-argo.ifremer.fr/dac/bodc/3901986/3901986_prof.nc
5903626	12564860	4ef7113174d3583a74a0a65a2a57fcc0c06f1afcef654f625ab35384cda32d38	https://data-argo.ifremer.fr/dac/csiro/5903626/5903626_prof.nc
6901117	2988524	245b74f04722800aafb0e46e3c375e22865a0f02e1c7829c1a19547d34ee28e3	https://data-argo.ifremer.fr/dac/bodc/6901117/6901117_prof.nc
6901643	1071180	f742eef128e871cee533d0b80e8278094aba5cc53e7ff855cbb40ef417c18f07	https://data-argo.ifremer.fr/dac/coriolis/6901643/6901643_prof.nc
2902764	1771412	3b3d2971cfe6fabbb181791fd7b3a4d62ff9fbbc8870701bf54f2dc1de2fd625	https://data-argo.ifremer.fr/dac/csio/2902764/2902764_prof.nc
2901494	6957496	75dca75cd3175d39216bba59b5ca7f3c5f4656f754b4d4e32861533affb96851	https://data-argo.ifremer.fr/dac/csio/2901494/2901494_prof.nc
6903809	1652960	f107027b291b5715f3aea97869785f11abe359984eb3cf6ce5a8a560146d78a4	https://data-argo.ifremer.fr/dac/coriolis/6903809/6903809_prof.nc
4901132	1520648	dae3a8c99121521c4cf62c71592d6c8930ba6bddb86f2de555641818fb02361b	https://data-argo.ifremer.fr/dac/meds/4901132/4901132_prof.nc
2902945	1759784	5094ccc87dfc768e25fa0644f7258d3b82b00179298318035906cad14b870097	https://data-argo.ifremer.fr/dac/jma/2902945/2902945_prof.nc
2902885	9431736	06467d92ba7a1f3a19c864b384495911bd7a98f8f311c0f487b2a61c8a5af010	https://data-argo.ifremer.fr/dac/csio/2902885/2902885_prof.nc
1901735	13016388	675ead3b0a163f2b39f4a56ba2dd77b6358d7e5a4ed5d044f8b21429ff8512c3	https://data-argo.ifremer.fr/dac/csiro/1901735/1901735_prof.nc
4900395	1898152	94e8129781e9d18196dfb74c98ebc27df63049e3ea8ad90a17336c648aba8e0b	https://data-argo.ifremer.fr/dac/jma/4900395/4900395_prof.nc
1901919	1194096	2baa56ea275b9bbb8e70775e47a8ec29f4852bb45380a097f74dbc411f1a9451	https://data-argo.ifremer.fr/dac/bodc/1901919/1901919_prof.nc
2903336	2208000	d1053ef45d4515e4ae8f788ac52524febc84535f7ad554dddf6c1e17cf35bc15	https://data-argo.ifremer.fr/dac/jma/2903336/2903336_prof.nc
2901527	4411800	9567f974ac6d0702cf97689f300e700501edbd332f0d8832246095f53e681720	https://data-argo.ifremer.fr/dac/csio/2901527/2901527_prof.nc
3901965	6924224	7f06ed20ab60547aba0f75a7b8bdba1467e2a47e39e8d19417dd0cc1535e1da8	https://data-argo.ifremer.fr/dac/bodc/3901965/3901965_prof.nc
5905604	2328380	26ec61cffa3b085c2248c7eb72d3e965c1029829d5d5a098d3e3c9ab2c260ed3	https://data-argo.ifremer.fr/dac/csiro/5905604/5905604_prof.nc
2903337	2230868	954b9d1e68e19ca0956e4cacb6b489c7bc5e38af7894c396e00948e58b58f96c	https://data-argo.ifremer.fr/dac/jma/2903337/2903337_prof.nc
7900121	1301172	ca95dea96c077ebc452a8358363a43bf13f447bbc7e3cc846669b483fca609ce	https://data-argo.ifremer.fr/dac/kiost/7900121/7900121_prof.nc
5906385	24131996	595f4621b1ac695b67dc7f78e48586237c88ae07743e50dd52f60c0450ac8bb9	https://data-argo.ifremer.fr/dac/jma/5906385/5906385_prof.nc
6901199	2210072	c41f9a364af5cf07572bb763f3ca72041fc07d8a990603458a6e6ddbddaf8578	https://data-argo.ifremer.fr/dac/bodc/6901199/6901199_prof.nc
2901348	1737112	d3e343053f8ea92e5358cad4d80f42f5bcb4c7a36ada42aff9a8d87e3ef52810	https://data-argo.ifremer.fr/dac/incois/2901348/2901348_prof.nc
3901506	1224048	3cf62aa9660a55c78fec9e6e2e2bed82643b8cb8737ccc44a898c46922e08777	https://data-argo.ifremer.fr/dac/bodc/3901506/3901506_prof.nc
1901168	12879752	3d96725043e6136f762fa5bb12fe05584babf46c4cf8f358e75e0a829f67d44c	https://data-argo.ifremer.fr/dac/csiro/1901168/1901168_prof.nc
2901343	1852712	9ed246c5806221be2b6196c5b497d0c06f41b1100c8e87d4b8d0cadf7cf34df9	https://data-argo.ifremer.fr/dac/incois/2901343/2901343_prof.nc
5905396	3377224	b93453914a451527553635d1f7c25f7de6ac64a0b7d61c825b550da4fd3f0bb2	https://data-argo.ifremer.fr/dac/csiro/5905396/5905396_prof.nc
5905554	1415884	4887a1962f267144837476090b8a945a7e5e2fd0dab54a540bfe3014327bd731	https://data-argo.ifremer.fr/dac/csiro/5905554/5905554_prof.nc
2902198	1682060	d1699ae0eb6354522475ceab443ef5beb36c57e6a16a32f16218238fe2552636	https://data-argo.ifremer.fr/dac/incois/2902198/2902198_prof.nc
4902577	4244564	19d2b08167ffb851692b30e4f4c4460f849b5030d575b142c3460854d2fdd204	https://data-argo.ifremer.fr/dac/meds/4902577/4902577_prof.nc
2902073	2260076	e4ba7cee9dbf904a0288fef026c416475f3d286de682856376a7c30ef3efd47e	https://data-argo.ifremer.fr/dac/incois/2902073/2902073_prof.nc
2901594	1734644	517fc6823c90fb60c703d5b7eead3638f8a07c0cd961d146f6b491ff76d7959c	https://data-argo.ifremer.fr/dac/csio/2901594/2901594_prof.nc
