item_id	asset_name	url	zip_bytes	sha256	member_name	member_bytes	point_count	member_crc32	header_min_z_m	header_max_z_m
swisssurface3d_2021_2632-1141	swisssurface3d_2021_2632-1141_2056_5728.las.zip	https://data.geo.admin.ch/ch.swisstopo.swisssurface3d/swisssurface3d_2021_2632-1141/swisssurface3d_2021_2632-1141_2056_5728.las.zip	182624955	b98f8091375415c1a80947ec0602ab23ce23cdb6f493ee5cff34c2097c7d1e6c	2632_1141.las	429893803	15353342	f33d5fa6	1776.50	2520.92
swisssurface3d_2021_2635-1138	swisssurface3d_2021_2635-1138_2056_5728.las.zip	https://data.geo.admin.ch/ch.swisstopo.swisssurface3d/swisssurface3d_2021_2635-1138/swisssurface3d_2021_2635-1138_2056_5728.las.zip	148943484	7b5ca5123d3e6054a1b46b8745728325b0bbfc8446386eb95c6b012eb2fcd9c2	2635_1138.las	357513887	12768345	a2724744	2540.70	3023.82
swisssurface3d_2021_2637-1141	swisssurface3d_2021_2637-1141_2056_5728.las.zip	https://data.geo.admin.ch/ch.swisstopo.swisssurface3d/swisssurface3d_2021_2637-1141/swisssurface3d_2021_2637-1141_2056_5728.las.zip	181364301	cc7ba169e514fffb99ac834860591934ee7373595d7fa014aa02facf6cdf12da	2637_1141.las	439700467	15703580	276ac861	2626.65	3355.29
swisssurface3d_2021_2639-1139	swisssurface3d_2021_2639-1139_2056_5728.las.zip	https://data.geo.admin.ch/ch.swisstopo.swisssurface3d/swisssurface3d_2021_2639-1139/swisssurface3d_2021_2639-1139_2056_5728.las.zip	166412829	85b1f1898597fc2bae0d49630ba05e5b3d7c5ba54eccc928491ba95ddc7b31d2	2639_1139.las	400694955	14310526	612054a8	2866.45	3432.34
swisssurface3d_2021_2640-1149	swisssurface3d_2021_2640-1149_2056_5728.las.zip	https://data.geo.admin.ch/ch.swisstopo.swisssurface3d/swisssurface3d_2021_2640-1149/swisssurface3d_2021_2640-1149_2056_5728.las.zip	180816201	0941a083892494ff1abbfcfb715c356abd36ea00f890e083977e5e5803ec5dc3	2640_1149.las	441890515	15781796	04a5c5eb	3139.50	3716.90
swisssurface3d_2021_2642-1142	swisssurface3d_2021_2642-1142_2056_5728.las.zip	https://data.geo.admin.ch/ch.swisstopo.swisssurface3d/swisssurface3d_2021_2642-1142/swisssurface3d_2021_2642-1142_2056_5728.las.zip	161720369	8096167637ceaa4c731f9b063affb993cd888237ded6521bbb82856b8ed69713	2642_1142.las	387698447	13846365	3c9580a5	2773.56	3629.10
swisssurface3d_2021_2643-1146	swisssurface3d_2021_2643-1146_2056_5728.las.zip	https://data.geo.admin.ch/ch.swisstopo.swisssurface3d/swisssurface3d_2021_2643-1146/swisssurface3d_2021_2643-1146_2056_5728.las.zip	178556071	e8b82454e3029311d3d37d6aa56e1fd2728ea31fffca24ca8ef2ab5210ceebd7	2643_1146.las	437559503	15627117	e0eed819	3138.30	3883.04
swisssurface3d_2021_2644-1150	swisssurface3d_2021_2644-1150_2056_5728.las.zip	https://data.geo.admin.ch/ch.swisstopo.swisssurface3d/swisssurface3d_2021_2644-1150/swisssurface3d_2021_2644-1150_2056_5728.las.zip	151901448	7d0437db114d67d085e2b8fcee39af34882748539fa225f3b01d5d57376178df	2644_1150.las	372538211	13304928	9f17d04f	2678.76	3048.42
swisssurface3d_2021_2645-1154	swisssurface3d_2021_2645-1154_2056_5728.las.zip	https://data.geo.admin.ch/ch.swisstopo.swisssurface3d/swisssurface3d_2021_2645-1154/swisssurface3d_2021_2645-1154_2056_5728.las.zip	187325479	a73ce31ddba3e0c2e5b9f3e9436d3ebbc0496a9b40d1cad7eb0c561099c37ca1	2645_1154.las	473459283	16909252	7bfb4467	3235.67	3572.62
swisssurface3d_2021_2647-1139	swisssurface3d_2021_2647-1139_2056_5728.las.zip	https://data.geo.admin.ch/ch.swisstopo.swisssurface3d/swisssurface3d_2021_2647-1139/swisssurface3d_2021_2647-1139_2056_5728.las.zip	160160967	9d81b719e68e8d7bbfd0ac17e0136726354fc093e677dbd3fa06a62fe52303c7	2647_1139.las	378932291	13533288	e126ff9a	1816.31	2339.21
swisssurface3d_2021_2648-1144	swisssurface3d_2021_2648-1144_2056_5728.las.zip	https://data.geo.admin.ch/ch.swisstopo.swisssurface3d/swisssurface3d_2021_2648-1144/swisssurface3d_2021_2648-1144_2056_5728.las.zip	253737682	c07dc2b4c9c0b82a2d3861638f1a4c50064a6f5916477975033da5273cd72196	2648_1144.las	615545423	21983757	13c0e193	2239.60	2618.92
swisssurface3d_2021_2649-1149	swisssurface3d_2021_2649-1149_2056_5728.las.zip	https://data.geo.admin.ch/ch.swisstopo.swisssurface3d/swisssurface3d_2021_2649-1149/swisssurface3d_2021_2649-1149_2056_5728.las.zip	203404532	06102f8caf098dc737cdbd9470658149bd790a463cf3a7d448a503701e9d7d78	2649_1149.las	496001299	17714324	e8982930	3018.03	3848.88
swisssurface3d_2021_2650-1153	swisssurface3d_2021_2650-1153_2056_5728.las.zip	https://data.geo.admin.ch/ch.swisstopo.swisssurface3d/swisssurface3d_2021_2650-1153/swisssurface3d_2021_2650-1153_2056_5728.las.zip	177246103	a9b46df577d3a92180a8547c8df1dda3ea126c23dd2157c7ca217dd9a31f62e2	2650_1153.las	446877931	15959918	b2ad74b9	3041.48	3475.63
swisssurface3d_2021_2652-1142	swisssurface3d_2021_2652-1142_2056_5728.las.zip	https://data.geo.admin.ch/ch.swisstopo.swisssurface3d/swisssurface3d_2021_2652-1142/swisssurface3d_2021_2652-1142_2056_5728.las.zip	244051580	27bb9d1607ff47a3e4685bf0592a8b9f514389d58873dc0433db2956599a5857	2652_1142.las	576898843	20603522	7fd2d70c	1612.67	2367.11
swisssurface3d_2021_2653-1152	swisssurface3d_2021_2653-1152_2056_5728.las.zip	https://data.geo.admin.ch/ch.swisstopo.swisssurface3d/swisssurface3d_2021_2653-1152/swisssurface3d_2021_2653-1152_2056_5728.las.zip	183020142	ff7289109bc11354aceab69c68b816bac1e87e5042e87d53cc6150fceeee50d4	2653_1152.las	433791375	15492541	e99158ff	2849.98	3603.52
