ordinal	volume	product_id	flyby	segment	datatake	zip_bytes	zip_md5	zip_member_crc32	zip_member_compressed_bytes	img_bytes	img_md5	record_bytes	file_records	label_records	image_start_record	lines	line_samples	image_checksum	start_time	stop_time
1	CORADR_0035	BIBQH49N071_D035_T00AS01_V03	T00A	S01	D035	6696293	a32d4e4250acebe14a5d4c01cc447afe	3664ffe8	6696097	27006976	29bc171be3e276eef2a57ba783ff8ec0	2048	13187	3	4	13184	2048	943157286	2004-300T15:26:07.678	2004-300T15:49:08.325
2	CORADR_0045	BIBQH22N068_D045_T003S01_V03	T003	S01	D045	12904916	c31cce39e88578fc50777b7fd4605f99	1cab8d6a	12904720	45077760	7bb7233e03ef0ea3690c3b74935c57d2	2688	16770	2	3	16768	2688	2266631808	2005-046T06:36:25.878	2005-046T07:18:52.414
3	CORADR_0059	BIBQH51S012_D059_T007S01_V03	T007	S01	D059	3553638	4409a73b6592a6d55199a5cfc6ccdd26	5c4be1de	3553442	9377280	d641412f301c90a5c37b9b6cc3f7ae21	1408	6660	4	5	6656	1408	602841952	2005-250T07:57:10.500	2005-250T08:10:03.456
4	CORADR_0065	BIBQH10S251_D065_T008S01_V03	T008	S01	D065	12969506	22f54d7f7920665c8049c742943cde06	6af12295	12969292	36444160	6ab7f59df20ee2d61c61c6a14fe0663a	2048	17795	3	4	17792	2048	1756629978	2005-301T03:54:34.387	2005-301T04:33:38.212
5	CORADR_0065	BIBQH07S314_D065_T008S02_V03	T008	S02	D065	1201199	9d13c06d28bc56fc62b8ab732bca9b35	3beacb8e	1200985	4904704	2ca9ff0771f9bd600fd4edda9bbefb73	2944	1666	2	3	1664	2944	142999932	2005-301T04:33:38.484	2005-301T04:34:23.796
6	CORADR_0065	BIBQH05S184_D065_T008S03_V03	T008	S03	D065	804392	d6bdcd0369d1ef1cda7e72428b231a27	f5bca218	804178	3774208	96ec129ca6392538fe5cde18d677b550	2944	1282	2	3	1280	2944	101292665	2005-301T03:53:56.971	2005-301T03:54:34.079
7	CORADR_0082	BIBQH11S116_D082_T013S01_V03	T013	S01	D082	10724272	a7ba54ecf68e2a784312ab524819a86c	2e7fb150	10724076	27530880	9054d71a0e8246b9a3ed4744c9301db3	1920	14339	3	4	14336	1920	1798554871	2006-120T20:46:27.421	2006-120T21:15:41.412
8	CORADR_0082	BIBQH05S168_D082_T013S02_V03	T013	S02	D082	901643	56dbb5e18a97011c8c05acbce5abf2d6	b44a63e6	901447	3692800	0efcc934249e1f4bccf488ad0a751d5e	3200	1154	2	3	1152	3200	126689312	2006-120T21:15:38.662	2006-120T21:18:14.805
9	CORADR_0082	BIBQH07S190_D082_T013S03_V03	T013	S03	D082	570177	e0a56861c8857a9aa56418e39816d3ca	7c8d570f	569981	4363520	09b6d1eda12f1f5b274c62d191bc473b	1792	2435	3	4	2432	1792	88075612	2006-120T21:36:17.177	2006-120T21:39:14.841
10	CORADR_0086	BIBQH30S030_D086_T015S02_V03	T015	S02	D086	2352333	d73601dd5cf82177fd2521551a3afb6d	9cc50830	2352137	17307648	14d1b29b7838da9b974f5adce22b3103	3072	5634	2	3	5632	3072	470852731	2006-183T07:56:15.508	2006-183T08:15:46.577
11	CORADR_0086	BIBQH23S042_D086_T015S03_V03	T015	S03	D086	726363	2f87a235f69ac4743b1c4af397fc9581	2f8c3071	726167	7935488	38a7d1188fa6018559a7f6a4d9677814	2816	2818	2	3	2816	2816	118724390	2006-183T08:15:47.968	2006-183T08:17:28.172
12	CORADR_0087	BIBQH80N051_D087_T016S01_V03	T016	S01	D087	12477799	2209f5fb85d717a228cd2ae392be0914	00932846	12477585	37361280	2bcd74231c9453f2a87ce1899ae78b75	1920	19459	3	4	19456	1920	1855595236	2006-203T00:06:55.910	2006-203T00:43:25.432
13	CORADR_0087	BIBQH24N147_D087_T016S02_V03	T016	S02	D087	269784	82494c97c9d509e1874aae21b3a977e4	c40fb7ce	269570	4920320	3f6d17a6f917740299cfe5d8c7bf5420	2560	1922	2	3	1920	2560	37685968	2006-203T00:05:26.909	2006-203T00:06:55.576
14	CORADR_0087	BIBQH18N341_D087_T016S03_V03	T016	S03	D087	163696	a72880efd561c9c2c40a90b8ffb3bc27	24a971c3	163482	3151872	477a256fe2e753639c5c652ca48ab0bf	2048	1539	3	4	1536	2048	26513546	2006-203T00:43:25.894	2006-203T00:44:54.613
15	CORADR_0093	BIBQH10N052_D093_T017S01_V03	T017	S01	D093	1856388	f79dcb6ca9c04ca6a314a4df327a5c4c	5aaa7753	1856192	5772288	281911627cc52758aac9b13c2b177aca	1024	5637	5	6	5632	1024	226120955	2006-250T20:15:19.479	2006-250T20:20:10.504
16	CORADR_0098	BIBQH66N015_D098_T018S01_V03	T018	S01	D098	3380090	02acb66d02ca278c754923be100cfc97	6c39888f	3379894	12456960	de688ea06a2c05c9d3064375a8952d08	1280	9732	4	5	9728	1280	460090986	2006-266T18:54:36.719	2006-266T19:03:02.337
17	CORADR_0100	BIBQH69N342_D100_T019S01_V03	T019	S01	D100	13444605	14bf21f7e8e0f355bf7b68a4d47fd533	adee57ef	13444409	38590080	04addb479859886ef6e8958951488162	1920	20099	3	4	20096	1920	1994101404	2006-282T17:09:36.937	2006-282T17:48:05.502
18	CORADR_0100	BIBQH43N144_D100_T019S02_V03	T019	S02	D100	211033	0093903e3901f06637def6a1cd14ee37	44449dd7	210837	3692160	2277114169ff30168e85aa5070162602	1920	1923	3	4	1920	1920	34592000	2006-282T17:08:08.937	2006-282T17:09:36.507
19	CORADR_0100	BIBQH03S325_D100_T019S03_V03	T019	S03	D100	162122	5846ad6d154ccce70b841ce8d8226301	9bcd6c75	161926	2709120	d9752b786636815606767d2eb256cede	1920	1411	3	4	1408	1920	23811627	2006-282T17:48:06.922	2006-282T17:49:48.546
20	CORADR_0100	BIBQH03S318_D100_T019S04_V03	T019	S04	D100	1205127	fc2415d47edfa01de4ecbc880f44f221	de9d7918	1204931	22418176	3289018b7d3e643e246f0bdea482b4a8	4864	4609	1	2	4608	4864	195600327	2006-282T18:22:36.897	2006-282T18:25:31.192
21	CORADR_0100	BIBQH02S301_D100_T019S05_V03	T019	S05	D100	2000419	629460ae7b0e18a91a51c26ca37cd1b5	1fdb01e7	2000223	16914432	e703a0b9b4ab738b861a9c7523e4faba	3072	5506	2	3	5504	3072	327939994	2006-282T18:25:31.906	2006-282T18:44:42.190
22	CORADR_0100	BIBQH07S292_D100_T019S06_V03	T019	S06	D100	1128955	471c4c4e41de189ed869fdf8de743413	f5e815c1	1128759	8197120	b8b499e42c244aaa9f15a8ad7286aa44	2560	3202	2	3	3200	2560	147877793	2006-282T18:44:42.909	2006-282T18:45:42.585
