city	continent	lat	lon
new_york	north_america	40.7580	-73.9855
chicago	north_america	41.8819	-87.6278
san_francisco	north_america	37.7880	-122.4075
los_angeles	north_america	34.0522	-118.2437
toronto	north_america	43.6532	-79.3832
montreal	north_america	45.5017	-73.5673
mexico_city	north_america	19.4326	-99.1332
vancouver	north_america	49.2827	-123.1207
washington_dc	north_america	38.8977	-77.0365
boston	north_america	42.3601	-71.0589
seattle	north_america	47.6062	-122.3321
havana	north_america	23.1136	-82.3666
sao_paulo	south_america	-23.5505	-46.6333
buenos_aires	south_america	-34.6037	-58.3816
rio_de_janeiro	south_america	-22.9068	-43.1729
santiago	south_america	-33.4489	-70.6693
lima	south_america	-12.0464	-77.0428
bogota	south_america	4.7110	-74.0721
montevideo	south_america	-34.9011	-56.1645
london	europe	51.5074	-0.1278
paris	europe	48.8566	2.3522
berlin	europe	52.5200	13.4050
madrid	europe	40.4168	-3.7038
rome	europe	41.9028	12.4964
amsterdam	europe	52.3676	4.9041
vienna	europe	48.2082	16.3738
prague	europe	50.0755	14.4378
warsaw	europe	52.2297	21.0122
barcelona	europe	41.3851	2.1734
milan	europe	45.4642	9.1900
munich	europe	48.1351	11.5820
stockholm	europe	59.3293	18.0686
copenhagen	europe	55.6761	12.5683
budapest	europe	47.4979	19.0402
lisbon	europe	38.7223	-9.1393
athens	europe	37.9838	23.7275
istanbul	europe	41.0082	28.9784
moscow	europe	55.7558	37.6173
kyiv	europe	50.4501	30.5234
brussels	europe	50.8503	4.3517
zurich	europe	47.3769	8.5417
helsinki	europe	60.1699	24.9384
tokyo	asia	35.6812	139.7671
osaka	asia	34.6937	135.5023
seoul	asia	37.5665	126.9780
beijing	asia	39.9042	116.4074
shanghai	asia	31.2304	121.4737
taipei	asia	25.0330	121.5654
hong_kong	asia	22.3193	114.1694
singapore	asia	1.2903	103.8519
bangkok	asia	13.7563	100.5018
delhi	asia	28.6139	77.2090
mumbai	asia	19.0760	72.8777
jakarta	asia	-6.2088	106.8456
manila	asia	14.5995	120.9842
tehran	asia	35.6892	51.3890
tel_aviv	asia	32.0853	34.7818
dubai	asia	25.2048	55.2708
kathmandu	asia	27.7172	85.3240
dhaka	asia	23.8103	90.4125
cairo	africa	30.0444	31.2357
lagos	africa	6.5244	3.3792
nairobi	africa	-1.2921	36.8219
johannesburg	africa	-26.2041	28.0473
cape_town	africa	-33.9249	18.4241
casablanca	africa	33.5731	-7.5898
addis_ababa	africa	9.0300	38.7400
dar_es_salaam	africa	-6.7924	39.2083
kampala	africa	0.3476	32.5825
accra	africa	5.6037	-0.1870
sydney	oceania	-33.8688	151.2093
melbourne	oceania	-37.8136	144.9631
auckland	oceania	-36.8485	174.7633
perth	oceania	-31.9505	115.8605
