archive	article_id	file_id	size_bytes	md5	entries	cd_offset	cd_size	cd_sha256	zip64_eocd
files101.zip	4555921	8879545	3216357247	9fc7688e08a0b6b7e00b55635b4bcf8b	10000	3215317225	1040000	f00ffcb61018628106f2bc12e8df37865bbe4a221f598f75877af10bdb11cacc	0
files102.zip	4555918	8879548	3175933822	ba84046cedcca7da0388e7dc436ff328	10000	3174893800	1040000	ab1640bf034f30aa0b33bdff920b54d6feff4a1c7d07f3738307bdf15e62b44e	0
files103.zip	4555906	8879596	3200791318	b8d3d9ac6864714e7e5db86ba6676f41	10000	3199751296	1040000	f2f1a10561803c3712091da7ebf80dc4e7e0a79992b81bc45b6a70cc34331ea7	0
files104.zip	4555912	8879572	3142241728	f7d7618f5b83e459e62d221459bd48c0	10000	3141201706	1040000	7d3a0a9385336b76d8356a5d7a9d81f0924b0e6ad452c50ad7cb1a345d099db8	0
files105.zip	4555915	8879554	3227709180	a6165bc050bd3dc7e6a5b50b99b459ad	10000	3226669158	1040000	8e27ce971fd7e80a13ba4299a5337501321c5b0f6fabd5bc467cbc71ea08ce39	0
files106.zip	4555909	8879578	1100400154	0d3d5c7b580a915e1fe7a65c4829fb43	3436	1100042788	357344	be7bf2a984c3599a9fba835b86291c5159297fcb9a01a2b3c38b8a2bf9397f33	0
files201.zip	4556050	8879431	4500088489	db524414f43aa64c0903abe1b1327631	10000	4499042811	1045580	7eba2f71f911d51845a88f8bb16a6d168fa2ad7d56a04a3bc4569aa90ea62b3f	1
files202.zip	4556041	8879536	4432120983	6e9fc94232dd579f3c66f52f04a381e6	10000	4431077417	1043468	7752b4c90ce01a1bce012bfd180bfb389a2abcba492ab2eb8c991788603b3db7	1
files203.zip	4556047	8879521	4292557730	993dbb18a445485d1f06e8d6422c961c	10000	4291517708	1040000	1333b104b3172e84e2a81ebe2d088ff5ea46137e90e905d62fe8c60b28df3ac3	0
files204.zip	4556053	8879428	4038650896	2c5ca7ae5fab802d04ec7381fb44b739	10000	4037610874	1040000	c07f9142b44cc4348f8b12b9fa3989d6bae76b30b131b3d445bd9f81b3f03fe2	0
files205.zip	4556044	8879533	3699451525	51e3a16adef5cd5abb280ea160408333	10000	3698411503	1040000	f97e5adeb65ef104d7d54504746c7d15501ef60d17f0e1ddf62134b7d291928a	0
files206.zip	4556056	8879425	3807110202	41d41b11be6c80c7a187c9d21d976f5d	10000	3806070180	1040000	c1d87d337078084231885f3df46cc833b1cc9de22edbeb037121dd56fe00e1e1	0
files207.zip	4556062	8879392	3663798068	9ff072a9ce09d6789cfa3f995eda67c8	10000	3662758046	1040000	4a1a5f17b1cee3c0bf43fa17e7d2afa4b4643fb53ba33d88cbbc7d529427a370	0
files208.zip	4556059	8879404	3655689467	eac30396bfe678663bec30366791f692	10000	3654649445	1040000	36c1ff565720cf6ade16c05fc760962057e102e728be81b98ab1134df2c8e955	0
files209.zip	4556065	8879338	3722195791	23f69b321bba7efa724608bdbe9c4d26	10000	3721155769	1040000	e7931dceea1147b0902b17810d927e13bc4e5081619e92bd2a632145a2e505ad	0
files210.zip	4556074	8879683	3049199327	9c01a0622b2dde0a3d3686ba0263eec3	10000	3048159305	1040000	a212637ddb0842d6b4614cd045d355ce2c5163bdae95c876fbdd1e34c73da047	0
files211.zip	4556071	8879179	3199079432	0abad58bd6e7015868223a5e11259c48	10000	3198039410	1040000	e45da08f4d3e32ad6d85ecf8d444a7454f325e57d62b282aedd826fc7674be51	0
files212.zip	4556068	8879287	3036142257	8981e045f7648b2a7c8be53e7667b0d4	10000	3035102235	1040000	27fec3c1cf3f619b456b57a4c954e2bfbc4834239be915e45eec53822035a111	0
files213.zip	4556083	8879659	2959680169	e8dc3c504e75b1ec6a5bbb8107f65d27	10000	2958640147	1040000	a4197f390eb12e91af03283cb9df1a9d242a54439b3ecdaf9d468d5cbc6161d5	0
files214.zip	4556077	8879674	2991098213	6daef343c7fdb806fa0410839553e90f	10000	2990058191	1040000	b30924885692d5d53a87b74471aa1433c06e2b2750ef3c3ad7bb5094b6db0e6c	0
files215.zip	4556080	8879662	2868671367	eed7a1c35d6e35ccb610f39357f67008	10000	2867631345	1040000	32b6f246281652f894407a67d04ffacb4114df5865845e8f1851b658351a995e	0
files216.zip	4556089	8879641	2814995134	a258f348e6931ee58051d074b34dd7f5	10000	2813955112	1040000	4cc77ad6e562bb0ef672777fbb20e2411ae1ffc7ecca6ae043f38bccec2196e6	0
files217.zip	4556092	8879632	2816018581	0af9cb211e64120b36f397f7ff0fd3d1	10000	2814978559	1040000	e2897bd8599bdb83812b1019027490532a42080c1650867e24ec38452c93ea22	0
files218.zip	4556086	8879653	2818492494	8ad7b0b06f6f961c0ca3280b0d7b6e41	10000	2817452472	1040000	7cc1fdd14317091506a18de86b90ae24d8e742e7529d822d545f57b5b2632b69	0
files219.zip	4556098	8879617	2780818280	9dfa56bafa4d0526a72c210f5c418435	10000	2779778258	1040000	8b90be167ba8b917f802babfa0ebb8008a4d4014e15bce9ab15344e91558e8ee	0
files220.zip	4556095	8879623	2903298982	a8bf9eb1a4b8b99b3ada6a94570da0ee	10000	2902258960	1040000	ffa4dfa1cd443758ed58f2988eb1c18731ef8f84c0cedd44b8fd531841f07990	0
files221.zip	4556101	8879611	2962658616	538b9dd5831577ac66a464f7855e9946	10000	2961618594	1040000	2a8bdb236c89ea1acf4d23f773a29d6736861f39b1a91d3ce6c5508b255c8535	0
files222.zip	4556104	8879608	3001287451	b7727411e0a185350cd217e4f5aadda4	10000	3000247429	1040000	e887e27330d9442e9e9d015081ccf8f31d0dcce6988832fee7aa78e36befcdb9	0
files223.zip	4556110	8879599	3038419056	f6c8dbae9dea20e4d4e2944537480c86	10000	3037379034	1040000	12d0039c57decb822f2d617f83ea556e1700019b4759b2379566075154374210	0
files224.zip	4556107	8879602	3668188044	327f70b070ed295b636af178bac3a972	9802	3667168614	1019408	343a002f5b099cb5dc647acd1a2bb107fd0370fe9a8c26cf6c2ccfed70bd91ba	0
