tile	doy	start_date	item_id	start_datetime	end_datetime	href	size	md5_b64	md5_hex	struct_ok	percent_land	qa_notproduced_other	qa_notproduced_cloud	ov_fill_fraction	ov_min	ov_max	ov_distinct
h08v05	017	2024-01-17	MOD13A1.A2024017.h08v05.061.2024038041251	2024-01-17T00:00:00Z	2024-02-01T23:59:59Z	https://modiseuwest.blob.core.windows.net/modis-061-cogs/MOD13A1/08/05/2024017/MOD13A1.A2024017.h08v05.061.2024038041251_500m_16_days_NDVI.tif	9764403	1KO7vHECpuH3ALxdvaKdyQ==	d4a3bbbc7102a6e1f700bc5dbda29dc9	1	100	0	0	0.1998	-32768	32767	8446
h08v05	193	2024-07-11	MOD13A1.A2024193.h08v05.061.2024212093235	2024-07-11T00:00:00Z	2024-07-26T23:59:59Z	https://modiseuwest.blob.core.windows.net/modis-061-cogs/MOD13A1/08/05/2024193/MOD13A1.A2024193.h08v05.061.2024212093235_500m_16_days_NDVI.tif	9911293	haVACGL2tRgcaaZ2PHeayA==	85a5400862f6b5181c69a6763c779ac8	1	100	0	0	0.1998	-32768	32767	8004
h09v05	017	2024-01-17	MOD13A1.A2024017.h09v05.061.2024038040808	2024-01-17T00:00:00Z	2024-02-01T23:59:59Z	https://modiseuwest.blob.core.windows.net/modis-061-cogs/MOD13A1/09/05/2024017/MOD13A1.A2024017.h09v05.061.2024038040808_500m_16_days_NDVI.tif	12360636	KQXN8ANUgOJo1SlIALOsAw==	2905cdf0035480e268d5294800b3ac03	1	100	0	0	0.0	-5675	8092	7327
h09v05	193	2024-07-11	MOD13A1.A2024193.h09v05.061.2024212093144	2024-07-11T00:00:00Z	2024-07-26T23:59:59Z	https://modiseuwest.blob.core.windows.net/modis-061-cogs/MOD13A1/09/05/2024193/MOD13A1.A2024193.h09v05.061.2024212093144_500m_16_days_NDVI.tif	12664878	AaDkJCGhlV+Pf3nNlU8vFA==	01a0e42421a1955f8f7f79cd954f2f14	1	100	0	0	0.0	-1540	8823	7605
h10v05	017	2024-01-17	MOD13A1.A2024017.h10v05.061.2024038040744	2024-01-17T00:00:00Z	2024-02-01T23:59:59Z	https://modiseuwest.blob.core.windows.net/modis-061-cogs/MOD13A1/10/05/2024017/MOD13A1.A2024017.h10v05.061.2024038040744_500m_16_days_NDVI.tif	12397980	rF5Oyt7pzZYaLyuROIy4BQ==	ac5e4ecadee9cd961a2f2b91388cb805	1	100	0	0	0.0101	-32768	32767	7696
h10v05	193	2024-07-11	MOD13A1.A2024193.h10v05.061.2024212093200	2024-07-11T00:00:00Z	2024-07-26T23:59:59Z	https://modiseuwest.blob.core.windows.net/modis-061-cogs/MOD13A1/10/05/2024193/MOD13A1.A2024193.h10v05.061.2024212093200_500m_16_days_NDVI.tif	12281983	6uG42Z0YrpunSh7l73hYEA==	eae1b8d99d18ae9ba74a1ee5ef785810	1	100	0	0	0.0102	-32768	32767	6856
h11v05	017	2024-01-17	MOD13A1.A2024017.h11v05.061.2024038035302	2024-01-17T00:00:00Z	2024-02-01T23:59:59Z	https://modiseuwest.blob.core.windows.net/modis-061-cogs/MOD13A1/11/05/2024017/MOD13A1.A2024017.h11v05.061.2024038035302_500m_16_days_NDVI.tif	7291148	aaa8d0R4SsXC2/Je83xZpw==	69a6bc7744784ac5c2dbf25ef37c59a7	1	100	0	0	0.3862	-32768	32767	7889
h11v05	193	2024-07-11	MOD13A1.A2024193.h11v05.061.2024212093113	2024-07-11T00:00:00Z	2024-07-26T23:59:59Z	https://modiseuwest.blob.core.windows.net/modis-061-cogs/MOD13A1/11/05/2024193/MOD13A1.A2024193.h11v05.061.2024212093113_500m_16_days_NDVI.tif	7436302	ZaKInK+oJb7uUlvIbl3A9A==	65a2889cafa825beee525bc86e5dc0f4	1	100	0	0	0.386	-32768	32767	5568
h10v04	017	2024-01-17	MOD13A1.A2024017.h10v04.061.2024038040737	2024-01-17T00:00:00Z	2024-02-01T23:59:59Z	https://modiseuwest.blob.core.windows.net/modis-061-cogs/MOD13A1/10/04/2024017/MOD13A1.A2024017.h10v04.061.2024038040737_500m_16_days_NDVI.tif	12113807	0Ky+J2TJTRUbf7fhCIlQnA==	d0acbe2764c94d151b7fb7e10889509c	1	100	0	0	0.0	-1446	8059	6216
h10v04	193	2024-07-11	MOD13A1.A2024193.h10v04.061.2024212093123	2024-07-11T00:00:00Z	2024-07-26T23:59:59Z	https://modiseuwest.blob.core.windows.net/modis-061-cogs/MOD13A1/10/04/2024193/MOD13A1.A2024193.h10v04.061.2024212093123_500m_16_days_NDVI.tif	12947614	snso4JJqd2gtcS1smh8k+g==	b27b28e0926a77682d712d6c9a1f24fa	1	100	0	0	0.0	-1531	9155	7664
h11v04	017	2024-01-17	MOD13A1.A2024017.h11v04.061.2024038042534	2024-01-17T00:00:00Z	2024-02-01T23:59:59Z	https://modiseuwest.blob.core.windows.net/modis-061-cogs/MOD13A1/11/04/2024017/MOD13A1.A2024017.h11v04.061.2024038042534_500m_16_days_NDVI.tif	11865800	ZLp9IG6ltl6m9JlkwpkX3A==	64ba7d206ea5b65ea6f49964c29917dc	1	100	0	0	0.0025	-32768	32767	6795
h11v04	193	2024-07-11	MOD13A1.A2024193.h11v04.061.2024212093159	2024-07-11T00:00:00Z	2024-07-26T23:59:59Z	https://modiseuwest.blob.core.windows.net/modis-061-cogs/MOD13A1/11/04/2024193/MOD13A1.A2024193.h11v04.061.2024212093159_500m_16_days_NDVI.tif	12123247	C3b1cW4USaQdt2ISETV/CA==	0b76f5716e1449a41db7621211357f08	1	100	0	0	0.0026	-32768	32767	8728
h11v03	017	2024-01-17	MOD13A1.A2024017.h11v03.061.2024038041331	2024-01-17T00:00:00Z	2024-02-01T23:59:59Z	https://modiseuwest.blob.core.windows.net/modis-061-cogs/MOD13A1/11/03/2024017/MOD13A1.A2024017.h11v03.061.2024038041331_500m_16_days_NDVI.tif	12449689	22x0E89RlNszKqjK3Cs2GA==	db6c7413cf5194db332aa8cadc2b3618	1	100	0	0	0.0	-3132	7792	6944
h11v03	193	2024-07-11	MOD13A1.A2024193.h11v03.061.2024212093119	2024-07-11T00:00:00Z	2024-07-26T23:59:59Z	https://modiseuwest.blob.core.windows.net/modis-061-cogs/MOD13A1/11/03/2024193/MOD13A1.A2024193.h11v03.061.2024212093119_500m_16_days_NDVI.tif	12597458	FZdoVliPvWDofeU4Ofez1A==	15976856588fbd60e87de53839f7b3d4	1	100	0	0	0.0003	-32768	32767	7964
h12v03	017	2024-01-17	MOD13A1.A2024017.h12v03.061.2024038041211	2024-01-17T00:00:00Z	2024-02-01T23:59:59Z	https://modiseuwest.blob.core.windows.net/modis-061-cogs/MOD13A1/12/03/2024017/MOD13A1.A2024017.h12v03.061.2024038041211_500m_16_days_NDVI.tif	12345985	3tm9V2kSmwalOYU9MAH+lA==	ded9bd5769129b06a539853d3001fe94	1	100	0	0	0.0002	-4802	7641	5603
h12v03	193	2024-07-11	MOD13A1.A2024193.h12v03.061.2024212093148	2024-07-11T00:00:00Z	2024-07-26T23:59:59Z	https://modiseuwest.blob.core.windows.net/modis-061-cogs/MOD13A1/12/03/2024193/MOD13A1.A2024193.h12v03.061.2024212093148_500m_16_days_NDVI.tif	12436221	I94+mYoK371tPOexMEePwg==	23de3e998a0adfbd6d3ce7b130478fc2	1	100	0	0	0.0003	-32629	32767	7681
h08v06	017	2024-01-17	MOD13A1.A2024017.h08v06.061.2024038040444	2024-01-17T00:00:00Z	2024-02-01T23:59:59Z	https://modiseuwest.blob.core.windows.net/modis-061-cogs/MOD13A1/08/06/2024017/MOD13A1.A2024017.h08v06.061.2024038040444_500m_16_days_NDVI.tif	10068714	Vyr6jKvBdkZvF4T1P6x61w==	572afa8cabc176466f1784f53fac7ad7	1	100	0	0	0.1732	-32768	32767	8199
h08v06	193	2024-07-11	MOD13A1.A2024193.h08v06.061.2024212093109	2024-07-11T00:00:00Z	2024-07-26T23:59:59Z	https://modiseuwest.blob.core.windows.net/modis-061-cogs/MOD13A1/08/06/2024193/MOD13A1.A2024193.h08v06.061.2024212093109_500m_16_days_NDVI.tif	10191790	1RQqnWj+VNWiPxDBrMqviA==	d5142a9d68fe54d5a23f10c1accaaf88	1	100	0	0	0.1729	-32768	32767	8857
h12v04	017	2024-01-17	MOD13A1.A2024017.h12v04.061.2024038042616	2024-01-17T00:00:00Z	2024-02-01T23:59:59Z	https://modiseuwest.blob.core.windows.net/modis-061-cogs/MOD13A1/12/04/2024017/MOD13A1.A2024017.h12v04.061.2024038042616_500m_16_days_NDVI.tif	10504436	rihmpL9HOEbwaWGBtupdhw==	ae2866a4bf473846f0696181b6ea5d87	1	100	0	0	0.1308	-32768	32767	7064
h12v04	193	2024-07-11	MOD13A1.A2024193.h12v04.061.2024212093349	2024-07-11T00:00:00Z	2024-07-26T23:59:59Z	https://modiseuwest.blob.core.windows.net/modis-061-cogs/MOD13A1/12/04/2024193/MOD13A1.A2024193.h12v04.061.2024212093349_500m_16_days_NDVI.tif	9943189	ip7zja9gM/o06lKtM9WLtQ==	8a9ef38daf6033fa34ea52ad33d58bb5	1	100	0	0	0.1319	-32768	32767	9530
h11v09	017	2024-01-17	MOD13A1.A2024017.h11v09.061.2024038035032	2024-01-17T00:00:00Z	2024-02-01T23:59:59Z	https://modiseuwest.blob.core.windows.net/modis-061-cogs/MOD13A1/11/09/2024017/MOD13A1.A2024017.h11v09.061.2024038035032_500m_16_days_NDVI.tif	11688558	/6sKA5GdBQKPrDMIdqLaMw==	ffab0a03919d05028fac330876a2da33	1	100	0	0	0.0	-5304	9620	7873
h11v09	193	2024-07-11	MOD13A1.A2024193.h11v09.061.2024212093159	2024-07-11T00:00:00Z	2024-07-26T23:59:59Z	https://modiseuwest.blob.core.windows.net/modis-061-cogs/MOD13A1/11/09/2024193/MOD13A1.A2024193.h11v09.061.2024212093159_500m_16_days_NDVI.tif	11043094	u+3M0L1qVN1Duz1XZKcbhg==	bbedccd0bd6a54dd43bb3d5764a71b86	1	100	0	0	0.0	-12209	9337	5458
h12v09	017	2024-01-17	MOD13A1.A2024017.h12v09.061.2024038040956	2024-01-17T00:00:00Z	2024-02-01T23:59:59Z	https://modiseuwest.blob.core.windows.net/modis-061-cogs/MOD13A1/12/09/2024017/MOD13A1.A2024017.h12v09.061.2024038040956_500m_16_days_NDVI.tif	12435068	WNNaNnMX4yJjdHyeZ0nrQQ==	58d35a367317e32263747c9e6749eb41	1	100	0	0	0.0001	-32768	32767	7766
h12v09	193	2024-07-11	MOD13A1.A2024193.h12v09.061.2024212093113	2024-07-11T00:00:00Z	2024-07-26T23:59:59Z	https://modiseuwest.blob.core.windows.net/modis-061-cogs/MOD13A1/12/09/2024193/MOD13A1.A2024193.h12v09.061.2024212093113_500m_16_days_NDVI.tif	11492666	4BfvP2LiDh907MtkOtS1yQ==	e017ef3f62e20e1f74eccb643ad4b5c9	1	100	0	0	0.0001	-32768	27721	6206
h12v10	017	2024-01-17	MOD13A1.A2024017.h12v10.061.2024038035825	2024-01-17T00:00:00Z	2024-02-01T23:59:59Z	https://modiseuwest.blob.core.windows.net/modis-061-cogs/MOD13A1/12/10/2024017/MOD13A1.A2024017.h12v10.061.2024038035825_500m_16_days_NDVI.tif	12459885	nRikTYGugVl6Uxo2jUlgIA==	9d18a44d81ae81597a531a368d496020	1	100	0	0	0.0	-2451	9565	5800
h12v10	193	2024-07-11	MOD13A1.A2024193.h12v10.061.2024212093104	2024-07-11T00:00:00Z	2024-07-26T23:59:59Z	https://modiseuwest.blob.core.windows.net/modis-061-cogs/MOD13A1/12/10/2024193/MOD13A1.A2024193.h12v10.061.2024212093104_500m_16_days_NDVI.tif	12888554	5I/XSFpyqCHDc43HMbq6tA==	e48fd7485a72a821c3738dc731babab4	1	100	0	0	0.0	-6313	9101	6194
h13v10	017	2024-01-17	MOD13A1.A2024017.h13v10.061.2024038040533	2024-01-17T00:00:00Z	2024-02-01T23:59:59Z	https://modiseuwest.blob.core.windows.net/modis-061-cogs/MOD13A1/13/10/2024017/MOD13A1.A2024017.h13v10.061.2024038040533_500m_16_days_NDVI.tif	12357715	z2IusBF2xlX/N0nuT2Rb1w==	cf622eb01176c655ff3749ee4f645bd7	1	100	0	0	0.0	-3619	9606	5673
h13v10	193	2024-07-11	MOD13A1.A2024193.h13v10.061.2024212093118	2024-07-11T00:00:00Z	2024-07-26T23:59:59Z	https://modiseuwest.blob.core.windows.net/modis-061-cogs/MOD13A1/13/10/2024193/MOD13A1.A2024193.h13v10.061.2024212093118_500m_16_days_NDVI.tif	12963991	LuWXyUceh7L83gqno58JkA==	2ee597c9471e87b2fcde0aa7a39f0990	1	100	0	0	0.0	-10102	8941	5958
h12v11	017	2024-01-17	MOD13A1.A2024017.h12v11.061.2024038042249	2024-01-17T00:00:00Z	2024-02-01T23:59:59Z	https://modiseuwest.blob.core.windows.net/modis-061-cogs/MOD13A1/12/11/2024017/MOD13A1.A2024017.h12v11.061.2024038042249_500m_16_days_NDVI.tif	12726513	Bndih2b9m6q2bjgfVjLDvg==	0677628766fd9baab66e381f5632c3be	1	100	0	0	0.0001	-28628	12872	8351
h12v11	193	2024-07-11	MOD13A1.A2024193.h12v11.061.2024212093116	2024-07-11T00:00:00Z	2024-07-26T23:59:59Z	https://modiseuwest.blob.core.windows.net/modis-061-cogs/MOD13A1/12/11/2024193/MOD13A1.A2024193.h12v11.061.2024212093116_500m_16_days_NDVI.tif	12654764	YPkyw7YubcKwObTgM0QD9g==	60f932c3b62e6dc2b039b4e0334403f6	1	100	0	0	0.0001	-17705	11689	7679
h12v12	017	2024-01-17	MOD13A1.A2024017.h12v12.061.2024038041214	2024-01-17T00:00:00Z	2024-02-01T23:59:59Z	https://modiseuwest.blob.core.windows.net/modis-061-cogs/MOD13A1/12/12/2024017/MOD13A1.A2024017.h12v12.061.2024038041214_500m_16_days_NDVI.tif	11538544	UElNw38Bi1rxahdZQW+EbA==	50494dc37f018b5af16a1759416f846c	1	100	0	0	0.1025	-32768	32767	9437
h12v12	193	2024-07-11	MOD13A1.A2024193.h12v12.061.2024212093118	2024-07-11T00:00:00Z	2024-07-26T23:59:59Z	https://modiseuwest.blob.core.windows.net/modis-061-cogs/MOD13A1/12/12/2024193/MOD13A1.A2024193.h12v12.061.2024212093118_500m_16_days_NDVI.tif	11098705	8iLxrVQIsP4OfjkC6Tpmyw==	f222f1ad5408b0fe0e7e3902e93a66cb	1	100	0	0	0.1027	-32768	32767	9632
h11v10	017	2024-01-17	MOD13A1.A2024017.h11v10.061.2024038040950	2024-01-17T00:00:00Z	2024-02-01T23:59:59Z	https://modiseuwest.blob.core.windows.net/modis-061-cogs/MOD13A1/11/10/2024017/MOD13A1.A2024017.h11v10.061.2024038040950_500m_16_days_NDVI.tif	11206342	6kOXDyr0m3ksj4ZeKwbDSg==	ea43970f2af49b792c8f865e2b06c34a	1	100	0	0	0.0887	-17091	20424	9524
h11v10	193	2024-07-11	MOD13A1.A2024193.h11v10.061.2024212093137	2024-07-11T00:00:00Z	2024-07-26T23:59:59Z	https://modiseuwest.blob.core.windows.net/modis-061-cogs/MOD13A1/11/10/2024193/MOD13A1.A2024193.h11v10.061.2024212093137_500m_16_days_NDVI.tif	11131907	hjajMFyIDkDdOaOSdeuy4g==	8636a3305c880e40dd39a39275ebb2e2	1	100	0	0	0.0887	-19327	32767	9277
h13v11	017	2024-01-17	MOD13A1.A2024017.h13v11.061.2024038040532	2024-01-17T00:00:00Z	2024-02-01T23:59:59Z	https://modiseuwest.blob.core.windows.net/modis-061-cogs/MOD13A1/13/11/2024017/MOD13A1.A2024017.h13v11.061.2024038040532_500m_16_days_NDVI.tif	9952006	1q7I2tDX5UN5fqvlGGlZ3w==	d6aec8dad0d7e543797eabe5186959df	1	100	0	0	0.1998	-32768	32767	6054
h13v11	193	2024-07-11	MOD13A1.A2024193.h13v11.061.2024212093123	2024-07-11T00:00:00Z	2024-07-26T23:59:59Z	https://modiseuwest.blob.core.windows.net/modis-061-cogs/MOD13A1/13/11/2024193/MOD13A1.A2024193.h13v11.061.2024212093123_500m_16_days_NDVI.tif	10309266	B7dSQtV7TBAlfcda4tFHhQ==	07b75242d57b4c10257dc75ae2d14785	1	100	0	0	0.1998	-32768	32767	7042
h18v04	017	2024-01-17	MOD13A1.A2024017.h18v04.061.2024038040831	2024-01-17T00:00:00Z	2024-02-01T23:59:59Z	https://modiseuwest.blob.core.windows.net/modis-061-cogs/MOD13A1/18/04/2024017/MOD13A1.A2024017.h18v04.061.2024038040831_500m_16_days_NDVI.tif	9417904	I86M/Ce0XK+fb9f5tFxX3g==	23ce8cfc27b45caf9f6fd7f9b45c57de	1	100	0	0	0.2501	-32768	32767	9047
h18v04	193	2024-07-11	MOD13A1.A2024193.h18v04.061.2024212093349	2024-07-11T00:00:00Z	2024-07-26T23:59:59Z	https://modiseuwest.blob.core.windows.net/modis-061-cogs/MOD13A1/18/04/2024193/MOD13A1.A2024193.h18v04.061.2024212093349_500m_16_days_NDVI.tif	9514976	IJfcOMRIZ0CDIeDaG/amBQ==	2097dc38c44867408321e0da1bf6a605	1	100	0	0	0.2501	-32768	32767	7357
h19v04	017	2024-01-17	MOD13A1.A2024017.h19v04.061.2024038040207	2024-01-17T00:00:00Z	2024-02-01T23:59:59Z	https://modiseuwest.blob.core.windows.net/modis-061-cogs/MOD13A1/19/04/2024017/MOD13A1.A2024017.h19v04.061.2024038040207_500m_16_days_NDVI.tif	11197086	bA2GrAEilgCxPPrTD83OCA==	6c0d86ac01229600b13cfad30fcdce08	1	100	0	0	0.0999	-32768	32767	8395
h19v04	193	2024-07-11	MOD13A1.A2024193.h19v04.061.2024212093122	2024-07-11T00:00:00Z	2024-07-26T23:59:59Z	https://modiseuwest.blob.core.windows.net/modis-061-cogs/MOD13A1/19/04/2024193/MOD13A1.A2024193.h19v04.061.2024212093122_500m_16_days_NDVI.tif	11526140	r6HZo4prhL6/JHw87llvNA==	afa1d9a38a6b84bebf247c3cee596f34	1	100	0	0	0.0995	-32768	32767	7734
h19v03	017	2024-01-17	MOD13A1.A2024017.h19v03.061.2024038043816	2024-01-17T00:00:00Z	2024-02-01T23:59:59Z	https://modiseuwest.blob.core.windows.net/modis-061-cogs/MOD13A1/19/03/2024017/MOD13A1.A2024017.h19v03.061.2024038043816_500m_16_days_NDVI.tif	11110941	kLUYLkOh7wMFJYqYES2/iw==	90b5182e43a1ef0305258a98112dbf8b	1	100	0	0	0.1032	-32768	32767	8276
h19v03	193	2024-07-11	MOD13A1.A2024193.h19v03.061.2024212093114	2024-07-11T00:00:00Z	2024-07-26T23:59:59Z	https://modiseuwest.blob.core.windows.net/modis-061-cogs/MOD13A1/19/03/2024193/MOD13A1.A2024193.h19v03.061.2024212093114_500m_16_days_NDVI.tif	11089200	+RPszO2DKLCTpvozS4SzNw==	f913eccced8328b093a6fa334b84b337	1	100	0	0	0.1034	-32768	32767	6306
h20v03	017	2024-01-17	MOD13A1.A2024017.h20v03.061.2024038042544	2024-01-17T00:00:00Z	2024-02-01T23:59:59Z	https://modiseuwest.blob.core.windows.net/modis-061-cogs/MOD13A1/20/03/2024017/MOD13A1.A2024017.h20v03.061.2024038042544_500m_16_days_NDVI.tif	11841365	+DylZZtQ7jrJclTI0qg6Tg==	f83ca5659b50ee3ac97254c8d2a83a4e	1	100	0	0	0.0	-1134	5947	4355
h20v03	193	2024-07-11	MOD13A1.A2024193.h20v03.061.2024212093107	2024-07-11T00:00:00Z	2024-07-26T23:59:59Z	https://modiseuwest.blob.core.windows.net/modis-061-cogs/MOD13A1/20/03/2024193/MOD13A1.A2024193.h20v03.061.2024212093107_500m_16_days_NDVI.tif	12529921	BY2gxpzpnVyOAQ54bUo7Ag==	058da0c69ce99d5c8e010e786d4a3b02	1	100	0	0	0.0	-2222	9518	6790
h20v04	017	2024-01-17	MOD13A1.A2024017.h20v04.061.2024038040301	2024-01-17T00:00:00Z	2024-02-01T23:59:59Z	https://modiseuwest.blob.core.windows.net/modis-061-cogs/MOD13A1/20/04/2024017/MOD13A1.A2024017.h20v04.061.2024038040301_500m_16_days_NDVI.tif	7869239	FQw1iJLYTSQ9Nxou3O8Emw==	150c358892d84d243d371a2edcef049b	1	100	0	0	0.3351	-32768	32767	8382
h20v04	193	2024-07-11	MOD13A1.A2024193.h20v04.061.2024212093102	2024-07-11T00:00:00Z	2024-07-26T23:59:59Z	https://modiseuwest.blob.core.windows.net/modis-061-cogs/MOD13A1/20/04/2024193/MOD13A1.A2024193.h20v04.061.2024212093102_500m_16_days_NDVI.tif	8421026	oXidd+DJYDaHNaTmx09Fhg==	a1789d77e0c960368735a4e6c74f4586	1	100	0	0	0.3347	-32768	32767	9030
h17v05	017	2024-01-17	MOD13A1.A2024017.h17v05.061.2024038040304	2024-01-17T00:00:00Z	2024-02-01T23:59:59Z	https://modiseuwest.blob.core.windows.net/modis-061-cogs/MOD13A1/17/05/2024017/MOD13A1.A2024017.h17v05.061.2024038040304_500m_16_days_NDVI.tif	7316883	quPIq5mKNZsA6EcT+kMm0w==	aae3c8ab998a359b00e84713fa4326d3	1	100	0	0	0.388	-32768	32767	7954
h17v05	193	2024-07-11	MOD13A1.A2024193.h17v05.061.2024212093209	2024-07-11T00:00:00Z	2024-07-26T23:59:59Z	https://modiseuwest.blob.core.windows.net/modis-061-cogs/MOD13A1/17/05/2024193/MOD13A1.A2024193.h17v05.061.2024212093209_500m_16_days_NDVI.tif	7167695	OLq+LiQ+rZ1P2IgRnDCCAw==	38babe2e243ead9d4fd888119c308203	1	100	0	0	0.3879	-32768	32767	6411
h18v07	017	2024-01-17	MOD13A1.A2024017.h18v07.061.2024038040715	2024-01-17T00:00:00Z	2024-02-01T23:59:59Z	https://modiseuwest.blob.core.windows.net/modis-061-cogs/MOD13A1/18/07/2024017/MOD13A1.A2024017.h18v07.061.2024038040715_500m_16_days_NDVI.tif	10987872	RLaOlFNxYyCBzvr8vYf+Jg==	44b68e945371632081cefafcbd87fe26	1	100	0	0	0.0001	-8186	12120	3561
h18v07	193	2024-07-11	MOD13A1.A2024193.h18v07.061.2024212093106	2024-07-11T00:00:00Z	2024-07-26T23:59:59Z	https://modiseuwest.blob.core.windows.net/modis-061-cogs/MOD13A1/18/07/2024193/MOD13A1.A2024193.h18v07.061.2024212093106_500m_16_days_NDVI.tif	11072368	S7YUd9vjnsRCG2E2sdC6hw==	4bb61477dbe39ec4421b6136b1d0ba87	1	100	0	0	0.0	-1430	8060	6830
h19v07	017	2024-01-17	MOD13A1.A2024017.h19v07.061.2024038034646	2024-01-17T00:00:00Z	2024-02-01T23:59:59Z	https://modiseuwest.blob.core.windows.net/modis-061-cogs/MOD13A1/19/07/2024017/MOD13A1.A2024017.h19v07.061.2024038034646_500m_16_days_NDVI.tif	10489045	IDvUOCsVjGIpwKtDQQ6iBQ==	203bd4382b158c6229c0ab43410ea205	1	100	0	0	0.0	-12696	8577	4196
h19v07	193	2024-07-11	MOD13A1.A2024193.h19v07.061.2024212093102	2024-07-11T00:00:00Z	2024-07-26T23:59:59Z	https://modiseuwest.blob.core.windows.net/modis-061-cogs/MOD13A1/19/07/2024193/MOD13A1.A2024193.h19v07.061.2024212093102_500m_16_days_NDVI.tif	10651967	KLWbI0MDznpTt5CnB6DyIQ==	28b59b234303ce7a53b790a707a0f221	1	100	0	0	0.0	-1612	8836	7638
h19v08	017	2024-01-17	MOD13A1.A2024017.h19v08.061.2024038040540	2024-01-17T00:00:00Z	2024-02-01T23:59:59Z	https://modiseuwest.blob.core.windows.net/modis-061-cogs/MOD13A1/19/08/2024017/MOD13A1.A2024017.h19v08.061.2024038040540_500m_16_days_NDVI.tif	12160997	f/aLKiwO2IaBjqsTccvxug==	7ff68b2a2c0ed886818eab1371cbf1ba	1	100	0	0	0.0	-2209	8420	6170
h19v08	193	2024-07-11	MOD13A1.A2024193.h19v08.061.2024212093122	2024-07-11T00:00:00Z	2024-07-26T23:59:59Z	https://modiseuwest.blob.core.windows.net/modis-061-cogs/MOD13A1/19/08/2024193/MOD13A1.A2024193.h19v08.061.2024212093122_500m_16_days_NDVI.tif	12238751	COC1YLih/SeBPbtMg4kq0g==	08e0b560b8a1fd27813dbb4c83892ad2	1	100	0	0	0.0	-1983	9124	8259
h20v08	017	2024-01-17	MOD13A1.A2024017.h20v08.061.2024038041115	2024-01-17T00:00:00Z	2024-02-01T23:59:59Z	https://modiseuwest.blob.core.windows.net/modis-061-cogs/MOD13A1/20/08/2024017/MOD13A1.A2024017.h20v08.061.2024038041115_500m_16_days_NDVI.tif	12140421	BkfZc65AoYU5kq0X7kfwjA==	0647d973ae40a1853992ad17ee47f08c	1	100	0	0	0.0	-3162	8420	6143
h20v08	193	2024-07-11	MOD13A1.A2024193.h20v08.061.2024212093112	2024-07-11T00:00:00Z	2024-07-26T23:59:59Z	https://modiseuwest.blob.core.windows.net/modis-061-cogs/MOD13A1/20/08/2024193/MOD13A1.A2024193.h20v08.061.2024212093112_500m_16_days_NDVI.tif	11576147	7HXiIv04OBfqM3tbGX+u8Q==	ec75e222fd383817ea337b5b197faef1	1	100	0	0	0.0	-2502	9270	6108
h20v09	017	2024-01-17	MOD13A1.A2024017.h20v09.061.2024038041234	2024-01-17T00:00:00Z	2024-02-01T23:59:59Z	https://modiseuwest.blob.core.windows.net/modis-061-cogs/MOD13A1/20/09/2024017/MOD13A1.A2024017.h20v09.061.2024038041234_500m_16_days_NDVI.tif	11568057	MdK2dUzZJhDaecw9mdScZQ==	31d2b6754cd92610da79cc3d99d49c65	1	100	0	0	0.0	-1852	9206	7770
h20v09	193	2024-07-11	MOD13A1.A2024193.h20v09.061.2024212093116	2024-07-11T00:00:00Z	2024-07-26T23:59:59Z	https://modiseuwest.blob.core.windows.net/modis-061-cogs/MOD13A1/20/09/2024193/MOD13A1.A2024193.h20v09.061.2024212093116_500m_16_days_NDVI.tif	12375108	TN6CV/LCBWenUtmLyes9HA==	4cde8257f2c20567a752d98bc9eb3d1c	1	100	0	0	0.0	-29917	12420	8459
h21v08	017	2024-01-17	MOD13A1.A2024017.h21v08.061.2024038040424	2024-01-17T00:00:00Z	2024-02-01T23:59:59Z	https://modiseuwest.blob.core.windows.net/modis-061-cogs/MOD13A1/21/08/2024017/MOD13A1.A2024017.h21v08.061.2024038040424_500m_16_days_NDVI.tif	12423312	KvlLqqwr5hn+7D4Ub6iSBg==	2af94baaac2be619feec3e146fa89206	1	100	0	0	0.0021	-32768	29057	8806
h21v08	193	2024-07-11	MOD13A1.A2024193.h21v08.061.2024212093104	2024-07-11T00:00:00Z	2024-07-26T23:59:59Z	https://modiseuwest.blob.core.windows.net/modis-061-cogs/MOD13A1/21/08/2024193/MOD13A1.A2024193.h21v08.061.2024212093104_500m_16_days_NDVI.tif	12239601	XoXPVfikG3xwxY0NgKmXZA==	5e85cf55f8a41b7c70c58d0d80a99764	1	100	0	0	0.0016	-16255	9219	9073
h21v09	017	2024-01-17	MOD13A1.A2024017.h21v09.061.2024038040653	2024-01-17T00:00:00Z	2024-02-01T23:59:59Z	https://modiseuwest.blob.core.windows.net/modis-061-cogs/MOD13A1/21/09/2024017/MOD13A1.A2024017.h21v09.061.2024038040653_500m_16_days_NDVI.tif	11550273	hLNaFN8QKmRryIS8FSWeqw==	84b35a14df102a646bc884bc15259eab	1	100	0	0	0.0493	-32768	32767	10099
h21v09	193	2024-07-11	MOD13A1.A2024193.h21v09.061.2024212093118	2024-07-11T00:00:00Z	2024-07-26T23:59:59Z	https://modiseuwest.blob.core.windows.net/modis-061-cogs/MOD13A1/21/09/2024193/MOD13A1.A2024193.h21v09.061.2024212093118_500m_16_days_NDVI.tif	11622641	KhmLNNPC6dwCjcWVPACn/w==	2a198b34d3c2e9dc028dc5953c00a7ff	1	100	0	0	0.0517	-32768	32767	9588
h20v10	017	2024-01-17	MOD13A1.A2024017.h20v10.061.2024038035938	2024-01-17T00:00:00Z	2024-02-01T23:59:59Z	https://modiseuwest.blob.core.windows.net/modis-061-cogs/MOD13A1/20/10/2024017/MOD13A1.A2024017.h20v10.061.2024038035938_500m_16_days_NDVI.tif	12363651	63MGwM1rvrVYhRkdUYyoMQ==	eb7306c0cd6bbeb55885191d518ca831	1	100	0	0	0.0	-3734	9140	6089
h20v10	193	2024-07-11	MOD13A1.A2024193.h20v10.061.2024212093213	2024-07-11T00:00:00Z	2024-07-26T23:59:59Z	https://modiseuwest.blob.core.windows.net/modis-061-cogs/MOD13A1/20/10/2024193/MOD13A1.A2024193.h20v10.061.2024212093213_500m_16_days_NDVI.tif	12394391	xLzjf5Z7HZv2JUFwDgsprw==	c4bce37f967b1d9bf62541700e0b29af	1	100	0	0	0.0	-32768	16733	5346
h20v11	017	2024-01-17	MOD13A1.A2024017.h20v11.061.2024038035805	2024-01-17T00:00:00Z	2024-02-01T23:59:59Z	https://modiseuwest.blob.core.windows.net/modis-061-cogs/MOD13A1/20/11/2024017/MOD13A1.A2024017.h20v11.061.2024038035805_500m_16_days_NDVI.tif	11721059	mDYJdcuNyvwc/RL3DWdGjA==	98360975cb8dcafc1cfd12f70d67468c	1	100	0	0	0.0582	-32768	32767	7252
h20v11	193	2024-07-11	MOD13A1.A2024193.h20v11.061.2024212093141	2024-07-11T00:00:00Z	2024-07-26T23:59:59Z	https://modiseuwest.blob.core.windows.net/modis-061-cogs/MOD13A1/20/11/2024193/MOD13A1.A2024193.h20v11.061.2024212093141_500m_16_days_NDVI.tif	11304732	dcexsp+vWYrOTNFq8RPIgw==	75c7b1b29faf598ace4cd16af113c883	1	100	0	0	0.058	-32768	24615	6263
h20v06	017	2024-01-17	MOD13A1.A2024017.h20v06.061.2024038040701	2024-01-17T00:00:00Z	2024-02-01T23:59:59Z	https://modiseuwest.blob.core.windows.net/modis-061-cogs/MOD13A1/20/06/2024017/MOD13A1.A2024017.h20v06.061.2024038040701_500m_16_days_NDVI.tif	9941150	Zr2G4airjbYVQ/sLXAp6sg==	66bd86e1a8ab8db61543fb0b5c0a7ab2	1	100	0	0	0.0035	-32768	30409	3617
h20v06	193	2024-07-11	MOD13A1.A2024193.h20v06.061.2024212093115	2024-07-11T00:00:00Z	2024-07-26T23:59:59Z	https://modiseuwest.blob.core.windows.net/modis-061-cogs/MOD13A1/20/06/2024193/MOD13A1.A2024193.h20v06.061.2024212093115_500m_16_days_NDVI.tif	9746610	0IpZ2phQHSVOf+IwyQrLcQ==	d08a59da98501d254e7fe230c90acb71	1	100	0	0	0.0033	-13607	32767	3080
h19v10	017	2024-01-17	MOD13A1.A2024017.h19v10.061.2024038035711	2024-01-17T00:00:00Z	2024-02-01T23:59:59Z	https://modiseuwest.blob.core.windows.net/modis-061-cogs/MOD13A1/19/10/2024017/MOD13A1.A2024017.h19v10.061.2024038035711_500m_16_days_NDVI.tif	9698453	DTtQpHnCxuP2wch6fU6d9w==	0d3b50a479c2c6e3f6c1c87a7d4e9df7	1	100	0	0	0.2108	-32768	23747	8486
h19v10	193	2024-07-11	MOD13A1.A2024193.h19v10.061.2024212093211	2024-07-11T00:00:00Z	2024-07-26T23:59:59Z	https://modiseuwest.blob.core.windows.net/modis-061-cogs/MOD13A1/19/10/2024193/MOD13A1.A2024193.h19v10.061.2024212093211_500m_16_days_NDVI.tif	9599620	B6QuEj8WW/MFEPT8G19zMg==	07a42e123f165bf30510f4fc1b5f7332	1	100	0	0	0.2107	-32768	32767	6948
h21v05	017	2024-01-17	MOD13A1.A2024017.h21v05.061.2024038043431	2024-01-17T00:00:00Z	2024-02-01T23:59:59Z	https://modiseuwest.blob.core.windows.net/modis-061-cogs/MOD13A1/21/05/2024017/MOD13A1.A2024017.h21v05.061.2024038043431_500m_16_days_NDVI.tif	11441726	jZXp0ocP+qwXzgq55YXX0A==	8d95e9d2870ffaac17ce0ab9e585d7d0	1	100	0	0	0.0298	-24991	32767	7553
h21v05	193	2024-07-11	MOD13A1.A2024193.h21v05.061.2024212093054	2024-07-11T00:00:00Z	2024-07-26T23:59:59Z	https://modiseuwest.blob.core.windows.net/modis-061-cogs/MOD13A1/21/05/2024193/MOD13A1.A2024193.h21v05.061.2024212093054_500m_16_days_NDVI.tif	11325712	ZNnHcQL5+81OGfio+/mOUw==	64d9c77102f9fbcd4e19f8a8fbf98e53	1	100	0	0	0.03	-26965	32767	7751
h22v05	017	2024-01-17	MOD13A1.A2024017.h22v05.061.2024038035626	2024-01-17T00:00:00Z	2024-02-01T23:59:59Z	https://modiseuwest.blob.core.windows.net/modis-061-cogs/MOD13A1/22/05/2024017/MOD13A1.A2024017.h22v05.061.2024038035626_500m_16_days_NDVI.tif	10805326	yck/TFw3JgrZ9z36H9UNXg==	c9c93f4c5c37260ad9f73dfa1fd50d5e	1	100	0	0	0.0349	-32768	32767	6988
h22v05	193	2024-07-11	MOD13A1.A2024193.h22v05.061.2024212093122	2024-07-11T00:00:00Z	2024-07-26T23:59:59Z	https://modiseuwest.blob.core.windows.net/modis-061-cogs/MOD13A1/22/05/2024193/MOD13A1.A2024193.h22v05.061.2024212093122_500m_16_days_NDVI.tif	10884486	xm9nBs8L3hMVxhdQca8PBA==	c66f6706cf0bde1315c6175071af0f04	1	100	0	0	0.0298	-32768	32767	7176
h23v05	017	2024-01-17	MOD13A1.A2024017.h23v05.061.2024038041737	2024-01-17T00:00:00Z	2024-02-01T23:59:59Z	https://modiseuwest.blob.core.windows.net/modis-061-cogs/MOD13A1/23/05/2024017/MOD13A1.A2024017.h23v05.061.2024038041737_500m_16_days_NDVI.tif	11516267	Kjq6AjV8/P85tH0EciHSWQ==	2a3aba02357cfcff39b47d047221d259	1	100	0	0	0.0	-2023	7095	5446
h23v05	193	2024-07-11	MOD13A1.A2024193.h23v05.061.2024212093104	2024-07-11T00:00:00Z	2024-07-26T23:59:59Z	https://modiseuwest.blob.core.windows.net/modis-061-cogs/MOD13A1/23/05/2024193/MOD13A1.A2024193.h23v05.061.2024212093104_500m_16_days_NDVI.tif	12011888	H1Sa+TGe7vIEZdeI5aBs7w==	1f549af9319eeef20465d788e5a06cef	1	100	0	0	0.0	-2651	8470	7400
h25v05	017	2024-01-17	MOD13A1.A2024017.h25v05.061.2024038043246	2024-01-17T00:00:00Z	2024-02-01T23:59:59Z	https://modiseuwest.blob.core.windows.net/modis-061-cogs/MOD13A1/25/05/2024017/MOD13A1.A2024017.h25v05.061.2024038043246_500m_16_days_NDVI.tif	11401791	42zRJgk8X3aDxFh9sf6Stg==	e36cd126093c5f7683c4587db1fe92b6	1	100	0	0	0.0001	-20100	5494	4139
h25v05	193	2024-07-11	MOD13A1.A2024193.h25v05.061.2024212093114	2024-07-11T00:00:00Z	2024-07-26T23:59:59Z	https://modiseuwest.blob.core.windows.net/modis-061-cogs/MOD13A1/25/05/2024193/MOD13A1.A2024193.h25v05.061.2024212093114_500m_16_days_NDVI.tif	11930848	DhIyHOfJykT4dSWnlfk/Cw==	0e12321ce7c9ca44f87525a795f93f0b	1	100	0	0	0.0	-12602	9331	8522
h26v05	017	2024-01-17	MOD13A1.A2024017.h26v05.061.2024038035711	2024-01-17T00:00:00Z	2024-02-01T23:59:59Z	https://modiseuwest.blob.core.windows.net/modis-061-cogs/MOD13A1/26/05/2024017/MOD13A1.A2024017.h26v05.061.2024038035711_500m_16_days_NDVI.tif	12187997	wTablFTQXnnWaSwY98UUVA==	c1369b9454d05e79d6692c18f7c51454	1	100	0	0	0.0	-8518	7805	7325
h26v05	193	2024-07-11	MOD13A1.A2024193.h26v05.061.2024212093209	2024-07-11T00:00:00Z	2024-07-26T23:59:59Z	https://modiseuwest.blob.core.windows.net/modis-061-cogs/MOD13A1/26/05/2024193/MOD13A1.A2024193.h26v05.061.2024212093209_500m_16_days_NDVI.tif	12488304	WJlsDqP3DXOHwTp62VYhag==	58996c0ea3f70d7387c13a7ad956216a	1	100	0	0	0.0	-6988	16952	9125
h25v06	017	2024-01-17	MOD13A1.A2024017.h25v06.061.2024038040755	2024-01-17T00:00:00Z	2024-02-01T23:59:59Z	https://modiseuwest.blob.core.windows.net/modis-061-cogs/MOD13A1/25/06/2024017/MOD13A1.A2024017.h25v06.061.2024038040755_500m_16_days_NDVI.tif	12488980	6ksqxDewO+Z5d5BJLV3vLA==	ea4b2ac437b03be6797790492d5def2c	1	100	0	0	0.0	-5424	8864	8815
h25v06	193	2024-07-11	MOD13A1.A2024193.h25v06.061.2024212093127	2024-07-11T00:00:00Z	2024-07-26T23:59:59Z	https://modiseuwest.blob.core.windows.net/modis-061-cogs/MOD13A1/25/06/2024193/MOD13A1.A2024193.h25v06.061.2024212093127_500m_16_days_NDVI.tif	12781676	j4hUnpYhjh4/3F/ueod32Q==	8f88549e96218e1e3fdc5fee7a8777d9	1	100	0	0	0.0	-1546	9031	8371
h27v06	017	2024-01-17	MOD13A1.A2024017.h27v06.061.2024038040731	2024-01-17T00:00:00Z	2024-02-01T23:59:59Z	https://modiseuwest.blob.core.windows.net/modis-061-cogs/MOD13A1/27/06/2024017/MOD13A1.A2024017.h27v06.061.2024038040731_500m_16_days_NDVI.tif	12302871	kwoi4Vf66gtXXCkqkL7Aeg==	930a22e157faea0b575c292a90bec07a	1	100	0	0	0.0005	-5241	9237	8869
h27v06	193	2024-07-11	MOD13A1.A2024193.h27v06.061.2024212093127	2024-07-11T00:00:00Z	2024-07-26T23:59:59Z	https://modiseuwest.blob.core.windows.net/modis-061-cogs/MOD13A1/27/06/2024193/MOD13A1.A2024193.h27v06.061.2024212093127_500m_16_days_NDVI.tif	12637639	pzkJPzx8jRFww/v5Rlg2bw==	a739093f3c7c8d1170c3fbf94658366f	1	100	0	0	0.0005	-14781	32767	7966
h22v04	017	2024-01-17	MOD13A1.A2024017.h22v04.061.2024038035934	2024-01-17T00:00:00Z	2024-02-01T23:59:59Z	https://modiseuwest.blob.core.windows.net/modis-061-cogs/MOD13A1/22/04/2024017/MOD13A1.A2024017.h22v04.061.2024038035934_500m_16_days_NDVI.tif	10272823	wV6IknFOJ7QbIb2gfLrwMw==	c15e8892714e27b41b21bda07cbaf033	1	100	0	0	0.0037	-10686	14304	3584
h22v04	193	2024-07-11	MOD13A1.A2024193.h22v04.061.2024212093102	2024-07-11T00:00:00Z	2024-07-26T23:59:59Z	https://modiseuwest.blob.core.windows.net/modis-061-cogs/MOD13A1/22/04/2024193/MOD13A1.A2024193.h22v04.061.2024212093102_500m_16_days_NDVI.tif	11114104	xZdmH9jG5ZSRU+rQcMN+yw==	c597661fd8c6e5949153ead070c37ecb	1	100	0	0	0.006	-16590	12281	6825
h23v04	017	2024-01-17	MOD13A1.A2024017.h23v04.061.2024038035725	2024-01-17T00:00:00Z	2024-02-01T23:59:59Z	https://modiseuwest.blob.core.windows.net/modis-061-cogs/MOD13A1/23/04/2024017/MOD13A1.A2024017.h23v04.061.2024038035725_500m_16_days_NDVI.tif	10978108	Pk3MvqZY3uw94fcsrWaJGA==	3e4dccbea658deec3de1f72cad668918	1	100	0	0	0.0001	-18109	23012	5145
h23v04	193	2024-07-11	MOD13A1.A2024193.h23v04.061.2024212093106	2024-07-11T00:00:00Z	2024-07-26T23:59:59Z	https://modiseuwest.blob.core.windows.net/modis-061-cogs/MOD13A1/23/04/2024193/MOD13A1.A2024193.h23v04.061.2024212093106_500m_16_days_NDVI.tif	12524496	p+4PBZwRiyrdfIblraLBVw==	a7ee0f059c118b2add7c86e5ada2c157	1	100	0	0	0.0044	-32768	32767	9933
h24v04	017	2024-01-17	MOD13A1.A2024017.h24v04.061.2024038043547	2024-01-17T00:00:00Z	2024-02-01T23:59:59Z	https://modiseuwest.blob.core.windows.net/modis-061-cogs/MOD13A1/24/04/2024017/MOD13A1.A2024017.h24v04.061.2024038043547_500m_16_days_NDVI.tif	10879830	5qIICMJmbdi8rPrq3NmHAg==	e6a20808c2666dd8bcacfaeadcd98702	1	100	0	0	0.0	-1189	8406	3418
h24v04	193	2024-07-11	MOD13A1.A2024193.h24v04.061.2024212093143	2024-07-11T00:00:00Z	2024-07-26T23:59:59Z	https://modiseuwest.blob.core.windows.net/modis-061-cogs/MOD13A1/24/04/2024193/MOD13A1.A2024193.h24v04.061.2024212093143_500m_16_days_NDVI.tif	12039338	77pR8LV8bCs6tYPxBk3JdQ==	efba51f0b57c6c2b3ab583f1064dc975	1	100	0	0	0.0	-18853	9195	8961
h25v04	017	2024-01-17	MOD13A1.A2024017.h25v04.061.2024038041255	2024-01-17T00:00:00Z	2024-02-01T23:59:59Z	https://modiseuwest.blob.core.windows.net/modis-061-cogs/MOD13A1/25/04/2024017/MOD13A1.A2024017.h25v04.061.2024038041255_500m_16_days_NDVI.tif	10576230	mheP+PqeVtUHdyHY/Vfs0Q==	9a178ff8fa9e56d5077721d8fd57ecd1	1	100	0	0	0.0	-990	8148	4198
h25v04	193	2024-07-11	MOD13A1.A2024193.h25v04.061.2024212093048	2024-07-11T00:00:00Z	2024-07-26T23:59:59Z	https://modiseuwest.blob.core.windows.net/modis-061-cogs/MOD13A1/25/04/2024193/MOD13A1.A2024193.h25v04.061.2024212093048_500m_16_days_NDVI.tif	11252917	XHGcJ8TrjCCWNNCpZV6DIg==	5c719c27c4eb8c209634d0a9655e8322	1	100	0	0	0.0	-2164	9585	8938
h26v04	017	2024-01-17	MOD13A1.A2024017.h26v04.061.2024038040948	2024-01-17T00:00:00Z	2024-02-01T23:59:59Z	https://modiseuwest.blob.core.windows.net/modis-061-cogs/MOD13A1/26/04/2024017/MOD13A1.A2024017.h26v04.061.2024038040948_500m_16_days_NDVI.tif	11661060	BS5fBQMtuUJoIiHhVWuXcA==	052e5f05032db942682221e1556b9770	1	100	0	0	0.0	-2577	7034	5965
h26v04	193	2024-07-11	MOD13A1.A2024193.h26v04.061.2024212093114	2024-07-11T00:00:00Z	2024-07-26T23:59:59Z	https://modiseuwest.blob.core.windows.net/modis-061-cogs/MOD13A1/26/04/2024193/MOD13A1.A2024193.h26v04.061.2024212093114_500m_16_days_NDVI.tif	12123179	g+qsftDphJzXLgdx1z3v4Q==	83eaac7ed0e9849cd72e0771d73defe1	1	100	0	0	0.0	-12226	9522	8705
h22v03	017	2024-01-17	MOD13A1.A2024017.h22v03.061.2024038035804	2024-01-17T00:00:00Z	2024-02-01T23:59:59Z	https://modiseuwest.blob.core.windows.net/modis-061-cogs/MOD13A1/22/03/2024017/MOD13A1.A2024017.h22v03.061.2024038035804_500m_16_days_NDVI.tif	11261644	+3cVwdNQPRxAdPE5l64p4g==	fb7715c1d3503d1c4074f13997ae29e2	1	100	0	0	0.0	-2051	6526	4720
h22v03	193	2024-07-11	MOD13A1.A2024193.h22v03.061.2024212093202	2024-07-11T00:00:00Z	2024-07-26T23:59:59Z	https://modiseuwest.blob.core.windows.net/modis-061-cogs/MOD13A1/22/03/2024193/MOD13A1.A2024193.h22v03.061.2024212093202_500m_16_days_NDVI.tif	12101792	Ea6D0BciJZiET+4mWRfRZg==	11ae83d017222598844fee265917d166	1	100	0	0	0.0	-18306	9425	7311
h23v03	017	2024-01-17	MOD13A1.A2024017.h23v03.061.2024038043228	2024-01-17T00:00:00Z	2024-02-01T23:59:59Z	https://modiseuwest.blob.core.windows.net/modis-061-cogs/MOD13A1/23/03/2024017/MOD13A1.A2024017.h23v03.061.2024038043228_500m_16_days_NDVI.tif	12536630	c8ezVFHzTBN0QUuuF0h4yw==	73c7b35451f34c1374414bae174878cb	1	100	0	0	0.0	-1586	8685	7483
h23v03	193	2024-07-11	MOD13A1.A2024193.h23v03.061.2024212093106	2024-07-11T00:00:00Z	2024-07-26T23:59:59Z	https://modiseuwest.blob.core.windows.net/modis-061-cogs/MOD13A1/23/03/2024193/MOD13A1.A2024193.h23v03.061.2024212093106_500m_16_days_NDVI.tif	11955292	uLiIP4O11OGlAb0vTFdwCg==	b8b8883f83b5d4e1a501bd2f4c57700a	1	100	0	0	0.0	-12460	9463	6907
h29v11	017	2024-01-17	MOD13A1.A2024017.h29v11.061.2024038035537	2024-01-17T00:00:00Z	2024-02-01T23:59:59Z	https://modiseuwest.blob.core.windows.net/modis-061-cogs/MOD13A1/29/11/2024017/MOD13A1.A2024017.h29v11.061.2024038035537_500m_16_days_NDVI.tif	11106821	YU+qtYxzSq2kt5a6UgTTEQ==	614faab58c734aada4b796ba5204d311	1	100	0	0	0.0058	-18203	32767	2523
h29v11	193	2024-07-11	MOD13A1.A2024193.h29v11.061.2024212093107	2024-07-11T00:00:00Z	2024-07-26T23:59:59Z	https://modiseuwest.blob.core.windows.net/modis-061-cogs/MOD13A1/29/11/2024193/MOD13A1.A2024193.h29v11.061.2024212093107_500m_16_days_NDVI.tif	11430135	UdOucJoMR2BXFp2RjAwtIQ==	51d3ae709a0c476057169d918c0c2d21	1	100	0	0	0.0058	-27469	14497	3150
h30v11	017	2024-01-17	MOD13A1.A2024017.h30v11.061.2024038041254	2024-01-17T00:00:00Z	2024-02-01T23:59:59Z	https://modiseuwest.blob.core.windows.net/modis-061-cogs/MOD13A1/30/11/2024017/MOD13A1.A2024017.h30v11.061.2024038041254_500m_16_days_NDVI.tif	11537811	nzjhHs4BzF4pFFjf1wc5SA==	9f38e11ece01cc5e291458dfd7073948	1	100	0	0	0.0	-2135	6970	4685
h30v11	193	2024-07-11	MOD13A1.A2024193.h30v11.061.2024212093118	2024-07-11T00:00:00Z	2024-07-26T23:59:59Z	https://modiseuwest.blob.core.windows.net/modis-061-cogs/MOD13A1/30/11/2024193/MOD13A1.A2024193.h30v11.061.2024212093118_500m_16_days_NDVI.tif	12023336	0KOB5bLA8iYBIITQB9UWhw==	d0a381e5b2c0f226012084d007d51687	1	100	0	0	0.0	-11181	9940	5957
h31v11	017	2024-01-17	MOD13A1.A2024017.h31v11.061.2024038035933	2024-01-17T00:00:00Z	2024-02-01T23:59:59Z	https://modiseuwest.blob.core.windows.net/modis-061-cogs/MOD13A1/31/11/2024017/MOD13A1.A2024017.h31v11.061.2024038035933_500m_16_days_NDVI.tif	9084636	DJ6gzJh2aK5L+La43hIjNA==	0c9ea0cc987668ae4bf8b6b8de122334	1	100	0	0	0.2449	-32768	32767	8276
h31v11	193	2024-07-11	MOD13A1.A2024193.h31v11.061.2024212093107	2024-07-11T00:00:00Z	2024-07-26T23:59:59Z	https://modiseuwest.blob.core.windows.net/modis-061-cogs/MOD13A1/31/11/2024193/MOD13A1.A2024193.h31v11.061.2024212093107_500m_16_days_NDVI.tif	9492213	ibnhYySl26HRAb5PtiMyEA==	89b9e16324a5dba1d101be4fb6233210	1	100	0	0	0.2451	-32768	32767	8108
h30v10	017	2024-01-17	MOD13A1.A2024017.h30v10.061.2024038040823	2024-01-17T00:00:00Z	2024-02-01T23:59:59Z	https://modiseuwest.blob.core.windows.net/modis-061-cogs/MOD13A1/30/10/2024017/MOD13A1.A2024017.h30v10.061.2024038040823_500m_16_days_NDVI.tif	7707197	O9b/XE9LoCH28+hrS72dbg==	3bd6ff5c4f4ba021f6f3e86b4bbd9d6e	1	100	0	0	0.3403	-32768	32767	7539
h30v10	193	2024-07-11	MOD13A1.A2024193.h30v10.061.2024212093115	2024-07-11T00:00:00Z	2024-07-26T23:59:59Z	https://modiseuwest.blob.core.windows.net/modis-061-cogs/MOD13A1/30/10/2024193/MOD13A1.A2024193.h30v10.061.2024212093115_500m_16_days_NDVI.tif	7938438	zQYH3B+HWibo5B2BAYSL1w==	cd0607dc1f875a26e8e41d8101848bd7	1	100	0	0	0.3404	-32768	32767	6513
