month	obs_id	filename	bytes	sha256	url
2017_06	0020020105	ni0020020105_0mpu7_cl.evt.gz	8189	6996f2c282fd4c95ee3ec64b048f302e526f0f3f2a610e25ab35e605c2dd14ea	https://heasarc.gsfc.nasa.gov/FTP/nicer/data/obs/2017_06/0020020105/xti/event_cl/ni0020020105_0mpu7_cl.evt.gz
2017_06	0020260102	ni0020260102_0mpu7_cl.evt.gz	8223	e5c0550597061cd6ecc42b3e0eba8a831d16338040d0cfcd14b9bb3f2f7c7934	https://heasarc.gsfc.nasa.gov/FTP/nicer/data/obs/2017_06/0020260102/xti/event_cl/ni0020260102_0mpu7_cl.evt.gz
2017_06	0010230105	ni0010230105_0mpu7_cl.evt.gz	8614	be053f9e9aa89b1fdfd2524476fb69a2803bdef333ef89e224b585bf308b505a	https://heasarc.gsfc.nasa.gov/FTP/nicer/data/obs/2017_06/0010230105/xti/event_cl/ni0010230105_0mpu7_cl.evt.gz
2017_06	0012010104	ni0012010104_0mpu7_cl.evt.gz	9808	5c789b6124e801e2d68718b3d92d9c79a379a791e8cac71a1f89b69fd63a1d90	https://heasarc.gsfc.nasa.gov/FTP/nicer/data/obs/2017_06/0012010104/xti/event_cl/ni0012010104_0mpu7_cl.evt.gz
2017_06	0020420107	ni0020420107_0mpu7_cl.evt.gz	20228	ca27b5c4acc8f09b000ffeec09663044f62a00731936a0e0b4c584df55095b83	https://heasarc.gsfc.nasa.gov/FTP/nicer/data/obs/2017_06/0020420107/xti/event_cl/ni0020420107_0mpu7_cl.evt.gz
2017_06	0020020107	ni0020020107_0mpu7_cl.evt.gz	39405	0b0d0ecfc6cea15b51e74be8a1121ff627269f584e1c30e9a02fea9369051c5d	https://heasarc.gsfc.nasa.gov/FTP/nicer/data/obs/2017_06/0020020107/xti/event_cl/ni0020020107_0mpu7_cl.evt.gz
2017_06	0020420105	ni0020420105_0mpu7_cl.evt.gz	45101	d9ce83ed6b6d80cf22cae661734169415c6fb0c89dcc52a1976092a27378cbde	https://heasarc.gsfc.nasa.gov/FTP/nicer/data/obs/2017_06/0020420105/xti/event_cl/ni0020420105_0mpu7_cl.evt.gz
2017_06	0012050105	ni0012050105_0mpu7_cl.evt.gz	46969	a9137e6e901a996f31e6df60ea710ebb2b92d227950b29d574a7a1e4e3ab5b04	https://heasarc.gsfc.nasa.gov/FTP/nicer/data/obs/2017_06/0012050105/xti/event_cl/ni0012050105_0mpu7_cl.evt.gz
2017_06	0020100104	ni0020100104_0mpu7_cl.evt.gz	88093	8c4b0eb57ade9829124c18b8ec078c266f543df16bf94a91bcffd1abdab05570	https://heasarc.gsfc.nasa.gov/FTP/nicer/data/obs/2017_06/0020100104/xti/event_cl/ni0020100104_0mpu7_cl.evt.gz
2017_06	0020260103	ni0020260103_0mpu7_cl.evt.gz	90592	c6393768d3fd845046bdb0b56c26e635af57c4a653b94d1ceda21a9be0c84fab	https://heasarc.gsfc.nasa.gov/FTP/nicer/data/obs/2017_06/0020260103/xti/event_cl/ni0020260103_0mpu7_cl.evt.gz
2017_06	0010120101	ni0010120101_0mpu7_cl.evt.gz	118671	2737501dbbd0e98842a02317a44c891eb4020e852b2c299866ac99769db010a9	https://heasarc.gsfc.nasa.gov/FTP/nicer/data/obs/2017_06/0010120101/xti/event_cl/ni0010120101_0mpu7_cl.evt.gz
2017_06	0020020106	ni0020020106_0mpu7_cl.evt.gz	129142	69669bc6732011e1d22d906c0a96136e99a7c4afcd4603b0ea52447f9b982c52	https://heasarc.gsfc.nasa.gov/FTP/nicer/data/obs/2017_06/0020020106/xti/event_cl/ni0020020106_0mpu7_cl.evt.gz
2017_06	0010220104	ni0010220104_0mpu7_cl.evt.gz	129935	b035d92d6ecc2e39b1b72a10e0978c72f6d61133ca6dd69875769fa4e35e34b1	https://heasarc.gsfc.nasa.gov/FTP/nicer/data/obs/2017_06/0010220104/xti/event_cl/ni0010220104_0mpu7_cl.evt.gz
2017_06	0010110101	ni0010110101_0mpu7_cl.evt.gz	144669	3c234a8923cd2f58d7f65bfe138c38c0336eb017da8c40929d4e13d3c014211c	https://heasarc.gsfc.nasa.gov/FTP/nicer/data/obs/2017_06/0010110101/xti/event_cl/ni0010110101_0mpu7_cl.evt.gz
2017_06	0020140101	ni0020140101_0mpu7_cl.evt.gz	145661	019d348b1f25d1a40f28d77b3df15781fe7bb60ee9ea6b1b9b899ebee99ec0da	https://heasarc.gsfc.nasa.gov/FTP/nicer/data/obs/2017_06/0020140101/xti/event_cl/ni0020140101_0mpu7_cl.evt.gz
2017_06	0010130101	ni0010130101_0mpu7_cl.evt.gz	151339	7747981f946d7978a46532d53c294dcf314ca768f6c09f62381aebdf8b6777d3	https://heasarc.gsfc.nasa.gov/FTP/nicer/data/obs/2017_06/0010130101/xti/event_cl/ni0010130101_0mpu7_cl.evt.gz
2017_06	0020420106	ni0020420106_0mpu7_cl.evt.gz	159872	1968ade651590b76065f59f8115e989a7f8dc99cf6ca6ee55a608fc51eb0197f	https://heasarc.gsfc.nasa.gov/FTP/nicer/data/obs/2017_06/0020420106/xti/event_cl/ni0020420106_0mpu7_cl.evt.gz
2017_06	0030020103	ni0030020103_0mpu7_cl.evt.gz	220525	3ac3a4342d091eaa963e27c84c42a256f9a96a81010001e955ec28907698edcb	https://heasarc.gsfc.nasa.gov/FTP/nicer/data/obs/2017_06/0030020103/xti/event_cl/ni0030020103_0mpu7_cl.evt.gz
2017_06	0020420104	ni0020420104_0mpu7_cl.evt.gz	274293	67e01dd10dce36d903fb7a1cac3d23dd7dd0f4803c4bbab30b23c7132b4a8447	https://heasarc.gsfc.nasa.gov/FTP/nicer/data/obs/2017_06/0020420104/xti/event_cl/ni0020420104_0mpu7_cl.evt.gz
2017_06	0020530102	ni0020530102_0mpu7_cl.evt.gz	320462	f91ad66be4fd92eeea0f78abee398037ea4271ecdd806e3ca4aeede24d182131	https://heasarc.gsfc.nasa.gov/FTP/nicer/data/obs/2017_06/0020530102/xti/event_cl/ni0020530102_0mpu7_cl.evt.gz
2017_06	0010050104	ni0010050104_0mpu7_cl.evt.gz	463188	c713c9123f6ff29703d20132bed22a0307e2cbe83df247bafccfeda272d11d1b	https://heasarc.gsfc.nasa.gov/FTP/nicer/data/obs/2017_06/0010050104/xti/event_cl/ni0010050104_0mpu7_cl.evt.gz
2017_06	0010050103	ni0010050103_0mpu7_cl.evt.gz	500775	8d0815897636226100d4e30eb0fba134b73e88071682d4a655b8e897feeb2a62	https://heasarc.gsfc.nasa.gov/FTP/nicer/data/obs/2017_06/0010050103/xti/event_cl/ni0010050103_0mpu7_cl.evt.gz
2017_06	0012070105	ni0012070105_0mpu7_cl.evt.gz	513231	6ea80f929750ca1e53d97063bcb8c0138f34b14f5a4adfce7ebd1d336c2c5712	https://heasarc.gsfc.nasa.gov/FTP/nicer/data/obs/2017_06/0012070105/xti/event_cl/ni0012070105_0mpu7_cl.evt.gz
2017_06	0012070106	ni0012070106_0mpu7_cl.evt.gz	588808	efaf757a97247d9fc7b875d37b40d74897f9ba2cf423be5a60a095f4b91cdbe3	https://heasarc.gsfc.nasa.gov/FTP/nicer/data/obs/2017_06/0012070106/xti/event_cl/ni0012070106_0mpu7_cl.evt.gz
2017_06	0030020102	ni0030020102_0mpu7_cl.evt.gz	1296508	d1df78ea8067f15973946fb857e90b13f220580bbaa58b7a71a62bffbf570e0d	https://heasarc.gsfc.nasa.gov/FTP/nicer/data/obs/2017_06/0030020102/xti/event_cl/ni0030020102_0mpu7_cl.evt.gz
2017_06	0020600104	ni0020600104_0mpu7_cl.evt.gz	1902778	6a59ba80ae166e38caa1b523a63a19d0a59bcab6a0b5876c468aa0ab0470992b	https://heasarc.gsfc.nasa.gov/FTP/nicer/data/obs/2017_06/0020600104/xti/event_cl/ni0020600104_0mpu7_cl.evt.gz
2017_06	0020600105	ni0020600105_0mpu7_cl.evt.gz	1993287	8d84d2a77bb9b837a5f99cfadf0d85a57c92de056fa24928923d5a6de3e7007e	https://heasarc.gsfc.nasa.gov/FTP/nicer/data/obs/2017_06/0020600105/xti/event_cl/ni0020600105_0mpu7_cl.evt.gz
2017_06	0030020101	ni0030020101_0mpu7_cl.evt.gz	2093401	e80c8dbc095bb17cb58d5bbc170fb050492f4ad5a7a5f3c9865ee758cf72de99	https://heasarc.gsfc.nasa.gov/FTP/nicer/data/obs/2017_06/0030020101/xti/event_cl/ni0030020101_0mpu7_cl.evt.gz
2017_06	0020550102	ni0020550102_0mpu7_cl.evt.gz	3285503	7f4b40b68e84c99636abb2267073d3c510c778b7f8df790f43968c862c548c63	https://heasarc.gsfc.nasa.gov/FTP/nicer/data/obs/2017_06/0020550102/xti/event_cl/ni0020550102_0mpu7_cl.evt.gz
2017_06	0010100101	ni0010100101_0mpu7_cl.evt.gz	6405374	ad28555f9bec490b546f395e6666143cde7189b0d35579e37208d07801b386b8	https://heasarc.gsfc.nasa.gov/FTP/nicer/data/obs/2017_06/0010100101/xti/event_cl/ni0010100101_0mpu7_cl.evt.gz
2017_06	0010100103	ni0010100103_0mpu7_cl.evt.gz	8682342	df4ac439839f3dd32f8660400daca944b7f5c42f1df3ab225250b204ebafcaf2	https://heasarc.gsfc.nasa.gov/FTP/nicer/data/obs/2017_06/0010100103/xti/event_cl/ni0010100103_0mpu7_cl.evt.gz
2017_06	0010100102	ni0010100102_0mpu7_cl.evt.gz	24209690	f05da77c55e1624ebefa2b32a0bdc811567bcbd59568f51d9a9eca903a00c8b0	https://heasarc.gsfc.nasa.gov/FTP/nicer/data/obs/2017_06/0010100102/xti/event_cl/ni0010100102_0mpu7_cl.evt.gz
2017_06	0011030101	ni0011030101_0mpu7_cl.evt.gz	26125710	9eaaca8eb656afdf85210800aee13a8b3f3d89ce9f9b27973d17b288d01ec312	https://heasarc.gsfc.nasa.gov/FTP/nicer/data/obs/2017_06/0011030101/xti/event_cl/ni0011030101_0mpu7_cl.evt.gz
2017_06	0010230104	ni0010230104_0mpu7_cl.evt.gz	30682597	1b8b3c4e9127eff25ff0f49729d32043b01d57a8db67ecc76dd719b10f6e2742	https://heasarc.gsfc.nasa.gov/FTP/nicer/data/obs/2017_06/0010230104/xti/event_cl/ni0010230104_0mpu7_cl.evt.gz
2017_06	0010080106	ni0010080106_0mpu7_cl.evt.gz	37599137	1d8e5d64dc8bb6dd052559caeda58f4bba5edd115a3c72a3941142c251d76664	https://heasarc.gsfc.nasa.gov/FTP/nicer/data/obs/2017_06/0010080106/xti/event_cl/ni0010080106_0mpu7_cl.evt.gz
2017_06	0010080107	ni0010080107_0mpu7_cl.evt.gz	56672606	7f585f98c577f9d7170a788a36f18cfca054ab943fca5567eb449bb2e386a491	https://heasarc.gsfc.nasa.gov/FTP/nicer/data/obs/2017_06/0010080107/xti/event_cl/ni0010080107_0mpu7_cl.evt.gz
