archive	member	pmu	window	compressed_size	uncompressed_size	crc32
gridgnosis_20308780	Real_PMU_Data_processed_data/PMU_1/PMU_1_20260505_145300_20260505_155300.csv	1	20260505T145300	67287990	158144025	33426481
gridgnosis_20308780	Real_PMU_Data_processed_data/PMU_1/PMU_1_20260506_164000_20260506_174000.csv	1	20260506T164000	68354280	162278702	201f8f9f
gridgnosis_20308780	Real_PMU_Data_processed_data/PMU_1/PMU_1_20260514_170200_20260514_180200.csv	1	20260514T170200	68811126	162370965	ec4058f1
gridgnosis_20308780	Real_PMU_Data_processed_data/PMU_2/PMU_2_20260505_145300_20260505_155300.csv	2	20260505T145300	69374888	158254810	57863f35
gridgnosis_20308780	Real_PMU_Data_processed_data/PMU_2/PMU_2_20260506_164000_20260506_174000.csv	2	20260506T164000	70419037	162362881	8a8a3972
gridgnosis_20308780	Real_PMU_Data_processed_data/PMU_2/PMU_2_20260514_170200_20260514_180200.csv	2	20260514T170200	69636709	162307790	418b3d60
gridgnosis_20308780	Real_PMU_Data_processed_data/PMU_3/PMU_3_20260505_145300_20260505_155300.csv	3	20260505T145300	47960488	115197132	8fcad8c7
gridgnosis_20308780	Real_PMU_Data_processed_data/PMU_3/PMU_3_20260506_164000_20260506_174000.csv	3	20260506T164000	4827395	55529303	f8905545
gridgnosis_20308780	Real_PMU_Data_processed_data/PMU_3/PMU_3_20260514_170200_20260514_180200.csv	3	20260514T170200	48666909	118483544	02c2f377
gridgnosis_20308780	Real_PMU_Data_processed_data/PMU_4/PMU_4_20260505_145300_20260505_155300.csv	4	20260505T145300	57064577	134170463	7eb100c1
gridgnosis_20308780	Real_PMU_Data_processed_data/PMU_4/PMU_4_20260506_164000_20260506_174000.csv	4	20260506T164000	57741333	137530891	83d93c0c
gridgnosis_20308780	Real_PMU_Data_processed_data/PMU_4/PMU_4_20260514_170200_20260514_180200.csv	4	20260514T170200	56784675	136173903	0c0a30d0
gridgnosis_20308780	Real_PMU_Data_processed_data/PMU_5/PMU_5_20260505_145300_20260505_155300.csv	5	20260505T145300	30684203	72839538	933e4107
gridgnosis_20308780	Real_PMU_Data_processed_data/PMU_5/PMU_5_20260506_164000_20260506_174000.csv	5	20260506T164000	31258943	74731804	ee0b94e1
gridgnosis_20308780	Real_PMU_Data_processed_data/PMU_5/PMU_5_20260514_170200_20260514_180200.csv	5	20260514T170200	30784125	74717060	c515121a
gridgnosis_20308780	Real_PMU_Data_processed_data/PMU_6/PMU_6_20260505_145300_20260505_155300.csv	6	20260505T145300	38545029	91445261	8285c203
gridgnosis_20308780	Real_PMU_Data_processed_data/PMU_6/PMU_6_20260506_164000_20260506_174000.csv	6	20260506T164000	38588032	93699216	d585f3e7
gridgnosis_20308780	Real_PMU_Data_processed_data/PMU_6/PMU_6_20260514_170200_20260514_180200.csv	6	20260514T170200	37651047	92334288	c6463a8b
grideye_17648863	Steady state data/Steady state data morning.csv	1	20251118_1_morning	67806290	162139665	bbecda43
grideye_17648863	Steady state data/Steady state date noon.csv	1	20251118_2_noon	67359131	162331056	c635ed34
grideye_17648863	Steady state data/Steady state data evening.csv	1	20251118_3_evening	66774094	162288654	56aee056
