station	day
S12	1971-01-04
S12	1971-01-09
S12	1971-05-01
S12	1971-05-15
S12	1971-05-19
S12	1971-12-28
S12	1972-01-06
S12	1972-03-06
S12	1972-05-14
S12	1972-07-03
S12	1972-07-12
S12	1972-11-17
S12	1972-12-08
S12	1973-01-17
S12	1973-02-01
S12	1973-02-06
S12	1973-03-05
S12	1973-03-11
S12	1973-04-06
S12	1973-11-14
S12	1974-01-15
S12	1974-01-21
S12	1974-01-27
S12	1974-03-20
S12	1974-05-22
S12	1974-07-21
S12	1974-08-29
S12	1975-04-19
S12	1975-05-08
S12	1975-05-12
S12	1975-06-02
S12	1975-06-15
S12	1977-05-05
S12	1977-05-22
S12	1977-07-01
S12	1977-07-07
S14	1971-02-18
S14	1971-03-25
S14	1971-04-07
S14	1971-05-10
S14	1971-07-11
S14	1971-07-23
S14	1971-10-04
S14	1971-11-13
S14	1972-01-28
S14	1976-11-28
S14	1976-12-02
S14	1977-01-21
S14	1977-02-10
S14	1977-03-09
S14	1977-04-03
S14	1977-05-21
S14	1977-06-06
S15	1971-08-18
S15	1971-08-19
S15	1971-08-22
S15	1971-10-14
S15	1971-11-29
S15	1971-12-15
S15	1971-12-26
S15	1972-01-09
S15	1972-02-05
S15	1972-02-16
S15	1972-04-25
S15	1972-07-26
S15	1972-10-12
S15	1972-11-20
S15	1973-03-15
S15	1973-03-31
S15	1973-05-01
S15	1973-08-06
S15	1973-10-31
S15	1973-12-11
S15	1973-12-17
S15	1974-01-20
S15	1974-02-22
S15	1974-04-30
S15	1974-06-24
S15	1974-08-04
S15	1974-09-11
S15	1975-02-16
S15	1975-04-02
S15	1975-06-14
S15	1977-04-18
S15	1977-05-31
S15	1977-08-05
S15	1977-08-17
S15	1977-09-14
S15	1977-09-21
S16	1972-05-25
S16	1972-05-29
S16	1972-06-21
S16	1972-08-07
S16	1972-09-01
S16	1972-09-09
S16	1972-10-11
S16	1972-11-04
S16	1973-05-17
S16	1973-06-07
S16	1973-07-24
S16	1973-08-16
S16	1973-08-21
S16	1973-11-29
S16	1973-12-05
S16	1974-01-28
S16	1974-03-07
S16	1974-03-28
S16	1974-04-27
S16	1974-07-24
S16	1974-09-02
S16	1974-09-05
S16	1974-11-14
S16	1975-01-19
S16	1975-03-27
S16	1977-05-08
S16	1977-05-14
S16	1977-05-24
S16	1977-05-30
S16	1977-08-06
