sxs_id	record_id	lev	h5_key	h5_size	h5_md5	meta_key	meta_size	meta_md5
SXS:BBH:0001	3312723	5	SXS:BBH:0001/Lev5/rhOverM_Asymptotic_GeometricUnits_CoM.h5	142641207	c271e0b905c74f434f00c9b14f67850c	SXS:BBH:0001/Lev5/metadata.json	4368	7e8cdf7a31477630e4fb9f23d91216c4
SXS:BBH:0041	3311986	4	SXS:BBH:0041/Lev4/rhOverM_Asymptotic_GeometricUnits_CoM.h5	80558715	1fbd008a36e346ec55159613ee025d28	SXS:BBH:0041/Lev4/metadata.json	4292	3d75ad1964a1f9ae91c0fda0399e45f9
SXS:BBH:0081	3313462	5	SXS:BBH:0081/Lev5/rhOverM_Asymptotic_GeometricUnits_CoM.h5	111294210	d916373f33045511c7609de1da221a2a	SXS:BBH:0081/Lev5/metadata.json	4303	09f0a10fbd0f3aa4f70ce30f7710a7a5
SXS:BBH:0121	3312966	5	SXS:BBH:0121/Lev5/rhOverM_Asymptotic_GeometricUnits_CoM.h5	95679422	46ac532972844be498422a214f713b13	SXS:BBH:0121/Lev5/metadata.json	4336	8044036f5ca6c65e6b35add250a81dae
SXS:BBH:0161	3312472	4	SXS:BBH:0161/Lev4/rhOverM_Asymptotic_GeometricUnits_CoM.h5	86442711	37a6488a0d991b042ec6b8205c6a98a7	SXS:BBH:0161/Lev4/metadata.json	4301	ad605c27946814a3ed2404db2b694ebb
SXS:BBH:0201	3302064	3	SXS:BBH:0201/Lev3/rhOverM_Asymptotic_GeometricUnits_CoM.h5	89132200	c22ce2a1c1b3273fb5854d0d628b8cf3	SXS:BBH:0201/Lev3/metadata.json	3829	d18fa865d93027215501244819f6c346
SXS:BBH:0241	3316684	5	SXS:BBH:0241/Lev5/rhOverM_Asymptotic_GeometricUnits_CoM.h5	95101393	00a81cb9657bae5e362ed0c1f1dbf47b	SXS:BBH:0241/Lev5/metadata.json	3857	c4c4c110022f98cfd2b5f5b0d57f6441
SXS:BBH:0281	3317138	5	SXS:BBH:0281/Lev5/rhOverM_Asymptotic_GeometricUnits_CoM.h5	96899186	ab22c96489e0747db36a84fe1f50abc6	SXS:BBH:0281/Lev5/metadata.json	3835	3c6a51a3e04504612930747e9bdcd495
SXS:BBH:0321	3326747	3	SXS:BBH:0321/Lev3/rhOverM_Asymptotic_GeometricUnits_CoM.h5	77731809	dcf16ba74b659003cf9386e11132a5cd	SXS:BBH:0321/Lev3/metadata.json	3760	0abe2c8c7d00b9fd0e222b0afab35221
SXS:BBH:0361	3318251	3	Lev3/rhOverM_Asymptotic_GeometricUnits_CoM.h5	87846694	a33f6e0c6ac01579de92e391334dfd3e	Lev3/metadata.json	3908	6559fa16d219eeb82df8ce892985b986
SXS:BBH:0401	3318973	3	Lev3/rhOverM_Asymptotic_GeometricUnits_CoM.h5	84084907	133d4e3c725debe526b44a993e52fde8	Lev3/metadata.json	3868	6e424b123bbd533e01c532ec857dfc21
SXS:BBH:0441	3317677	3	Lev3/rhOverM_Asymptotic_GeometricUnits_CoM.h5	91338119	e13051310531de8447469d0aa5eb7118	Lev3/metadata.json	3795	9f13b4bb9ba9e12f8b9d4ea9fff892e4
SXS:BBH:0481	3320754	3	Lev3/rhOverM_Asymptotic_GeometricUnits_CoM.h5	85893599	10b4ce9ea56008d406b64eb47796b600	Lev3/metadata.json	3810	fa8403cfb98548e33a7695ed7620f831
SXS:BBH:0521	3320574	3	Lev3/rhOverM_Asymptotic_GeometricUnits_CoM.h5	86160366	6c54b4909ff989659be8e36dab1420b4	Lev3/metadata.json	3812	987b216aa37077b1cfbf00313a7c8553
SXS:BBH:0561	3320520	3	Lev3/rhOverM_Asymptotic_GeometricUnits_CoM.h5	82673941	5d6baaa6e6356284878e32cfe439b294	Lev3/metadata.json	3824	a2fa678678781f43829395c8de17e349
SXS:BBH:0601	3319858	3	Lev3/rhOverM_Asymptotic_GeometricUnits_CoM.h5	93289883	2035e32e7a66fd94dcc58fca21681b9a	Lev3/metadata.json	3804	31a8573c30a96cf82fb67de658050c88
SXS:BBH:0653	3321275	3	Lev3/rhOverM_Asymptotic_GeometricUnits_CoM.h5	91302467	27280de0577b5ee9ee8fb5b40a8894af	Lev3/metadata.json	3813	fb8528aeea49c412549aaecdc62659dd
SXS:BBH:0693	3325265	3	Lev3/rhOverM_Asymptotic_GeometricUnits_CoM.h5	90340123	82696d2be4f70ffb7b1c3d32106ccead	Lev3/metadata.json	3812	a1e140626bf3fe5cd64b7c0c807d604b
SXS:BBH:0733	3325704	3	Lev3/rhOverM_Asymptotic_GeometricUnits_CoM.h5	89169397	b80a10b9b0ebbb4c60395cba1de15b1f	Lev3/metadata.json	3806	ec56ae452988142c87512dcbcb1856fe
SXS:BBH:0773	3322782	3	Lev3/rhOverM_Asymptotic_GeometricUnits_CoM.h5	89283598	be680b4b3d4198c87e1a4761cdfa4196	Lev3/metadata.json	3821	951e592b5404c31797f76da283f0a7eb
SXS:BBH:0813	3322952	3	Lev3/rhOverM_Asymptotic_GeometricUnits_CoM.h5	89854300	95c485905a127aacc3aa21471919b4bd	Lev3/metadata.json	3802	83a7ca849eb956e2d32990c96183a043
SXS:BBH:0853	3324642	3	Lev3/rhOverM_Asymptotic_GeometricUnits_CoM.h5	90175413	071d8524398d004e7b1e9b35dae31f92	Lev3/metadata.json	3808	cc665db62776e4348d9364193c00325e
SXS:BBH:0893	3321609	3	Lev3/rhOverM_Asymptotic_GeometricUnits_CoM.h5	87611354	54858bc6015419027b203d91a5fea90b	Lev3/metadata.json	3821	49866d16de6516e6b1c27c8e0f21fcc4
SXS:BBH:0933	3321642	3	Lev3/rhOverM_Asymptotic_GeometricUnits_CoM.h5	90755307	2affc77ab1a15af2d5a0c0c256180b51	Lev3/metadata.json	3813	288ddf98fa2e0908f75e73395c151e40
SXS:BBH:0973	3320765	3	Lev3/rhOverM_Asymptotic_GeometricUnits_CoM.h5	89387740	7a4ac15bfef92975397a954450d93df4	Lev3/metadata.json	3814	6c496082056f1ad44356465c85c20797
SXS:BBH:1013	3326051	3	Lev3/rhOverM_Asymptotic_GeometricUnits_CoM.h5	89189639	7817708c65134829e2600fc02ead080b	Lev3/metadata.json	3804	7e6553019a7212fa40fdc8f4379390fe
SXS:BBH:1053	3322367	3	Lev3/rhOverM_Asymptotic_GeometricUnits_CoM.h5	89296793	5c816cf06b01a592ddff571dd031af07	Lev3/metadata.json	3811	d66fa33c7c7e39f0fe20a86b48d3617e
SXS:BBH:1093	3323244	3	Lev3/rhOverM_Asymptotic_GeometricUnits_CoM.h5	89363551	49976c48c84099211b54fa7ab8e7556e	Lev3/metadata.json	3811	04ae02c46a1dd7dc80bd1fba55a96819
SXS:BBH:1140	3315414	4	Lev4/rhOverM_Asymptotic_GeometricUnits_CoM.h5	86531540	6cd6fb92db4c00140e56a054aa3f6c96	Lev4/metadata.json	3765	2ad326f229b526ae29b5d0ac4b76d2e1
SXS:BBH:1180	3326358	5	Lev5/rhOverM_Asymptotic_GeometricUnits_CoM.h5	77635939	02342ddb5d9a74e70e4f74f31f464881	Lev5/metadata.json	3824	9d0bdfc907c15c63acf769ea45aa5e23
SXS:BBH:1220	3302203	4	Lev4/rhOverM_Asymptotic_GeometricUnits_CoM.h5	110679413	e7bc39def454858f7c92d7e6301d118a	Lev4/metadata.json	3831	2cffacbf1b157851f7ecac86a4348b8c
SXS:BBH:1386	3311775	3	Lev3/rhOverM_Asymptotic_GeometricUnits_CoM.h5	186777551	82b46a3c22504c7d0366b1a5802eff6c	Lev3/metadata.json	3819	fd20ad2ed1314ec6b7f5ea3df204bab2
SXS:BBH:1426	3302788	3	Lev3/rhOverM_Asymptotic_GeometricUnits_CoM.h5	100324210	1599fbc7e75eb77abcccee2a85339696	Lev3/metadata.json	3833	06dcc6efbcdea142d37cd82b23270a1d
SXS:BBH:1466	3302483	3	Lev3/rhOverM_Asymptotic_GeometricUnits_CoM.h5	87914798	3d9959ec6abda225389230a1d3cf43fd	Lev3/metadata.json	3790	fc239ed731359dbc0a5769826c17c08d
SXS:BBH:1506	3303154	3	Lev3/rhOverM_Asymptotic_GeometricUnits_CoM.h5	86773556	3f1484914090b60f57d53dc33a639fca	Lev3/metadata.json	3795	486fc6de41764e9bb4b30fd4a6cfc088
SXS:BBH:1546	3303470	3	Lev3/rhOverM_Asymptotic_GeometricUnits_CoM.h5	91527632	1eff9a0d953eb66708b8176113dcd933	Lev3/metadata.json	3820	4740f95054d19bdf8e275b73b4b904b0
SXS:BBH:1586	3306915	3	Lev3/rhOverM_Asymptotic_GeometricUnits_CoM.h5	88886613	123f3880086d8d0dfd402d47bff2912e	Lev3/metadata.json	3818	8ae05f68a56f3f9446de0f1e6e1917a9
SXS:BBH:1626	3309331	3	Lev3/rhOverM_Asymptotic_GeometricUnits_CoM.h5	85342153	8d55b8c232cab8f7099dac4a62628a78	Lev3/metadata.json	3830	59c8a4fa9d52c9b5dc35e64a2aade4e3
SXS:BBH:1666	3308503	3	Lev3/rhOverM_Asymptotic_GeometricUnits_CoM.h5	93287925	6f6c982bdbcdc7992424553f5e270296	Lev3/metadata.json	3826	c2882f6fa312bb9467448172b48ee0e0
SXS:BBH:1706	3306152	3	Lev3/rhOverM_Asymptotic_GeometricUnits_CoM.h5	83356284	06411034d79c38890771c1d8464a887a	Lev3/metadata.json	3828	9019797507d1e4e96475e0a20c7e5a85
SXS:BBH:1746	3309425	3	Lev3/rhOverM_Asymptotic_GeometricUnits_CoM.h5	93760731	0b1e4cdf978a9b13fad048ff7c5d4472	Lev3/metadata.json	3821	56da92bc0d53cdf0294ce3f1a645ca20
SXS:BBH:1786	3307285	3	Lev3/rhOverM_Asymptotic_GeometricUnits_CoM.h5	87712208	6e625b407d1668134dad73deec2b02d9	Lev3/metadata.json	3823	692c9c1a9522f28437968558cf0caf5c
SXS:BBH:1826	3310850	3	Lev3/rhOverM_Asymptotic_GeometricUnits_CoM.h5	91221548	b7af04436cb980e2bd9185ccf7440523	Lev3/metadata.json	3814	23496834e095329032f0b03c300e6f74
SXS:BBH:1866	3304207	3	Lev3/rhOverM_Asymptotic_GeometricUnits_CoM.h5	94467227	78414d14498aa4ad03190926bb94e294	Lev3/metadata.json	3821	9e78b2c3301ca5d9590df7d1f909f792
SXS:BBH:1906	3310379	3	Lev3/rhOverM_Asymptotic_GeometricUnits_CoM.h5	85270001	c8c2380a2945f4eab356ce8b64f5c9c0	Lev3/metadata.json	3794	43bd9d868ff62e4e40b0c36fcbc88b70
SXS:BBH:1946	3308699	3	Lev3/rhOverM_Asymptotic_GeometricUnits_CoM.h5	86612966	f3c847b03ad8becd504d8d12bb47e297	Lev3/metadata.json	3821	8dcef146e91ccf8fc19cfb522d8997e5
SXS:BBH:1986	3304327	3	Lev3/rhOverM_Asymptotic_GeometricUnits_CoM.h5	83093120	4c6aec88f36e473665381bb341e8ddbb	Lev3/metadata.json	3826	2d49f7470336e0dce0a2cbdb1278c2ad
SXS:BBH:2026	3310422	3	Lev3/rhOverM_Asymptotic_GeometricUnits_CoM.h5	98344877	6bb93fd0932296b7982f6d5f732bc2b3	Lev3/metadata.json	3833	4dcf54b4660db0b63cb1820bd5dcfccd
SXS:BBH:2066	3304144	3	Lev3/rhOverM_Asymptotic_GeometricUnits_CoM.h5	89219301	4644e99f3118873f93c6f25c271547c4	Lev3/metadata.json	3821	2f9a6bb550065928dd1d55a5ba901519
SXS:BBH:2106	3314350	4	Lev4/rhOverM_Asymptotic_GeometricUnits_CoM.h5	102344475	0e054a4de39255eea46d00dfc89b50a3	Lev4/metadata.json	3807	3e3ee263ab9ce2cac8efcfd0a580bb23
SXS:BBH:2146	3314061	4	Lev4/rhOverM_Asymptotic_GeometricUnits_CoM.h5	92437273	3d9e5cbdc212d68ed2f867bb5b1e31bb	Lev4/metadata.json	3810	6edf20c3457a54f5f5156cb7c1f22f91
