tile	doy	start_date	item_id	start_datetime	end_datetime	href	size	md5_b64	md5_hex	struct_ok	qa_good_fpar	qa_main_method	qa_cloud	ov_valid_fraction	ov_between_101_247	ov_248	ov_249	ov_250	ov_251	ov_252	ov_253	ov_254	ov_255	ov_valid_distinct
h08v04	193	2024-07-11	MOD15A2H.A2024193.h08v04.061.2024202044027	2024-07-11T00:00:00Z	2024-07-18T23:59:59Z	https://modiseuwest.blob.core.windows.net/modis-061-cogs/MOD15A2H/08/04/2024193/MOD15A2H.A2024193.h08v04.061.2024202044027_Fpar_500m.tif	549399	y9EPHTAydwg8oX/5MnJ0aw==	cbd10f1d303277083ca17ff93272746b	1	93	93	0	0.0901	0.0056	0.0	0.0001	0.0	0.0	0.0	0.0	0.904	0.0	101
h08v05	193	2024-07-11	MOD15A2H.A2024193.h08v05.061.2024202042342	2024-07-11T00:00:00Z	2024-07-18T23:59:59Z	https://modiseuwest.blob.core.windows.net/modis-061-cogs/MOD15A2H/08/05/2024193/MOD15A2H.A2024193.h08v05.061.2024202042342_Fpar_500m.tif	3272148	HPj/tZgs0MeQlmh2pmvMmg==	1cf8ffb5982cd0c790966876a66bcc9a	1	99	99	1	0.6882	0.0693	0.0008	0.0009	0.0018	0.0015	0.0016	0.0126	0.2232	0.0	101
h09v04	193	2024-07-11	MOD15A2H.A2024193.h09v04.061.2024202042357	2024-07-11T00:00:00Z	2024-07-18T23:59:59Z	https://modiseuwest.blob.core.windows.net/modis-061-cogs/MOD15A2H/09/04/2024193/MOD15A2H.A2024193.h09v04.061.2024202042357_Fpar_500m.tif	3357722	HbYCVPcoEUwuG+iwenbqYg==	1db60254f728114c2e1be8b07a76ea62	1	94	94	0	0.6394	0.0404	0.0003	0.0005	0.0004	0.0004	0.0006	0.0038	0.3142	0.0	101
h09v05	193	2024-07-11	MOD15A2H.A2024193.h09v05.061.2024202041644	2024-07-11T00:00:00Z	2024-07-18T23:59:59Z	https://modiseuwest.blob.core.windows.net/modis-061-cogs/MOD15A2H/09/05/2024193/MOD15A2H.A2024193.h09v05.061.2024202041644_Fpar_500m.tif	4544411	CIHU44sqel8VkqyRHgTf2A==	0881d4e38b2a7a5f1592ac911e04dfd8	1	99	99	2	0.9804	0.0174	0.0001	0.0001	0.0001	0.0002	0.0001	0.0005	0.0011	0.0	101
h10v04	193	2024-07-11	MOD15A2H.A2024193.h10v04.061.2024202041713	2024-07-11T00:00:00Z	2024-07-18T23:59:59Z	https://modiseuwest.blob.core.windows.net/modis-061-cogs/MOD15A2H/10/04/2024193/MOD15A2H.A2024193.h10v04.061.2024202041713_Fpar_500m.tif	5042945	r78Iv9H7EqOzdtSGK/TXVQ==	afbf08bfd1fb12a3b376d4862bf4d755	1	99	99	0	0.9845	0.0151	0.0	0.0	0.0	0.0	0.0	0.0	0.0002	0.0	96
h10v05	193	2024-07-11	MOD15A2H.A2024193.h10v05.061.2024202041819	2024-07-11T00:00:00Z	2024-07-18T23:59:59Z	https://modiseuwest.blob.core.windows.net/modis-061-cogs/MOD15A2H/10/05/2024193/MOD15A2H.A2024193.h10v05.061.2024202041819_Fpar_500m.tif	5348489	dvJvZ5VHEUCAANkhQAvouw==	76f26f67954711408000d921400be8bb	1	96	96	3	0.9426	0.0433	0.0002	0.0001	0.0002	0.0002	0.0003	0.0003	0.0127	0.0	87
h10v06	193	2024-07-11	MOD15A2H.A2024193.h10v06.061.2024202040805	2024-07-11T00:00:00Z	2024-07-18T23:59:59Z	https://modiseuwest.blob.core.windows.net/modis-061-cogs/MOD15A2H/10/06/2024193/MOD15A2H.A2024193.h10v06.061.2024202040805_Fpar_500m.tif	1188668	7/8GLftMeOq1GpuQAGbFmA==	efff062dfb4c78eab51a9b900066c598	1	96	96	2	0.1559	0.052	0.0014	0.0011	0.0016	0.0015	0.0022	0.0027	0.7816	0.0	91
h11v04	193	2024-07-11	MOD15A2H.A2024193.h11v04.061.2024202041906	2024-07-11T00:00:00Z	2024-07-18T23:59:59Z	https://modiseuwest.blob.core.windows.net/modis-061-cogs/MOD15A2H/11/04/2024193/MOD15A2H.A2024193.h11v04.061.2024202041906_Fpar_500m.tif	5089761	51pUBNb2QWUlb7R60xC2aQ==	e75a5404d6f64165256fb47ad310b669	1	91	91	3	0.8562	0.0731	0.0005	0.0004	0.0011	0.0007	0.0008	0.0007	0.0664	0.0	70
h11v05	193	2024-07-11	MOD15A2H.A2024193.h11v05.061.2024202041842	2024-07-11T00:00:00Z	2024-07-18T23:59:59Z	https://modiseuwest.blob.core.windows.net/modis-061-cogs/MOD15A2H/11/05/2024193/MOD15A2H.A2024193.h11v05.061.2024202041842_Fpar_500m.tif	3295947	zH6ZRU4nZmnhQkIBUp6LCQ==	cc7e99454e276669e1424201529e8b09	1	85	85	2	0.5629	0.0416	0.0003	0.0003	0.0003	0.0004	0.0004	0.0004	0.3934	0.0	72
h12v04	193	2024-07-11	MOD15A2H.A2024193.h12v04.061.2024202042001	2024-07-11T00:00:00Z	2024-07-18T23:59:59Z	https://modiseuwest.blob.core.windows.net/modis-061-cogs/MOD15A2H/12/04/2024193/MOD15A2H.A2024193.h12v04.061.2024202042001_Fpar_500m.tif	4236458	baGwrajUd2OT84x78g9WNw==	6da1b0ada8d4776393f38c7bf20f5637	1	75	75	4	0.6507	0.1158	0.0009	0.0011	0.0015	0.001	0.0014	0.0017	0.226	0.0	73
h12v05	193	2024-07-11	MOD15A2H.A2024193.h12v05.061.2024202042038	2024-07-11T00:00:00Z	2024-07-18T23:59:59Z	https://modiseuwest.blob.core.windows.net/modis-061-cogs/MOD15A2H/12/05/2024193/MOD15A2H.A2024193.h12v05.061.2024202042038_Fpar_500m.tif	249450	rjQXY430hqbSpxvr9dyNRQ==	ae3417638df486a6d2a71bebf5dc8d45	1	91	91	0	0.0261	0.0115	0.0001	0.0002	0.0001	0.0002	0.0001	0.0002	0.9614	0.0	58
h11v03	193	2024-07-11	MOD15A2H.A2024193.h11v03.061.2024202041444	2024-07-11T00:00:00Z	2024-07-18T23:59:59Z	https://modiseuwest.blob.core.windows.net/modis-061-cogs/MOD15A2H/11/03/2024193/MOD15A2H.A2024193.h11v03.061.2024202041444_Fpar_500m.tif	5324690	o59QyYc+/obEY9Tf7Hwdtg==	a39f50c9873efe86c463d4dfec7c1db6	1	87	87	5	0.9154	0.0686	0.0004	0.0002	0.0003	0.0004	0.0005	0.0031	0.0111	0.0	98
h12v03	193	2024-07-11	MOD15A2H.A2024193.h12v03.061.2024202043535	2024-07-11T00:00:00Z	2024-07-18T23:59:59Z	https://modiseuwest.blob.core.windows.net/modis-061-cogs/MOD15A2H/12/03/2024193/MOD15A2H.A2024193.h12v03.061.2024202043535_Fpar_500m.tif	5434716	HibhmxDxloKsrnl8qixsRA==	1e26e19b10f19682acae797caa2c6c44	1	98	98	2	0.8359	0.1417	0.0003	0.0004	0.0005	0.0005	0.0005	0.0007	0.0195	0.0	93
h13v03	193	2024-07-11	MOD15A2H.A2024193.h13v03.061.2024202044515	2024-07-11T00:00:00Z	2024-07-18T23:59:59Z	https://modiseuwest.blob.core.windows.net/modis-061-cogs/MOD15A2H/13/03/2024193/MOD15A2H.A2024193.h13v03.061.2024202044515_Fpar_500m.tif	3271220	S8anNUzo8Amc/uaNtXM1Vw==	4bc6a7354ce8f0099cfee68db5733557	1	99	99	2	0.5064	0.0933	0.0006	0.0006	0.0008	0.001	0.001	0.0015	0.3948	0.0	92
h13v04	193	2024-07-11	MOD15A2H.A2024193.h13v04.061.2024202042257	2024-07-11T00:00:00Z	2024-07-18T23:59:59Z	https://modiseuwest.blob.core.windows.net/modis-061-cogs/MOD15A2H/13/04/2024193/MOD15A2H.A2024193.h13v04.061.2024202042257_Fpar_500m.tif	2042115	D1pGMZ47g1vxn5muEjhdBQ==	0f5a46319e3b835bf19f99ae12385d05	1	69	69	2	0.3181	0.0576	0.0005	0.0006	0.0007	0.0005	0.0007	0.0009	0.6204	0.0	74
h10v03	193	2024-07-11	MOD15A2H.A2024193.h10v03.061.2024202041252	2024-07-11T00:00:00Z	2024-07-18T23:59:59Z	https://modiseuwest.blob.core.windows.net/modis-061-cogs/MOD15A2H/10/03/2024193/MOD15A2H.A2024193.h10v03.061.2024202041252_Fpar_500m.tif	3281264	jihgSBhS+RQdlLeIoA96XQ==	8e2860481852f9141d94b788a00f7a5d	1	81	81	8	0.4816	0.1219	0.0008	0.0009	0.0011	0.0011	0.0016	0.0057	0.3854	0.0	101
h09v03	193	2024-07-11	MOD15A2H.A2024193.h09v03.061.2024202042314	2024-07-11T00:00:00Z	2024-07-18T23:59:59Z	https://modiseuwest.blob.core.windows.net/modis-061-cogs/MOD15A2H/09/03/2024193/MOD15A2H.A2024193.h09v03.061.2024202042314_Fpar_500m.tif	589263	WmN49Gd8/1pVDkFQdJotNg==	5a6378f4677cff5a550e4150749a2d36	1	27	27	6	0.0772	0.031	0.0004	0.0005	0.0004	0.0005	0.0006	0.0008	0.8887	0.0	101
h11v08	193	2024-07-11	MOD15A2H.A2024193.h11v08.061.2024202040737	2024-07-11T00:00:00Z	2024-07-18T23:59:59Z	https://modiseuwest.blob.core.windows.net/modis-061-cogs/MOD15A2H/11/08/2024193/MOD15A2H.A2024193.h11v08.061.2024202040737_Fpar_500m.tif	5028017	hoizi4TqQ/8349q6Td2Oog==	8688b38b84ea43ff37e3daba4ddd8ea2	1	39	39	60	0.9823	0.0134	0.0	0.0001	0.0001	0.0001	0.0001	0.0001	0.0038	0.0	101
h11v09	193	2024-07-11	MOD15A2H.A2024193.h11v09.061.2024202041029	2024-07-11T00:00:00Z	2024-07-18T23:59:59Z	https://modiseuwest.blob.core.windows.net/modis-061-cogs/MOD15A2H/11/09/2024193/MOD15A2H.A2024193.h11v09.061.2024202041029_Fpar_500m.tif	1840722	kx2faMck4ZpGN+4JClMeBg==	931d9f68c724e19a4637ee090a531e06	1	93	93	4	0.9467	0.0526	0.0	0.0001	0.0	0.0001	0.0	0.0	0.0005	0.0	101
h12v08	193	2024-07-11	MOD15A2H.A2024193.h12v08.061.2024202041805	2024-07-11T00:00:00Z	2024-07-18T23:59:59Z	https://modiseuwest.blob.core.windows.net/modis-061-cogs/MOD15A2H/12/08/2024193/MOD15A2H.A2024193.h12v08.061.2024202041805_Fpar_500m.tif	2805428	mzF9VxyDDmyrNsdpi4mBlw==	9b317d571c830e6cab36c7698b898197	1	62	62	18	0.5717	0.0148	0.0002	0.0002	0.0002	0.0002	0.0002	0.0003	0.4122	0.0	100
h12v09	193	2024-07-11	MOD15A2H.A2024193.h12v09.061.2024202041649	2024-07-11T00:00:00Z	2024-07-18T23:59:59Z	https://modiseuwest.blob.core.windows.net/modis-061-cogs/MOD15A2H/12/09/2024193/MOD15A2H.A2024193.h12v09.061.2024202041649_Fpar_500m.tif	2149102	DR33B0dRlpwK7kPoJ6Vy0Q==	0d1df7074751969c0aee43e827a572d1	1	97	97	1	0.934	0.0604	0.0002	0.0002	0.0003	0.0002	0.0002	0.0002	0.0043	0.0	95
h12v10	193	2024-07-11	MOD15A2H.A2024193.h12v10.061.2024202040547	2024-07-11T00:00:00Z	2024-07-18T23:59:59Z	https://modiseuwest.blob.core.windows.net/modis-061-cogs/MOD15A2H/12/10/2024193/MOD15A2H.A2024193.h12v10.061.2024202040547_Fpar_500m.tif	4477278	wMZGSBcDnQPke0yrnM1l9A==	c0c6464817039d03e47b4cab9ccd65f4	1	99	99	2	0.9892	0.0103	0.0	0.0	0.0001	0.0	0.0	0.0	0.0003	0.0	95
h13v09	193	2024-07-11	MOD15A2H.A2024193.h13v09.061.2024202041308	2024-07-11T00:00:00Z	2024-07-18T23:59:59Z	https://modiseuwest.blob.core.windows.net/modis-061-cogs/MOD15A2H/13/09/2024193/MOD15A2H.A2024193.h13v09.061.2024202041308_Fpar_500m.tif	3970979	Y9kDASNF9X1wQxY8utBw0g==	63d903012345f57d7043163cbad070d2	1	99	99	0	0.8085	0.0286	0.0002	0.0004	0.0003	0.0002	0.0004	0.0005	0.161	0.0	88
h13v10	193	2024-07-11	MOD15A2H.A2024193.h13v10.061.2024202041335	2024-07-11T00:00:00Z	2024-07-18T23:59:59Z	https://modiseuwest.blob.core.windows.net/modis-061-cogs/MOD15A2H/13/10/2024193/MOD15A2H.A2024193.h13v10.061.2024202041335_Fpar_500m.tif	4932384	36j7EljYbW+1xMAfdp2rWg==	dfa8fb1258d86d6fb5c4c01f769dab5a	1	100	100	1	0.9885	0.011	0.0	0.0	0.0	0.0	0.0001	0.0	0.0003	0.0	90
h13v11	193	2024-07-11	MOD15A2H.A2024193.h13v11.061.2024202043655	2024-07-11T00:00:00Z	2024-07-18T23:59:59Z	https://modiseuwest.blob.core.windows.net/modis-061-cogs/MOD15A2H/13/11/2024193/MOD15A2H.A2024193.h13v11.061.2024202043655_Fpar_500m.tif	4209998	NSKUHYNyXHE9suhfSTYK7A==	3522941d83725c713db2e85f49360aec	1	87	87	16	0.7513	0.0409	0.0003	0.0002	0.0006	0.0005	0.0004	0.0005	0.2053	0.0	101
h12v11	193	2024-07-11	MOD15A2H.A2024193.h12v11.061.2024202040326	2024-07-11T00:00:00Z	2024-07-18T23:59:59Z	https://modiseuwest.blob.core.windows.net/modis-061-cogs/MOD15A2H/12/11/2024193/MOD15A2H.A2024193.h12v11.061.2024202040326_Fpar_500m.tif	4576287	kCuDl0A2/c9Tv2IV5xYmWA==	902b83974036fdcf53bf6215e7162658	1	100	100	9	0.9782	0.018	0.0001	0.0002	0.0002	0.0002	0.0002	0.0006	0.0024	0.0	101
h12v12	193	2024-07-11	MOD15A2H.A2024193.h12v12.061.2024202040812	2024-07-11T00:00:00Z	2024-07-18T23:59:59Z	https://modiseuwest.blob.core.windows.net/modis-061-cogs/MOD15A2H/12/12/2024193/MOD15A2H.A2024193.h12v12.061.2024202040812_Fpar_500m.tif	3382522	8teSj0PU5ibZkwOR/v8uNQ==	f2d7928f43d4e626d9930391feff2e35	1	89	89	15	0.8279	0.0501	0.0007	0.0009	0.0006	0.001	0.0009	0.0025	0.1153	0.0	101
h11v10	193	2024-07-11	MOD15A2H.A2024193.h11v10.061.2024202041846	2024-07-11T00:00:00Z	2024-07-18T23:59:59Z	https://modiseuwest.blob.core.windows.net/modis-061-cogs/MOD15A2H/11/10/2024193/MOD15A2H.A2024193.h11v10.061.2024202041846_Fpar_500m.tif	2998673	9040mCWfalxZDd4nvCYofw==	f74e3498259f6a5c590dde27bc26287f	1	98	98	1	0.8258	0.042	0.0004	0.0007	0.0006	0.0009	0.0011	0.0243	0.1042	0.0	101
h14v10	193	2024-07-11	MOD15A2H.A2024193.h14v10.061.2024202041407	2024-07-11T00:00:00Z	2024-07-18T23:59:59Z	https://modiseuwest.blob.core.windows.net/modis-061-cogs/MOD15A2H/14/10/2024193/MOD15A2H.A2024193.h14v10.061.2024202041407_Fpar_500m.tif	1540884	LCz0oPCOouvgAZb8+Rer3g==	2c2cf4a0f08ea2ebe00196fcf917abde	1	95	95	1	0.2661	0.0081	0.0001	0.0001	0.0001	0.0001	0.0001	0.0001	0.7254	0.0	89
h14v09	193	2024-07-11	MOD15A2H.A2024193.h14v09.061.2024202040436	2024-07-11T00:00:00Z	2024-07-18T23:59:59Z	https://modiseuwest.blob.core.windows.net/modis-061-cogs/MOD15A2H/14/09/2024193/MOD15A2H.A2024193.h14v09.061.2024202040436_Fpar_500m.tif	1645508	OoAFBQYwx4eemHN3KFHglg==	3a8005050630c7879e9873772851e096	1	98	98	1	0.2879	0.0079	0.0001	0.0001	0.0002	0.0002	0.0002	0.0002	0.7033	0.0	88
h17v04	193	2024-07-11	MOD15A2H.A2024193.h17v04.061.2024202041824	2024-07-11T00:00:00Z	2024-07-18T23:59:59Z	https://modiseuwest.blob.core.windows.net/modis-061-cogs/MOD15A2H/17/04/2024193/MOD15A2H.A2024193.h17v04.061.2024202041824_Fpar_500m.tif	1801628	T09PxwjS2izrlw9BN73k4A==	4f4f4fc708d2da2ceb970f4137bde4e0	1	94	94	2	0.3073	0.0137	0.0002	0.0002	0.0002	0.0003	0.0004	0.0004	0.6773	0.0	94
h18v03	193	2024-07-11	MOD15A2H.A2024193.h18v03.061.2024202042311	2024-07-11T00:00:00Z	2024-07-18T23:59:59Z	https://modiseuwest.blob.core.windows.net/modis-061-cogs/MOD15A2H/18/03/2024193/MOD15A2H.A2024193.h18v03.061.2024202042311_Fpar_500m.tif	3247459	uGedBA6V0VQOIt5ku8FLvg==	b8679d040e95d1540e22de64bbc14bbe	1	77	77	8	0.4554	0.0947	0.0007	0.0008	0.0011	0.0009	0.0013	0.0019	0.4432	0.0	100
h18v04	193	2024-07-11	MOD15A2H.A2024193.h18v04.061.2024202042310	2024-07-11T00:00:00Z	2024-07-18T23:59:59Z	https://modiseuwest.blob.core.windows.net/modis-061-cogs/MOD15A2H/18/04/2024193/MOD15A2H.A2024193.h18v04.061.2024202042310_Fpar_500m.tif	4228880	2e7xMCkldu6jsWEmG24wmw==	d9eef130292576eea3b161261b6e309b	1	92	92	4	0.6778	0.0563	0.0004	0.0006	0.0005	0.0005	0.0008	0.0006	0.2625	0.0	92
h19v03	193	2024-07-11	MOD15A2H.A2024193.h19v03.061.2024202042101	2024-07-11T00:00:00Z	2024-07-18T23:59:59Z	https://modiseuwest.blob.core.windows.net/modis-061-cogs/MOD15A2H/19/03/2024193/MOD15A2H.A2024193.h19v03.061.2024202042101_Fpar_500m.tif	4825669	6lJ7v2vd05uYBEpeDhxEHg==	ea527bbf6bddd39b98044a5e0e1c441e	1	87	87	3	0.8351	0.0468	0.0004	0.0004	0.0004	0.0006	0.0007	0.0009	0.1147	0.0	78
h19v04	193	2024-07-11	MOD15A2H.A2024193.h19v04.061.2024202041535	2024-07-11T00:00:00Z	2024-07-18T23:59:59Z	https://modiseuwest.blob.core.windows.net/modis-061-cogs/MOD15A2H/19/04/2024193/MOD15A2H.A2024193.h19v04.061.2024202041535_Fpar_500m.tif	4898931	LvE6iy+kOzPMy8fADeWplg==	2ef13a8b2fa43b33cccbc7c00de5a996	1	94	94	1	0.8349	0.0499	0.0004	0.0004	0.0003	0.0005	0.0005	0.0006	0.1125	0.0	92
h20v03	193	2024-07-11	MOD15A2H.A2024193.h20v03.061.2024202043846	2024-07-11T00:00:00Z	2024-07-18T23:59:59Z	https://modiseuwest.blob.core.windows.net/modis-061-cogs/MOD15A2H/20/03/2024193/MOD15A2H.A2024193.h20v03.061.2024202043846_Fpar_500m.tif	5350354	Bkp1r4CnsNDZLRKqxUBc9Q==	064a75af80a7b0d0d92d12aac5405cf5	1	89	89	2	0.9624	0.0327	0.0001	0.0002	0.0002	0.0001	0.0002	0.0002	0.0038	0.0	88
h20v04	193	2024-07-11	MOD15A2H.A2024193.h20v04.061.2024202041828	2024-07-11T00:00:00Z	2024-07-18T23:59:59Z	https://modiseuwest.blob.core.windows.net/modis-061-cogs/MOD15A2H/20/04/2024193/MOD15A2H.A2024193.h20v04.061.2024202041828_Fpar_500m.tif	3467258	Xwws3f3BdR+A55ED76p7TQ==	5f0c2cddfdc1751f80e79103efaa7b4d	1	97	97	1	0.5936	0.0467	0.0006	0.0005	0.0005	0.0008	0.0005	0.001	0.3558	0.0	99
h19v02	193	2024-07-11	MOD15A2H.A2024193.h19v02.061.2024202043109	2024-07-11T00:00:00Z	2024-07-18T23:59:59Z	https://modiseuwest.blob.core.windows.net/modis-061-cogs/MOD15A2H/19/02/2024193/MOD15A2H.A2024193.h19v02.061.2024202043109_Fpar_500m.tif	4371490	u7zpNK7TynCaqjckyo23ZQ==	bbbce934aed3ca709aaa3724ca8db765	1	75	75	8	0.6636	0.1021	0.0007	0.0006	0.0007	0.0012	0.0015	0.0019	0.2277	0.0	101
h20v02	193	2024-07-11	MOD15A2H.A2024193.h20v02.061.2024202043812	2024-07-11T00:00:00Z	2024-07-18T23:59:59Z	https://modiseuwest.blob.core.windows.net/modis-061-cogs/MOD15A2H/20/02/2024193/MOD15A2H.A2024193.h20v02.061.2024202043812_Fpar_500m.tif	5098107	YfG9eIEg8e98CZTKYuYLFg==	61f1bd788120f1ef7c0994ca62e60b16	1	81	81	5	0.9002	0.0451	0.0003	0.0002	0.0003	0.0003	0.0004	0.0004	0.0528	0.0	97
h17v05	193	2024-07-11	MOD15A2H.A2024193.h17v05.061.2024202043028	2024-07-11T00:00:00Z	2024-07-18T23:59:59Z	https://modiseuwest.blob.core.windows.net/modis-061-cogs/MOD15A2H/17/05/2024193/MOD15A2H.A2024193.h17v05.061.2024202043028_Fpar_500m.tif	2074965	fN2xnRUBZxYG5GOik1xaKw==	7cddb19d1501671606e463a2935c5a2b	1	96	96	0	0.4203	0.0639	0.0015	0.0015	0.002	0.0024	0.0033	0.0965	0.4085	0.0	101
h18v05	193	2024-07-11	MOD15A2H.A2024193.h18v05.061.2024202042041	2024-07-11T00:00:00Z	2024-07-18T23:59:59Z	https://modiseuwest.blob.core.windows.net/modis-061-cogs/MOD15A2H/18/05/2024193/MOD15A2H.A2024193.h18v05.061.2024202042041_Fpar_500m.tif	1005231	7epZDsQeOFHan7u8/xGMcQ==	edea590ec41e3851da9fbbbcff118c71	1	86	86	0	0.1981	0.0512	0.0013	0.0015	0.0022	0.0023	0.0033	0.3874	0.3527	0.0	101
h17v07	193	2024-07-11	MOD15A2H.A2024193.h17v07.061.2024202041537	2024-07-11T00:00:00Z	2024-07-18T23:59:59Z	https://modiseuwest.blob.core.windows.net/modis-061-cogs/MOD15A2H/17/07/2024193/MOD15A2H.A2024193.h17v07.061.2024202041537_Fpar_500m.tif	2956351	Sk40iQw4AIZ9A3iHSDuCXw==	4a4e34890c3800867d037887483b825f	1	84	84	27	0.625	0.0405	0.0007	0.0009	0.0011	0.0012	0.0014	0.3221	0.0071	0.0	101
h18v07	193	2024-07-11	MOD15A2H.A2024193.h18v07.061.2024202041255	2024-07-11T00:00:00Z	2024-07-18T23:59:59Z	https://modiseuwest.blob.core.windows.net/modis-061-cogs/MOD15A2H/18/07/2024193/MOD15A2H.A2024193.h18v07.061.2024202041255_Fpar_500m.tif	2546087	CxT9BcmVwIT6l/QjAGKhDg==	0b14fd05c995c084fa97f4230062a10e	1	72	72	23	0.5088	0.0869	0.0029	0.003	0.0041	0.005	0.0064	0.3617	0.0212	0.0	101
h18v08	193	2024-07-11	MOD15A2H.A2024193.h18v08.061.2024202041101	2024-07-11T00:00:00Z	2024-07-18T23:59:59Z	https://modiseuwest.blob.core.windows.net/modis-061-cogs/MOD15A2H/18/08/2024193/MOD15A2H.A2024193.h18v08.061.2024202041101_Fpar_500m.tif	2338322	60v9ftuglof1my62/ddFFA==	eb4bfd7edba09687f59b2eb6fdd74514	1	33	33	39	0.4706	0.0164	0.0002	0.0002	0.0002	0.0002	0.0003	0.0003	0.5117	0.0	101
h19v07	193	2024-07-11	MOD15A2H.A2024193.h19v07.061.2024202041240	2024-07-11T00:00:00Z	2024-07-18T23:59:59Z	https://modiseuwest.blob.core.windows.net/modis-061-cogs/MOD15A2H/19/07/2024193/MOD15A2H.A2024193.h19v07.061.2024202041240_Fpar_500m.tif	2097603	5wrH0TpMrC6CHjgIUTT87A==	e70ac7d13a4cac2e821e38085134fcec	1	74	74	20	0.4359	0.0223	0.0005	0.0007	0.0009	0.0012	0.0018	0.5328	0.0039	0.0	98
h19v08	193	2024-07-11	MOD15A2H.A2024193.h19v08.061.2024202041842	2024-07-11T00:00:00Z	2024-07-18T23:59:59Z	https://modiseuwest.blob.core.windows.net/modis-061-cogs/MOD15A2H/19/08/2024193/MOD15A2H.A2024193.h19v08.061.2024202041842_Fpar_500m.tif	4890180	wVQ+j4w3aLUg5ActNv9MLw==	c1543e8f8c3768b520e4072d36ff4c2f	1	60	60	47	0.9936	0.0063	0.0	0.0	0.0	0.0	0.0	0.0	0.0001	0.0	101
h19v09	193	2024-07-11	MOD15A2H.A2024193.h19v09.061.2024202041139	2024-07-11T00:00:00Z	2024-07-18T23:59:59Z	https://modiseuwest.blob.core.windows.net/modis-061-cogs/MOD15A2H/19/09/2024193/MOD15A2H.A2024193.h19v09.061.2024202041139_Fpar_500m.tif	4118612	2UA+wkAD/yhxLdWyQOZG3g==	d9403ec24003ff28712dd5b240e646de	1	83	83	12	0.8286	0.0121	0.0001	0.0001	0.0001	0.0001	0.0001	0.0002	0.1586	0.0	99
h20v08	193	2024-07-11	MOD15A2H.A2024193.h20v08.061.2024202041016	2024-07-11T00:00:00Z	2024-07-18T23:59:59Z	https://modiseuwest.blob.core.windows.net/modis-061-cogs/MOD15A2H/20/08/2024193/MOD15A2H.A2024193.h20v08.061.2024202041016_Fpar_500m.tif	4800411	F/iqqD6OU+ahJabjNWwgBQ==	17f8aaa83e8e53e6a125a6e3356c2005	1	81	81	17	0.9933	0.0067	0.0	0.0	0.0	0.0	0.0	0.0	0.0	0.0	100
h20v09	193	2024-07-11	MOD15A2H.A2024193.h20v09.061.2024202041255	2024-07-11T00:00:00Z	2024-07-18T23:59:59Z	https://modiseuwest.blob.core.windows.net/modis-061-cogs/MOD15A2H/20/09/2024193/MOD15A2H.A2024193.h20v09.061.2024202041255_Fpar_500m.tif	4482387	PwjMbEi0K8fcsA50P9LBBw==	3f08cc6c48b42bc7dcb00e743fd2c107	1	84	84	8	0.9668	0.0098	0.0001	0.0001	0.0001	0.0001	0.0001	0.0001	0.0227	0.0	100
h20v10	193	2024-07-11	MOD15A2H.A2024193.h20v10.061.2024202041412	2024-07-11T00:00:00Z	2024-07-18T23:59:59Z	https://modiseuwest.blob.core.windows.net/modis-061-cogs/MOD15A2H/20/10/2024193/MOD15A2H.A2024193.h20v10.061.2024202041412_Fpar_500m.tif	4055129	y6UEf7xNuBaQU9vKlA0O+A==	cba5047fbc4db8169053dbca940d0ef8	1	100	100	0	0.9898	0.0068	0.0	0.0	0.0001	0.0001	0.0001	0.0002	0.003	0.0	96
h21v08	193	2024-07-11	MOD15A2H.A2024193.h21v08.061.2024202041251	2024-07-11T00:00:00Z	2024-07-18T23:59:59Z	https://modiseuwest.blob.core.windows.net/modis-061-cogs/MOD15A2H/21/08/2024193/MOD15A2H.A2024193.h21v08.061.2024202041251_Fpar_500m.tif	5018982	8Pbek1oq2z3sCac7t1SL6g==	f0f6de935a2adb3dec09a73bb7548bea	1	86	86	22	0.9602	0.0217	0.0004	0.0003	0.0003	0.0004	0.0005	0.0026	0.0136	0.0	101
h21v09	193	2024-07-11	MOD15A2H.A2024193.h21v09.061.2024202040622	2024-07-11T00:00:00Z	2024-07-18T23:59:59Z	https://modiseuwest.blob.core.windows.net/modis-061-cogs/MOD15A2H/21/09/2024193/MOD15A2H.A2024193.h21v09.061.2024202040622_Fpar_500m.tif	4219307	A6IfCQ7Z2rxxSZRLi7HZyw==	03a21f090ed9dabc7149944b8bb1d9cb	1	99	99	3	0.8642	0.0224	0.0006	0.0005	0.0004	0.0006	0.0006	0.001	0.1096	0.0	101
h20v11	193	2024-07-11	MOD15A2H.A2024193.h20v11.061.2024202041137	2024-07-11T00:00:00Z	2024-07-18T23:59:59Z	https://modiseuwest.blob.core.windows.net/modis-061-cogs/MOD15A2H/20/11/2024193/MOD15A2H.A2024193.h20v11.061.2024202041137_Fpar_500m.tif	3699123	H/YJ4E53ei0nJ9nf8CH4iw==	1ff609e04e777a2d2727d9dff021f88b	1	100	100	3	0.9231	0.0125	0.0002	0.0001	0.0002	0.0001	0.0002	0.0002	0.0635	0.0	101
h19v11	193	2024-07-11	MOD15A2H.A2024193.h19v11.061.2024202040639	2024-07-11T00:00:00Z	2024-07-18T23:59:59Z	https://modiseuwest.blob.core.windows.net/modis-061-cogs/MOD15A2H/19/11/2024193/MOD15A2H.A2024193.h19v11.061.2024202040639_Fpar_500m.tif	1590032	tv8cueHhHz3PPXet3s4hkA==	b6ff1cb9e1e11f3dcf3d77addece2190	1	99	99	5	0.5079	0.0501	0.0015	0.0015	0.0022	0.0022	0.0028	0.0748	0.357	0.0	101
h19v10	193	2024-07-11	MOD15A2H.A2024193.h19v10.061.2024202043156	2024-07-11T00:00:00Z	2024-07-18T23:59:59Z	https://modiseuwest.blob.core.windows.net/modis-061-cogs/MOD15A2H/19/10/2024193/MOD15A2H.A2024193.h19v10.061.2024202043156_Fpar_500m.tif	3002498	k4WEncXvIMfh6XUwXypiJg==	9385849dc5ef20c7e1e975305f2a6226	1	100	100	0	0.7414	0.0116	0.0005	0.0005	0.0008	0.0007	0.0011	0.0258	0.2175	0.0	101
h21v10	193	2024-07-11	MOD15A2H.A2024193.h21v10.061.2024202041823	2024-07-11T00:00:00Z	2024-07-18T23:59:59Z	https://modiseuwest.blob.core.windows.net/modis-061-cogs/MOD15A2H/21/10/2024193/MOD15A2H.A2024193.h21v10.061.2024202041823_Fpar_500m.tif	3560617	vRzgbhZk+cGmjbrnw+GUeg==	bd1ce06e1664f9c1a68dbae7c3e1947a	1	100	100	1	0.7577	0.0129	0.0002	0.0002	0.0002	0.0003	0.0003	0.0004	0.2278	0.0	97
h22v08	193	2024-07-11	MOD15A2H.A2024193.h22v08.061.2024202042516	2024-07-11T00:00:00Z	2024-07-18T23:59:59Z	https://modiseuwest.blob.core.windows.net/modis-061-cogs/MOD15A2H/22/08/2024193/MOD15A2H.A2024193.h22v08.061.2024202042516_Fpar_500m.tif	2880702	2IcFieugxolZ2mv5mLGglA==	d8870589eba0c68959da6bf998b1a094	1	92	92	15	0.6226	0.0493	0.0011	0.0011	0.0017	0.0016	0.0027	0.0592	0.2607	0.0	101
h21v07	193	2024-07-11	MOD15A2H.A2024193.h21v07.061.2024202043434	2024-07-11T00:00:00Z	2024-07-18T23:59:59Z	https://modiseuwest.blob.core.windows.net/modis-061-cogs/MOD15A2H/21/07/2024193/MOD15A2H.A2024193.h21v07.061.2024202043434_Fpar_500m.tif	2634723	6Y9pGpvnHhTAaN+Tizu2GA==	e98f691a9be71e14c068df938b3bb618	1	95	95	13	0.5229	0.0657	0.0023	0.0024	0.0039	0.0045	0.0065	0.2321	0.1595	0.0	101
h21v03	193	2024-07-11	MOD15A2H.A2024193.h21v03.061.2024202043406	2024-07-11T00:00:00Z	2024-07-18T23:59:59Z	https://modiseuwest.blob.core.windows.net/modis-061-cogs/MOD15A2H/21/03/2024193/MOD15A2H.A2024193.h21v03.061.2024202043406_Fpar_500m.tif	5517371	U7r2l2EYl7lCPiKA5yx75A==	53baf697611897b9423e2280e72c7be4	1	84	84	8	0.9564	0.0431	0.0	0.0	0.0	0.0	0.0	0.0	0.0003	0.0	92
h22v03	193	2024-07-11	MOD15A2H.A2024193.h22v03.061.2024202042604	2024-07-11T00:00:00Z	2024-07-18T23:59:59Z	https://modiseuwest.blob.core.windows.net/modis-061-cogs/MOD15A2H/22/03/2024193/MOD15A2H.A2024193.h22v03.061.2024202042604_Fpar_500m.tif	5187203	1rr6EoCYDFbV0xLH9tzeWw==	d6bafa1280980c56d5d312c7f6dcde5b	1	87	87	4	0.9637	0.0339	0.0	0.0001	0.0001	0.0001	0.0001	0.0001	0.002	0.0	97
h22v04	193	2024-07-11	MOD15A2H.A2024193.h22v04.061.2024202041644	2024-07-11T00:00:00Z	2024-07-18T23:59:59Z	https://modiseuwest.blob.core.windows.net/modis-061-cogs/MOD15A2H/22/04/2024193/MOD15A2H.A2024193.h22v04.061.2024202041644_Fpar_500m.tif	2893566	YjERaedpv8M+NDs1+GNMFA==	62311169e769bfc33e343b35f8634c14	1	99	99	3	0.6893	0.1218	0.0031	0.0037	0.005	0.0056	0.0073	0.1062	0.0579	0.0	101
h23v03	193	2024-07-11	MOD15A2H.A2024193.h23v03.061.2024202042458	2024-07-11T00:00:00Z	2024-07-18T23:59:59Z	https://modiseuwest.blob.core.windows.net/modis-061-cogs/MOD15A2H/23/03/2024193/MOD15A2H.A2024193.h23v03.061.2024202042458_Fpar_500m.tif	5330379	D4U3Uo9oS2UvnGjXciU6EA==	0f8537528f684b652f9c68d772253a10	1	76	76	7	0.9725	0.0242	0.0001	0.0	0.0	0.0001	0.0001	0.0	0.0031	0.0	99
h23v04	193	2024-07-11	MOD15A2H.A2024193.h23v04.061.2024202042218	2024-07-11T00:00:00Z	2024-07-18T23:59:59Z	https://modiseuwest.blob.core.windows.net/modis-061-cogs/MOD15A2H/23/04/2024193/MOD15A2H.A2024193.h23v04.061.2024202042218_Fpar_500m.tif	4391483	4ifSbaSubDN375mRhGH0ZA==	e227d26da4ae6c3377ef99918461f464	1	98	98	5	0.8999	0.0606	0.0008	0.0011	0.001	0.0013	0.0015	0.0057	0.0281	0.0	101
h24v04	193	2024-07-11	MOD15A2H.A2024193.h24v04.061.2024202042039	2024-07-11T00:00:00Z	2024-07-18T23:59:59Z	https://modiseuwest.blob.core.windows.net/modis-061-cogs/MOD15A2H/24/04/2024193/MOD15A2H.A2024193.h24v04.061.2024202042039_Fpar_500m.tif	3036638	cXZtYKp8XvEtS2BDBKXtsg==	71766d60aa7c5ef12d4b604304a5edb2	1	98	98	1	0.5172	0.1235	0.0026	0.0032	0.0043	0.0047	0.0067	0.2958	0.0421	0.0	101
h24v05	193	2024-07-11	MOD15A2H.A2024193.h24v05.061.2024202041951	2024-07-11T00:00:00Z	2024-07-18T23:59:59Z	https://modiseuwest.blob.core.windows.net/modis-061-cogs/MOD15A2H/24/05/2024193/MOD15A2H.A2024193.h24v05.061.2024202041951_Fpar_500m.tif	2216727	lp0PoLXLqD7acGVI4vvFqA==	969d0fa0b5cba83eda706548e2fbc5a8	1	96	96	3	0.303	0.1514	0.0056	0.0072	0.0098	0.0114	0.0162	0.4429	0.0526	0.0	101
h25v05	193	2024-07-11	MOD15A2H.A2024193.h25v05.061.2024202041759	2024-07-11T00:00:00Z	2024-07-18T23:59:59Z	https://modiseuwest.blob.core.windows.net/modis-061-cogs/MOD15A2H/25/05/2024193/MOD15A2H.A2024193.h25v05.061.2024202041759_Fpar_500m.tif	3307613	0AKE74b0IKXot7Xm/lGKdQ==	d00284ef86f420a5e8b7b5e6fe518a75	1	96	96	8	0.5593	0.1647	0.0033	0.0035	0.0043	0.0052	0.0064	0.2071	0.0462	0.0	101
h25v06	193	2024-07-11	MOD15A2H.A2024193.h25v06.061.2024202041010	2024-07-11T00:00:00Z	2024-07-18T23:59:59Z	https://modiseuwest.blob.core.windows.net/modis-061-cogs/MOD15A2H/25/06/2024193/MOD15A2H.A2024193.h25v06.061.2024202041010_Fpar_500m.tif	4965933	YeXj5ycbI4JFGf+oxszViA==	61e5e3e7271b23824519ffa8c6ccd588	1	75	75	64	0.961	0.0364	0.0002	0.0002	0.0002	0.0002	0.0002	0.0001	0.0016	0.0	101
h26v05	193	2024-07-11	MOD15A2H.A2024193.h26v05.061.2024202040813	2024-07-11T00:00:00Z	2024-07-18T23:59:59Z	https://modiseuwest.blob.core.windows.net/modis-061-cogs/MOD15A2H/26/05/2024193/MOD15A2H.A2024193.h26v05.061.2024202040813_Fpar_500m.tif	5023320	UxLMe2jg9cw8tj83CdyeNQ==	5312cc7b68e0f5cc3cb63f3709dc9e35	1	80	80	22	0.9274	0.0266	0.0004	0.0006	0.0008	0.0009	0.0013	0.0346	0.0073	0.0	101
h26v06	193	2024-07-11	MOD15A2H.A2024193.h26v06.061.2024202040801	2024-07-11T00:00:00Z	2024-07-18T23:59:59Z	https://modiseuwest.blob.core.windows.net/modis-061-cogs/MOD15A2H/26/06/2024193/MOD15A2H.A2024193.h26v06.061.2024202040801_Fpar_500m.tif	4337103	XC8fINf92A3oI+5m6nFpkw==	5c2f1f20d7fdd80de823ee66ea716993	1	43	43	71	0.8662	0.039	0.0003	0.0002	0.0002	0.0003	0.0003	0.0004	0.0931	0.0	101
h27v05	193	2024-07-11	MOD15A2H.A2024193.h27v05.061.2024202041159	2024-07-11T00:00:00Z	2024-07-18T23:59:59Z	https://modiseuwest.blob.core.windows.net/modis-061-cogs/MOD15A2H/27/05/2024193/MOD15A2H.A2024193.h27v05.061.2024202041159_Fpar_500m.tif	4177844	DGTcTkvIF50uqV4SCheG0w==	0c64dc4e4bc8179d2ea95e120a1786d3	1	61	61	27	0.7489	0.0438	0.0004	0.0005	0.0007	0.0006	0.0007	0.0013	0.2031	0.0	101
h27v06	193	2024-07-11	MOD15A2H.A2024193.h27v06.061.2024202041051	2024-07-11T00:00:00Z	2024-07-18T23:59:59Z	https://modiseuwest.blob.core.windows.net/modis-061-cogs/MOD15A2H/27/06/2024193/MOD15A2H.A2024193.h27v06.061.2024202041051_Fpar_500m.tif	5658539	Ftb8q9MtdAv+XgM3L/2mGg==	16d6fcabd32d740bfe5e03372ffda61a	1	53	53	57	0.9874	0.0107	0.0001	0.0001	0.0	0.0001	0.0001	0.0001	0.0015	0.0	101
h28v05	193	2024-07-11	MOD15A2H.A2024193.h28v05.061.2024202040915	2024-07-11T00:00:00Z	2024-07-18T23:59:59Z	https://modiseuwest.blob.core.windows.net/modis-061-cogs/MOD15A2H/28/05/2024193/MOD15A2H.A2024193.h28v05.061.2024202040915_Fpar_500m.tif	1568601	PKLwjXhKHwvNyuiqFWDScw==	3ca2f08d784a1f0bcdcae8aa1560d273	1	52	52	11	0.2327	0.052	0.0008	0.0008	0.0012	0.0015	0.0016	0.002	0.7073	0.0	101
h28v06	193	2024-07-11	MOD15A2H.A2024193.h28v06.061.2024202041131	2024-07-11T00:00:00Z	2024-07-18T23:59:59Z	https://modiseuwest.blob.core.windows.net/modis-061-cogs/MOD15A2H/28/06/2024193/MOD15A2H.A2024193.h28v06.061.2024202041131_Fpar_500m.tif	3456625	wKLiMSJdNyadP7AAdthH8Q==	c0a2e231225d37269d3fb00076d847f1	1	84	84	14	0.5546	0.0483	0.0005	0.0007	0.0007	0.001	0.0013	0.0014	0.3915	0.0	95
h26v04	193	2024-07-11	MOD15A2H.A2024193.h26v04.061.2024202042358	2024-07-11T00:00:00Z	2024-07-18T23:59:59Z	https://modiseuwest.blob.core.windows.net/modis-061-cogs/MOD15A2H/26/04/2024193/MOD15A2H.A2024193.h26v04.061.2024202042358_Fpar_500m.tif	4889640	LC+gDRwwDlq+O/10Q4Zhtw==	2c2fa00d1c300e5abe3bfd74438661b7	1	85	85	6	0.9429	0.0371	0.0003	0.0003	0.0004	0.0004	0.0005	0.015	0.0032	0.0	101
h25v04	193	2024-07-11	MOD15A2H.A2024193.h25v04.061.2024202040905	2024-07-11T00:00:00Z	2024-07-18T23:59:59Z	https://modiseuwest.blob.core.windows.net/modis-061-cogs/MOD15A2H/25/04/2024193/MOD15A2H.A2024193.h25v04.061.2024202040905_Fpar_500m.tif	2228360	/2SlihoM/suIVR79q45J1Q==	ff64a58a1a0cfecb88551efdab8e49d5	1	96	96	2	0.4893	0.0453	0.0018	0.002	0.0032	0.0035	0.0057	0.4279	0.0213	0.0	101
h24v06	193	2024-07-11	MOD15A2H.A2024193.h24v06.061.2024202043201	2024-07-11T00:00:00Z	2024-07-18T23:59:59Z	https://modiseuwest.blob.core.windows.net/modis-061-cogs/MOD15A2H/24/06/2024193/MOD15A2H.A2024193.h24v06.061.2024202043201_Fpar_500m.tif	3460269	TJkhMSqApDTvr1rOhUGNTQ==	4c9921312a80a434efaf5ace85418d4d	1	91	91	23	0.6335	0.0704	0.0014	0.0018	0.0025	0.0025	0.0035	0.0561	0.2283	0.0	101
h27v07	193	2024-07-11	MOD15A2H.A2024193.h27v07.061.2024202040930	2024-07-11T00:00:00Z	2024-07-18T23:59:59Z	https://modiseuwest.blob.core.windows.net/modis-061-cogs/MOD15A2H/27/07/2024193/MOD15A2H.A2024193.h27v07.061.2024202040930_Fpar_500m.tif	3023857	dEzaTWIRtHoDtXPcqlUq3g==	744cda4d6211b47a03b573dcaa552ade	1	33	33	50	0.5646	0.0264	0.0004	0.0007	0.0007	0.001	0.0012	0.0016	0.4033	0.0	101
h28v07	193	2024-07-11	MOD15A2H.A2024193.h28v07.061.2024202041724	2024-07-11T00:00:00Z	2024-07-18T23:59:59Z	https://modiseuwest.blob.core.windows.net/modis-061-cogs/MOD15A2H/28/07/2024193/MOD15A2H.A2024193.h28v07.061.2024202041724_Fpar_500m.tif	2080261	rdpYWd3KAyVVFb3qwL5qbw==	adda5859ddca03255515bdeac0be6a6f	1	33	33	33	0.3928	0.0192	0.0004	0.0003	0.0004	0.0004	0.0004	0.0007	0.5854	0.0	101
h25v03	193	2024-07-11	MOD15A2H.A2024193.h25v03.061.2024202042046	2024-07-11T00:00:00Z	2024-07-18T23:59:59Z	https://modiseuwest.blob.core.windows.net/modis-061-cogs/MOD15A2H/25/03/2024193/MOD15A2H.A2024193.h25v03.061.2024202042046_Fpar_500m.tif	4210282	TtKb24ph/55N4T3SSQsU0A==	4ed29bdb8a61ff9e4de13dd2490b14d0	1	69	69	8	0.7661	0.0206	0.0002	0.0003	0.0003	0.0003	0.0004	0.0003	0.2114	0.0	101
h26v03	193	2024-07-11	MOD15A2H.A2024193.h26v03.061.2024202042102	2024-07-11T00:00:00Z	2024-07-18T23:59:59Z	https://modiseuwest.blob.core.windows.net/modis-061-cogs/MOD15A2H/26/03/2024193/MOD15A2H.A2024193.h26v03.061.2024202042102_Fpar_500m.tif	2353102	lwVBgaOLblTh0YhKqId18Q==	97054181a38b6e54e1d1884aa88775f1	1	58	58	9	0.3946	0.0307	0.0003	0.0005	0.0005	0.0006	0.0006	0.0006	0.5716	0.0	101
h28v04	193	2024-07-11	MOD15A2H.A2024193.h28v04.061.2024202041244	2024-07-11T00:00:00Z	2024-07-18T23:59:59Z	https://modiseuwest.blob.core.windows.net/modis-061-cogs/MOD15A2H/28/04/2024193/MOD15A2H.A2024193.h28v04.061.2024202041244_Fpar_500m.tif	509642	1OfLIiA5JIhrOJga8zR7pw==	d4e7cb22203924886b38981af3347ba7	1	56	56	1	0.0705	0.0225	0.0003	0.0005	0.0005	0.0006	0.0004	0.0007	0.904	0.0	84
h29v11	193	2024-07-11	MOD15A2H.A2024193.h29v11.061.2024202041222	2024-07-11T00:00:00Z	2024-07-18T23:59:59Z	https://modiseuwest.blob.core.windows.net/modis-061-cogs/MOD15A2H/29/11/2024193/MOD15A2H.A2024193.h29v11.061.2024202041222_Fpar_500m.tif	3065861	wTRftXoUPhKJJ7cXl9Fgwg==	c1345fb57a143e128927b71797d160c2	1	100	100	17	0.9791	0.0109	0.0002	0.0001	0.0002	0.0002	0.0002	0.0008	0.0083	0.0	101
h29v12	193	2024-07-11	MOD15A2H.A2024193.h29v12.061.2024202042819	2024-07-11T00:00:00Z	2024-07-18T23:59:59Z	https://modiseuwest.blob.core.windows.net/modis-061-cogs/MOD15A2H/29/12/2024193/MOD15A2H.A2024193.h29v12.061.2024202042819_Fpar_500m.tif	3129163	De1wgTe7a+xOPN0Pl8zJ6Q==	0ded708137bb6bec4e3cdd0f97ccc9e9	1	89	89	15	0.6366	0.028	0.0004	0.0006	0.0007	0.0008	0.001	0.0012	0.3308	0.0	101
h30v10	193	2024-07-11	MOD15A2H.A2024193.h30v10.061.2024202040851	2024-07-11T00:00:00Z	2024-07-18T23:59:59Z	https://modiseuwest.blob.core.windows.net/modis-061-cogs/MOD15A2H/30/10/2024193/MOD15A2H.A2024193.h30v10.061.2024202040851_Fpar_500m.tif	2667739	ZerIaU0OqT3iyLJEBYJrtg==	65eac8694d0ea93de2c8b24405826bb6	1	99	99	0	0.628	0.0177	0.0003	0.0005	0.0006	0.0005	0.0006	0.0007	0.3512	0.0	101
h30v11	193	2024-07-11	MOD15A2H.A2024193.h30v11.061.2024202041833	2024-07-11T00:00:00Z	2024-07-18T23:59:59Z	https://modiseuwest.blob.core.windows.net/modis-061-cogs/MOD15A2H/30/11/2024193/MOD15A2H.A2024193.h30v11.061.2024202041833_Fpar_500m.tif	3576119	frszZpOooM4cuItVeinuqw==	7ebb336693a8a0ce1cb88b557a29eeab	1	100	100	5	0.9003	0.0513	0.0009	0.0011	0.0012	0.0015	0.0024	0.0331	0.0082	0.0	101
h30v12	193	2024-07-11	MOD15A2H.A2024193.h30v12.061.2024202041158	2024-07-11T00:00:00Z	2024-07-18T23:59:59Z	https://modiseuwest.blob.core.windows.net/modis-061-cogs/MOD15A2H/30/12/2024193/MOD15A2H.A2024193.h30v12.061.2024202041158_Fpar_500m.tif	2238300	YTucoyDKZs1SVsmDBFmAYg==	613b9ca320ca66cd5256c98304598062	1	91	91	8	0.4127	0.0093	0.0001	0.0001	0.0003	0.0002	0.0002	0.0003	0.5767	0.0	101
h31v10	193	2024-07-11	MOD15A2H.A2024193.h31v10.061.2024202040852	2024-07-11T00:00:00Z	2024-07-18T23:59:59Z	https://modiseuwest.blob.core.windows.net/modis-061-cogs/MOD15A2H/31/10/2024193/MOD15A2H.A2024193.h31v10.061.2024202040852_Fpar_500m.tif	2361295	srsExo3TdYcH4GerYqOeCw==	b2bb04c68dd3758707e067ab62a39e0b	1	100	100	0	0.5108	0.023	0.0005	0.0004	0.0005	0.0007	0.0008	0.0012	0.4622	0.0	94
h31v11	193	2024-07-11	MOD15A2H.A2024193.h31v11.061.2024202040939	2024-07-11T00:00:00Z	2024-07-18T23:59:59Z	https://modiseuwest.blob.core.windows.net/modis-061-cogs/MOD15A2H/31/11/2024193/MOD15A2H.A2024193.h31v11.061.2024202040939_Fpar_500m.tif	3343863	qU/LQ9Tg2wNW106XUHnKkA==	a94fcb43d4e0db0356d74e975079ca90	1	99	99	4	0.7276	0.0152	0.0003	0.0004	0.0003	0.0005	0.0006	0.001	0.2541	0.0	97
h31v12	193	2024-07-11	MOD15A2H.A2024193.h31v12.061.2024202041613	2024-07-11T00:00:00Z	2024-07-18T23:59:59Z	https://modiseuwest.blob.core.windows.net/modis-061-cogs/MOD15A2H/31/12/2024193/MOD15A2H.A2024193.h31v12.061.2024202041613_Fpar_500m.tif	524202	eB7d4CEMYyC2jwhJldSpow==	781edde0210c6320b68f084995d4a9a3	1	60	60	1	0.0796	0.0087	0.0001	0.0001	0.0001	0.0002	0.0002	0.0002	0.9012	0.0097	97
h28v08	193	2024-07-11	MOD15A2H.A2024193.h28v08.061.2024202040402	2024-07-11T00:00:00Z	2024-07-18T23:59:59Z	https://modiseuwest.blob.core.windows.net/modis-061-cogs/MOD15A2H/28/08/2024193/MOD15A2H.A2024193.h28v08.061.2024202040402_Fpar_500m.tif	1008228	QldNhV1kYfMgxmL0fHob5A==	42574d855d6461f320c662f47c7a1be4	1	65	65	6	0.1947	0.0311	0.0005	0.0006	0.0009	0.0011	0.0011	0.0017	0.7683	0.0	101
h29v08	193	2024-07-11	MOD15A2H.A2024193.h29v08.061.2024202040944	2024-07-11T00:00:00Z	2024-07-18T23:59:59Z	https://modiseuwest.blob.core.windows.net/modis-061-cogs/MOD15A2H/29/08/2024193/MOD15A2H.A2024193.h29v08.061.2024202040944_Fpar_500m.tif	1843968	1vnCjqFUl1p3d9ynpT1ADg==	d6f9c28ea154975a7777dca7a53d400e	1	43	43	15	0.3429	0.0225	0.0004	0.0004	0.0005	0.0008	0.0009	0.0012	0.6305	0.0	101
h31v09	193	2024-07-11	MOD15A2H.A2024193.h31v09.061.2024202041459	2024-07-11T00:00:00Z	2024-07-18T23:59:59Z	https://modiseuwest.blob.core.windows.net/modis-061-cogs/MOD15A2H/31/09/2024193/MOD15A2H.A2024193.h31v09.061.2024202041459_Fpar_500m.tif	1863461	WVMGaShQ0gze75iHf5wz3g==	595306692850d20cdeef98877f9c33de	1	37	37	18	0.3216	0.0361	0.0006	0.0007	0.0008	0.0009	0.0013	0.0019	0.6362	0.0	101
h32v09	193	2024-07-11	MOD15A2H.A2024193.h32v09.061.2024202040947	2024-07-11T00:00:00Z	2024-07-18T23:59:59Z	https://modiseuwest.blob.core.windows.net/modis-061-cogs/MOD15A2H/32/09/2024193/MOD15A2H.A2024193.h32v09.061.2024202040947_Fpar_500m.tif	1902037	O5DI+dBu62knAcS6olkfvw==	3b90c8f9d06eeb692701c4baa2591fbf	1	41	41	16	0.3382	0.0257	0.0005	0.0005	0.0006	0.0007	0.0011	0.0015	0.6313	0.0	101
