frame	pair	filename	size_bytes	last_modified	width	height	compression	predictor	probe_zero_fraction	sha256	url
001A_05031_131313	20230608_20230620	20230608_20230620.geo.unw.tif	18080756	Tue, 25 Nov 2025 00:08:17 GMT	3498	2689	8	3	0.3285	aa77c926df167887b42fd5ef1f9c1eede52cf0b9f7036dc09a194293bb21db01	https://gws-access.jasmin.ac.uk/public/nceo_geohazards/LiCSAR_products.public/1/001A_05031_131313/interferograms/20230608_20230620/20230608_20230620.geo.unw.tif
001A_05031_131313	20230620_20230702	20230620_20230702.geo.unw.tif	17218792	Tue, 25 Nov 2025 00:08:53 GMT	3498	2689	8	3	0.3274	bc8a9f39adb8ff9473431747e57d975db9ac1e60c9c622af7db7cad173a9f6f0	https://gws-access.jasmin.ac.uk/public/nceo_geohazards/LiCSAR_products.public/1/001A_05031_131313/interferograms/20230620_20230702/20230620_20230702.geo.unw.tif
001A_05031_131313	20230702_20230714	20230702_20230714.geo.unw.tif	17561287	Tue, 25 Nov 2025 00:09:34 GMT	3498	2689	8	3	0.328	f232db5eef6ccaf08a8897944e5c7567e1ff10be7a4ec989f85de283301e5094	https://gws-access.jasmin.ac.uk/public/nceo_geohazards/LiCSAR_products.public/1/001A_05031_131313/interferograms/20230702_20230714/20230702_20230714.geo.unw.tif
001A_05031_131313	20230714_20230726	20230714_20230726.geo.unw.tif	17133530	Tue, 25 Nov 2025 00:09:49 GMT	3498	2689	8	3	0.3275	e1c38449e89ae07c6dec33582cd4fb43636e1943c79b3ad8a37ce57d4727c54b	https://gws-access.jasmin.ac.uk/public/nceo_geohazards/LiCSAR_products.public/1/001A_05031_131313/interferograms/20230714_20230726/20230714_20230726.geo.unw.tif
001A_05031_131313	20230726_20230807	20230726_20230807.geo.unw.tif	17092675	Tue, 25 Nov 2025 00:10:04 GMT	3498	2689	8	3	0.3277	3c7de4d1abe1047791f4154e18d852dbd9843e4949fbd71b5d5a8026762091b4	https://gws-access.jasmin.ac.uk/public/nceo_geohazards/LiCSAR_products.public/1/001A_05031_131313/interferograms/20230726_20230807/20230726_20230807.geo.unw.tif
001A_05031_131313	20230807_20230819	20230807_20230819.geo.unw.tif	17469504	Tue, 25 Nov 2025 00:10:17 GMT	3498	2689	8	3	0.3274	102b2d855a2d61f92160ba104e29aa4940b89e530f3781d46ce82a8f0b5b0f27	https://gws-access.jasmin.ac.uk/public/nceo_geohazards/LiCSAR_products.public/1/001A_05031_131313/interferograms/20230807_20230819/20230807_20230819.geo.unw.tif
043A_05221_121313	20230611_20230623	20230611_20230623.geo.unw.tif	35526584	Fri, 13 Jun 2025 00:51:48 GMT	3364	2639	1	1	0.3288	f13a6133dde18d310bce9213507348bfc53b7e320ce932197c6b5719ea2a8c83	https://gws-access.jasmin.ac.uk/public/nceo_geohazards/LiCSAR_products.public/43/043A_05221_121313/interferograms/20230611_20230623/20230611_20230623.geo.unw.tif
043A_05221_121313	20230623_20230705	20230623_20230705.geo.unw.tif	35526584	Fri, 13 Jun 2025 00:52:02 GMT	3364	2639	1	1	0.3268	54066c7ab136baa2aed8194aba4a054c55a1fde61b459c2654b622fc99075cf1	https://gws-access.jasmin.ac.uk/public/nceo_geohazards/LiCSAR_products.public/43/043A_05221_121313/interferograms/20230623_20230705/20230623_20230705.geo.unw.tif
043A_05221_121313	20230705_20230717	20230705_20230717.geo.unw.tif	35526584	Fri, 13 Jun 2025 00:52:08 GMT	3364	2639	1	1	0.3225	f116e09ca2315f4ec0060b81c90d6af9c8da10cf6410fd6f32b51f1825d679c3	https://gws-access.jasmin.ac.uk/public/nceo_geohazards/LiCSAR_products.public/43/043A_05221_121313/interferograms/20230705_20230717/20230705_20230717.geo.unw.tif
043A_05221_121313	20230717_20230729	20230717_20230729.geo.unw.tif	35526584	Fri, 13 Jun 2025 00:52:10 GMT	3364	2639	1	1	0.3219	768265a94769708373abf277aabc18d0a901c55761fe557155efbd75b2e9313b	https://gws-access.jasmin.ac.uk/public/nceo_geohazards/LiCSAR_products.public/43/043A_05221_121313/interferograms/20230717_20230729/20230717_20230729.geo.unw.tif
043A_05221_121313	20230729_20230810	20230729_20230810.geo.unw.tif	35526584	Fri, 13 Jun 2025 00:52:12 GMT	3364	2639	1	1	0.3275	762a9e977bdb75b6d424e9cfca44199200f9b7c6d6ed7a3408f6e55017d80981	https://gws-access.jasmin.ac.uk/public/nceo_geohazards/LiCSAR_products.public/43/043A_05221_121313/interferograms/20230729_20230810/20230729_20230810.geo.unw.tif
043A_05221_121313	20230810_20230822	20230810_20230822.geo.unw.tif	35526584	Fri, 13 Jun 2025 00:52:23 GMT	3364	2639	1	1	0.3243	7afa0d22689b61eee76f5f1bc304ea298f382a881c373db13bae322558679039	https://gws-access.jasmin.ac.uk/public/nceo_geohazards/LiCSAR_products.public/43/043A_05221_121313/interferograms/20230810_20230822/20230810_20230822.geo.unw.tif
050D_05246_131313	20230612_20230624	20230612_20230624.geo.unw.tif	39784306	Sat, 03 May 2025 11:57:34 GMT	3464	2870	1	1	0.382	7ebb2ace5c40c890c4c08bf4781d39deb1d10c4c51ffb1b7e69d264426c8ac48	https://gws-access.jasmin.ac.uk/public/nceo_geohazards/LiCSAR_products.public/50/050D_05246_131313/interferograms/20230612_20230624/20230612_20230624.geo.unw.tif
050D_05246_131313	20230624_20230706	20230624_20230706.geo.unw.tif	39784306	Sat, 03 May 2025 11:57:46 GMT	3464	2870	1	1	0.3786	af0034e88e6f18ab079b4371e58141b43e1831c3d3cce4f4923e73ecc05c0e00	https://gws-access.jasmin.ac.uk/public/nceo_geohazards/LiCSAR_products.public/50/050D_05246_131313/interferograms/20230624_20230706/20230624_20230706.geo.unw.tif
050D_05246_131313	20230706_20230718	20230706_20230718.geo.unw.tif	39784306	Sat, 03 May 2025 11:57:59 GMT	3464	2870	1	1	0.3769	c8a22437dad48288da13ff6b2d0abddfe8653daa8270f3f927c5cb633a655064	https://gws-access.jasmin.ac.uk/public/nceo_geohazards/LiCSAR_products.public/50/050D_05246_131313/interferograms/20230706_20230718/20230706_20230718.geo.unw.tif
050D_05246_131313	20230718_20230730	20230718_20230730.geo.unw.tif	39784306	Sat, 03 May 2025 11:58:03 GMT	3464	2870	1	1	0.377	90751756a609cd590105c795fdeafbfc3419e94e52ae4ef1e68c1fe01d85b8e6	https://gws-access.jasmin.ac.uk/public/nceo_geohazards/LiCSAR_products.public/50/050D_05246_131313/interferograms/20230718_20230730/20230718_20230730.geo.unw.tif
050D_05246_131313	20230730_20230811	20230730_20230811.geo.unw.tif	39784306	Sat, 03 May 2025 11:58:06 GMT	3464	2870	1	1	0.3879	c963b8d98202e9d3f87f09bfa87b3277db3c77f79fa55051a41e321e24eac434	https://gws-access.jasmin.ac.uk/public/nceo_geohazards/LiCSAR_products.public/50/050D_05246_131313/interferograms/20230730_20230811/20230730_20230811.geo.unw.tif
050D_05246_131313	20230811_20230823	20230811_20230823.geo.unw.tif	39784306	Sat, 03 May 2025 11:58:09 GMT	3464	2870	1	1	0.3813	c8cb00f4ba13d83b3a354fe81e681617d0c2d00f7c8fa38d25be78454ed9b997	https://gws-access.jasmin.ac.uk/public/nceo_geohazards/LiCSAR_products.public/50/050D_05246_131313/interferograms/20230811_20230823/20230811_20230823.geo.unw.tif
094D_05100_131313	20230709_20230721	20230709_20230721.geo.unw.tif	36682836	Sat, 03 May 2025 12:37:59 GMT	3414	2685	1	1	0.3242	65ce8fdde72b69da1285218d16cb6d6e8141c379259df489013fe630405eaa5d	https://gws-access.jasmin.ac.uk/public/nceo_geohazards/LiCSAR_products.public/94/094D_05100_131313/interferograms/20230709_20230721/20230709_20230721.geo.unw.tif
094D_05100_131313	20230721_20230802	20230721_20230802.geo.unw.tif	36682836	Sat, 03 May 2025 12:38:03 GMT	3414	2685	1	1	0.3099	73c2a6a41f54b425c17c413dffadf5648db226d0ba31148d750a250fb9db0ade	https://gws-access.jasmin.ac.uk/public/nceo_geohazards/LiCSAR_products.public/94/094D_05100_131313/interferograms/20230721_20230802/20230721_20230802.geo.unw.tif
094D_05100_131313	20230802_20230814	20230802_20230814.geo.unw.tif	36682836	Sat, 03 May 2025 12:38:07 GMT	3414	2685	1	1	0.3075	8e98721b013e694e4b7e83847f9c8d9975fa120d98083a95c608896e6f414275	https://gws-access.jasmin.ac.uk/public/nceo_geohazards/LiCSAR_products.public/94/094D_05100_131313/interferograms/20230802_20230814/20230802_20230814.geo.unw.tif
094D_05100_131313	20230814_20230826	20230814_20230826.geo.unw.tif	36682836	Sat, 03 May 2025 12:38:10 GMT	3414	2685	1	1	0.3062	ed27c20283cf27d72155876bfc1b8f8ed72d6eeae192e25e57c0355d3f3111dd	https://gws-access.jasmin.ac.uk/public/nceo_geohazards/LiCSAR_products.public/94/094D_05100_131313/interferograms/20230814_20230826/20230814_20230826.geo.unw.tif
094D_05100_131313	20230826_20230907	20230826_20230907.geo.unw.tif	36682836	Sat, 03 May 2025 12:38:14 GMT	3414	2685	1	1	0.3087	f2cab34f486f0a66f297d11961fdd92c2ee19e988020336022943da4dd7716ed	https://gws-access.jasmin.ac.uk/public/nceo_geohazards/LiCSAR_products.public/94/094D_05100_131313/interferograms/20230826_20230907/20230826_20230907.geo.unw.tif
094D_05100_131313	20230907_20230919	20230907_20230919.geo.unw.tif	36682836	Sat, 03 May 2025 12:38:18 GMT	3414	2685	1	1	0.3064	35a8a10a2ac549558819d7dd44b8bcf1a36cc8497feda500e3277c24b79eb969	https://gws-access.jasmin.ac.uk/public/nceo_geohazards/LiCSAR_products.public/94/094D_05100_131313/interferograms/20230907_20230919/20230907_20230919.geo.unw.tif
