member_name	payload_bytes	sha256
lidar/val/2022-07-22_flight/2022-07-22_flight__0086_1658494257998064715_vls128.bin	2902432	f4fb2f828efde296a590a609bebd7abcc2e052cb9c7b7fe7ced2ff324e8d3399
lidar/val/2022-07-22_flight/2022-07-22_flight__0119_1658494329714364566_vls128.bin	2723248	3540d8a5392a672febee2ca007042191a5c6134263ec8726583efd7b15acdbb4
lidar/val/2022-07-22_flight/2022-07-22_flight__0150_1658494441632449396_vls128.bin	1907152	2fd1836e1d6f8ade2d532610f97e658a1f0461866bb74e5d47540c956ea5eee1
lidar/val/2022-07-22_flight/2022-07-22_flight__0182_1658494524095758283_vls128.bin	3017040	e7695c390e553e2eec6fd548a9ec6fc47635ec7671387db379531a3da4829f36
lidar/val/2022-07-22_flight/2022-07-22_flight__0200_1658494609967409704_vls128.bin	3242208	4d3b12d6e4470e33a16c794756b6e940e244907d0c7da6d2fd056a08ef06811a
lidar/val/2022-07-22_flight/2022-07-22_flight__0219_1658494696153252996_vls128.bin	3181040	0291d5ff15a3c4a611fe0fe684223ff1385acc3bb13297d42d6f34e1b8e0f613
lidar/val/2022-07-22_flight/2022-07-22_flight__0238_1658494772629268719_vls128.bin	3064288	afd1e07641d5165c3e2590fb93013547240623ae7481df3077774322686bbaf0
lidar/val/2022-07-22_flight/2022-07-22_flight__0257_1658494852723718244_vls128.bin	3366416	9f92e0f1a74620909cbe5e4518da5aa92a504f34a50afc1c7a92db851da650d7
lidar/val/2022-08-30_siegertsbrunn_feldwege/2022-08-30_siegertsbrunn_feldwege__0534_1661860618234403548_vls128.bin	2218224	c94d915afece44f136ae1a95517d11752109a9f44acbede75e2460ada7b2f0c4
lidar/val/2022-08-30_siegertsbrunn_feldwege/2022-08-30_siegertsbrunn_feldwege__0547_1661860662343751070_vls128.bin	2136240	6ce36b478aef59c173115b9ff66e392f7981c3f0147f024e80ede9beae65b9f0
lidar/val/2022-08-30_siegertsbrunn_feldwege/2022-08-30_siegertsbrunn_feldwege__0560_1661860746676777290_vls128.bin	2113744	b043d1e625abd3b04179cd456ab3a264463e08a873253e78bcb5f35c0ec8f733
lidar/val/2022-08-30_siegertsbrunn_feldwege/2022-08-30_siegertsbrunn_feldwege__0573_1661860827964672506_vls128.bin	2070784	15b7f55b31057c1d33d6a08ad3d97ee1974c7bb520f4130ebeb6c24a526ea605
lidar/val/2022-08-30_siegertsbrunn_feldwege/2022-08-30_siegertsbrunn_feldwege__0585_1661860905157305325_vls128.bin	1859440	692a60cf3bf4649b2ba91d0b466af778886e43aa900b01dbc730e6e932f80013
lidar/val/2022-08-30_siegertsbrunn_feldwege/2022-08-30_siegertsbrunn_feldwege__0598_1661861039165641550_vls128.bin	1915264	bddf272e411634a9c2e1ae3942423663706bfdd5b027c0574a9c0d87b7b67a46
lidar/val/2022-08-30_siegertsbrunn_feldwege/2022-08-30_siegertsbrunn_feldwege__0611_1661861081069469275_vls128.bin	2131984	950a0727400cc492d1395d44933f27749662382cdf683f3a587d3edbcfae1533
lidar/val/2022-08-30_siegertsbrunn_feldwege/2022-08-30_siegertsbrunn_feldwege__0624_1661861172231883173_vls128.bin	3394224	ad195f919031d8920fd97128daff1b18ee5cb915ac2fe83fd5878c318b4ee47f
lidar/val/2022-09-21_garching_uebungsplatz_2/2022-09-21_garching_uebungsplatz_2__0007_1663755229317969642_vls128.bin	3085376	a1631f9a0be868d68e4c53ba5b110c586af8782df7fb150a32ddd066213e5b38
lidar/val/2022-09-21_garching_uebungsplatz_2/2022-09-21_garching_uebungsplatz_2__0023_1663755294155289803_vls128.bin	3347072	1680335e00c0cd1b744dc7f12f17e1126278a2f36e87a776f790d95ba96d6150
lidar/val/2022-09-21_garching_uebungsplatz_2/2022-09-21_garching_uebungsplatz_2__0038_1663755353192423465_vls128.bin	3383360	25f4d189a892fc26b7f893fece058c9c9077b9e3aa6ba4a584b57d0ca1ce04e0
lidar/val/2022-09-21_garching_uebungsplatz_2/2022-09-21_garching_uebungsplatz_2__0053_1663755542829820476_vls128.bin	3263664	84d0881d1c00ef3c666fa38ec742754a7bd777f144902e247bff35bed4b5c680
lidar/val/2022-09-21_garching_uebungsplatz_2/2022-09-21_garching_uebungsplatz_2__0069_1663755704285819882_vls128.bin	3333680	b20697dfb0b4a7d955578c385e7b0ba131943fa58d2e82beed97cb1127664fba
lidar/val/2022-09-21_garching_uebungsplatz_2/2022-09-21_garching_uebungsplatz_2__0084_1663755761555103413_vls128.bin	3341296	b19523d6cd513707dd6a1f766ff5785f402b8ac7fdd0dea3a350eb85b7aac96a
lidar/val/2022-09-21_garching_uebungsplatz_2/2022-09-21_garching_uebungsplatz_2__0099_1663755850510123248_vls128.bin	3429872	699c6571d81e1e6b23de0cfb135d658c43d78f468488788433028e5601256674
lidar/val/2022-09-21_garching_uebungsplatz_2/2022-09-21_garching_uebungsplatz_2__0115_1663755970949043532_vls128.bin	2792800	90e2454b5dd976fa4a8ead8f87f5227354469dea65adfac22fbe9db8ad6c50f0
lidar/val/2022-12-07_aying_hills/2022-12-07_aying_hills__0009_1670420878948219746_vls128.bin	2919936	03f07e79c2e187a09d938981131c3356e7c1177b34e144536d001c464965486f
lidar/val/2022-12-07_aying_hills/2022-12-07_aying_hills__0025_1670421148708137583_vls128.bin	3029552	fa0d4563fe0ffc2e3f4b16fa8d46b3e667d53af35172f47120a1c7c6857c8e1f
lidar/val/2022-12-07_aying_hills/2022-12-07_aying_hills__0042_1670421312284207423_vls128.bin	3431824	c1b87a1e2bfff7bbe8f03a5ba8decfde10d48c181f8d6feb0080ed7ab659de4c
lidar/val/2022-12-07_aying_hills/2022-12-07_aying_hills__0059_1670421456993279654_vls128.bin	3477408	1b1461ec9ff39fce2fb660752d168c396196337346ac203ba874cc5570037301
lidar/val/2022-12-07_aying_hills/2022-12-07_aying_hills__0075_1670421513886873916_vls128.bin	3199824	5f6ecbbb639bd685092e4f638d47113785ca8467ab93eaba736933298cd7b555
lidar/val/2022-12-07_aying_hills/2022-12-07_aying_hills__0092_1670421552124457993_vls128.bin	3189152	1dac22425a9b803f9099f89ce6e91798f50836a58c4de66ddbe107473ab13d0b
lidar/val/2022-12-07_aying_hills/2022-12-07_aying_hills__0109_1670421592835295547_vls128.bin	3217792	347b57a2866a83d59c28c46ea957eb239131149b055d784f0afed0194130dd4d
lidar/val/2022-12-07_aying_hills/2022-12-07_aying_hills__0125_1670421650862546914_vls128.bin	3273328	41e93f44a49bde18fda63ed732857c25b816f455610dc9cac7205c09fc159c33
lidar/val/2023-01-20_aying_mangfall_2/2023-01-20_aying_mangfall_2__0413_1674223332265003797_vls128.bin	2480816	27da8b25d2c30c2ae3dcd6ef638e2b47c7a9e5c910ff7afe75122820ad6c8770
lidar/val/2023-01-20_aying_mangfall_2/2023-01-20_aying_mangfall_2__0437_1674223466455303633_vls128.bin	2748880	dd6f0fb97f37eccfe13605f62453e73dedeca2357074268f56263b2dbd67a23b
lidar/val/2023-01-20_aying_mangfall_2/2023-01-20_aying_mangfall_2__0461_1674223567360559534_vls128.bin	3095936	582afb449aeaa32925ee54b46439702863d1293d034f6e25af53d0b2818c0e48
lidar/val/2023-01-20_aying_mangfall_2/2023-01-20_aying_mangfall_2__0485_1674223751640307690_vls128.bin	3329168	dd0e25ecfb2e4cff2c4301b4e0360c76ec7c7242a7b5d1864e0ee7ad7d3c398d
lidar/val/2023-01-20_aying_mangfall_2/2023-01-20_aying_mangfall_2__0509_1674223810856125789_vls128.bin	3435728	507bcfb495120830b2604949a7fa1faa7d4961cec49193e8120fdd6cd74180fd
lidar/val/2023-01-20_aying_mangfall_2/2023-01-20_aying_mangfall_2__0533_1674223884139527763_vls128.bin	3191184	7469c82d8c7eaeb17a79177647e47047aa1456ff9ff99c612169e3cde446cf7d
lidar/val/2023-01-20_aying_mangfall_2/2023-01-20_aying_mangfall_2__0557_1674224026296838700_vls128.bin	2817440	3a7e503f071efb31a653c78e08e93240ac1371ded7b9304d35f26f3e68092c85
lidar/val/2023-01-20_aying_mangfall_2/2023-01-20_aying_mangfall_2__0581_1674224123516722694_vls128.bin	2854064	9f241d576624eb42cb22a2c0fe282c6592c0d95539c432b203c7f7fe0e5cc0f0
lidar/val/2023-03-03_garching_2/2023-03-03_garching_2__0120_1677850423722666958_vls128.bin	3064800	387322d31bb53d8ba8f8b6b10a8c020e6fc9c2731d37eb056fe0e326291ae1eb
lidar/val/2023-03-03_garching_2/2023-03-03_garching_2__0133_1677850506543711441_vls128.bin	3400560	28455a2ef29e0b4365b227b0eda83c7b87076dbf8fa5ce7500a461d00f0ffd9a
lidar/val/2023-03-03_garching_2/2023-03-03_garching_2__0147_1677850610756901600_vls128.bin	3322608	7cd6cbff2bc7a618baac0e6a9ea57227c325339304c4772366d268193ffac196
lidar/val/2023-03-03_garching_2/2023-03-03_garching_2__0160_1677850688734114278_vls128.bin	3320560	832f43313d6e188a76e6aac8aaa31798a7ac1a05c36a7ab15e195ad082854386
lidar/val/2023-03-03_garching_2/2023-03-03_garching_2__0173_1677850791805461860_vls128.bin	2573504	62971c706fbea207e0e901f226dd5da6452086b8d0bbd66477447a96b3f3ad75
lidar/val/2023-03-03_garching_2/2023-03-03_garching_2__0186_1677850852590109935_vls128.bin	3210736	5caf373c18729202f39b6a5fb9d4081e34741f794b4e6cdcd973497a41c1811c
lidar/val/2023-03-03_garching_2/2023-03-03_garching_2__0200_1677850932148817318_vls128.bin	3271728	d778ad2cb1b0bc869eb52bee7c6fcf2cce6190acdbe900e335d14aaa89456f6a
lidar/val/2023-03-03_garching_2/2023-03-03_garching_2__0213_1677851015500638478_vls128.bin	3387120	576eafdc43b2eccb1a32d186a6c10d911aeb74e1f61c793ac78f80ee70095e92
lidar/val/2023-05-15_neubiberg_rain/2023-05-15_neubiberg_rain__0627_1684157862063584296_vls128.bin	3124400	ca6927b22f44149a02ab8e621739d0d0755d25378fef5d2abb67cdd387119b0b
lidar/val/2023-05-15_neubiberg_rain/2023-05-15_neubiberg_rain__0636_1684157900403786296_vls128.bin	3178928	8b70f2389ac928e27edb9c7d551b5009e67ac7ebbf23903b804149223ab76aaf
lidar/val/2023-05-15_neubiberg_rain/2023-05-15_neubiberg_rain__0645_1684157921026014889_vls128.bin	3257344	97fa57eca20f295bc345cff56dc971493b14df9b58adbd1df3f2ecc514b7c115
lidar/val/2023-05-15_neubiberg_rain/2023-05-15_neubiberg_rain__0654_1684157935119052765_vls128.bin	3345584	b0c5b77be586f308a56a224ab95f997938c14cfc850af15cd52a9ec24918c714
lidar/val/2023-05-15_neubiberg_rain/2023-05-15_neubiberg_rain__0664_1684158000816450690_vls128.bin	2860368	df720c4bc45349e697fba043f13e30bb7079876dc6d03540ecfe9bcd876ebcbf
lidar/val/2023-05-15_neubiberg_rain/2023-05-15_neubiberg_rain__0673_1684158136666825123_vls128.bin	2809008	a885d983fb317348025fa3b85fff721d7cf44bc832b2a4aaa98c23253437af77
lidar/val/2023-05-15_neubiberg_rain/2023-05-15_neubiberg_rain__0682_1684158172209467336_vls128.bin	2651456	4cef3a9a3018240b817e8df28824eb3acb4744323eb40b7aba7c0b1e9573944b
lidar/val/2023-05-15_neubiberg_rain/2023-05-15_neubiberg_rain__0691_1684158228061556386_vls128.bin	3315632	ef9d00a21df353ad7caab02b3676fec48f96db80e55caee73e909a34b563781e
lidar/val/2023-05-17_neubiberg_sunny/2023-05-17_neubiberg_sunny__0384_1684329750435328885_vls128.bin	1204640	f4f459872daae4183dd15125df940c42d32f65c7d5e86ce8d2b87e6f6521f778
lidar/val/2023-05-17_neubiberg_sunny/2023-05-17_neubiberg_sunny__0394_1684329798211065796_vls128.bin	3227488	0809bd43ee29f1f59336f54803a8c64767761c36d2d083886b02e61b07d9398b
lidar/val/2023-05-17_neubiberg_sunny/2023-05-17_neubiberg_sunny__0404_1684329837294524433_vls128.bin	1662464	cf26b10be11a7f9534a098f338dd318e524f31f3c7a43169cb384d83ccdd90de
lidar/val/2023-05-17_neubiberg_sunny/2023-05-17_neubiberg_sunny__0414_1684329858640213016_vls128.bin	2294416	ece4ef9243f56f5ee103305a69504f5a219a124664c44412b31fcb30e6c077f4
lidar/val/2023-05-17_neubiberg_sunny/2023-05-17_neubiberg_sunny__0424_1684329894093508246_vls128.bin	1874272	779ce030dcdf759e8d398f3315be0d64776e704fba6ac452c6d569730d5fb837
lidar/val/2023-05-17_neubiberg_sunny/2023-05-17_neubiberg_sunny__0434_1684329943943709425_vls128.bin	3334384	a745974c34426e9d1dd6355e60a5d7f00869c3ceb67156a18c8d7eb8535575ac
lidar/val/2023-05-17_neubiberg_sunny/2023-05-17_neubiberg_sunny__0444_1684329966029236668_vls128.bin	1403600	fa875c5c21c4ea12d7d0b45d9a150abdfc862cbb5611d9f2a492535a8e82fe84
lidar/val/2023-05-17_neubiberg_sunny/2023-05-17_neubiberg_sunny__0454_1684329997759205306_vls128.bin	1998096	7e03dd875e854ed34b6596febfc787d958263edddced829e5d9c78a94c5e1cf1
