seq	sample_id	ambient_condition	profile	test_start_local	repo_path	size_bytes	sha256
1	25degC_Cycle_1	25degC	Cycle_1	2017-03-18T02:17	Panasonic 18650PF Data/25degC/Drive cycles/03-18-17_02.17 25degC_Cycle_1_Pan18650PF.mat	2857090	2926d32c3790062a5b29eeb5fdde7a580ae4d09b7a50b4ee9951ae5a42f24e28
2	25degC_Cycle_2	25degC	Cycle_2	2017-03-19T03:25	Panasonic 18650PF Data/25degC/Drive cycles/03-19-17_03.25 25degC_Cycle_2_Pan18650PF.mat	2921369	9e716ba5040ead435bec2c3d382c87db1b8f7580ea262e2d8613bc109e3e67ea
3	25degC_Cycle_3	25degC	Cycle_3	2017-03-19T09:07	Panasonic 18650PF Data/25degC/Drive cycles/03-19-17_09.07 25degC_Cycle_3_Pan18650PF.mat	2630402	e7623286ed0f3269021141e2efdba95eb648a68e725d2c63520ce693623511fb
4	25degC_Cycle_4	25degC	Cycle_4	2017-03-19T14:31	Panasonic 18650PF Data/25degC/Drive cycles/03-19-17_14.31 25degC_Cycle_4_Pan18650PF.mat	3175271	5623114bb567a4afd9ffc5167a8d3961682d5d332030d070e735659c18082895
5	25degC_US06	25degC	US06	2017-03-20T01:43	Panasonic 18650PF Data/25degC/Drive cycles/03-20-17_01.43 25degC_US06_Pan18650PF.mat	1414084	c12a57f8fa2bfcb7fcd30f243781390e1567acb369da647e6bdc08885deb0ac4
6	25degC_HWFTa	25degC	HWFTa	2017-03-20T05:56	Panasonic 18650PF Data/25degC/Drive cycles/03-20-17_05.56 25degC_HWFTa_Pan18650PF.mat	2007189	333d23b6eb7615d673190ee77d74e54f76ddbdc2b607eae6d1dd57ef6ed0e77b
7	25degC_HWFTb	25degC	HWFTb	2017-03-20T19:27	Panasonic 18650PF Data/25degC/Drive cycles/03-20-17_19.27 25degC_HWFTb_Pan18650PF.mat	1970700	ecb2fe03608f26ea03b3d8520f86ad1eb51f7d358a97b290467afebc885af325
8	25degC_UDDS	25degC	UDDS	2017-03-21T00:29	Panasonic 18650PF Data/25degC/Drive cycles/03-21-17_00.29 25degC_UDDS_Pan18650PF.mat	5526237	cb9d830727474c17a8eb624bfd16bbf1f4c306c8d32f831ed58ccdb820f0376a
9	25degC_LA92	25degC	LA92	2017-03-21T09:38	Panasonic 18650PF Data/25degC/Drive cycles/03-21-17_09.38 25degC_LA92_Pan18650PF.mat	3635022	808e837526a8c319b9ea5c63466205de900eab6d708445318e9db0a082fe6f31
10	25degC_NN	25degC	NN	2017-03-21T16:27	Panasonic 18650PF Data/25degC/Drive cycles/03-21-17_16.27 25degC_NN_Pan18650PF.mat	3111972	972a98f2fc86307dbcf9c3c9300ff7650bb6bb25943c245d789bce09e889630c
11	10degC_US06	10degC	US06	2017-03-27T09:06	Panasonic 18650PF Data/10degC/Drive Cycles/03-27-17_09.06 10degC_US06_Pan18650PF.mat	1264871	7020ba0944112eb635430ceaddbe287576d06f55ee56840ac3c30feec65af7cd
12	10degC_HWFET	10degC	HWFET	2017-03-27T09:06	Panasonic 18650PF Data/10degC/Drive Cycles/03-27-17_09.06 10degC_HWFET_Pan18650PF.mat	1922029	f37d7b28acbdf8d68d63a50cd5359eb5a37ba755a939007ccd21fa276207d4cd
13	10degC_UDDS	10degC	UDDS	2017-03-27T09:06	Panasonic 18650PF Data/10degC/Drive Cycles/03-27-17_09.06 10degC_UDDS_Pan18650PF.mat	5328359	971ac1c69feeb81e1f469b6385044660df13cc200f78d204d26ef0f70a7f35bb
14	10degC_LA92	10degC	LA92	2017-03-27T09:06	Panasonic 18650PF Data/10degC/Drive Cycles/03-27-17_09.06 10degC_LA92_Pan18650PF.mat	3365878	fa07e78f300ec15d58e110675268c1ca9c20a606526330b3b2d0ec40b1e15c9c
15	10degC_NN	10degC	NN	2017-03-27T09:06	Panasonic 18650PF Data/10degC/Drive Cycles/03-27-17_09.06 10degC_NN_Pan18650PF.mat	2832943	1fdb4734379eb58b92f9a167e93b4022e9914f482ad294c4549375b88caf2125
16	10degC_Cycle_1	10degC	Cycle_1	2017-03-28T12:51	Panasonic 18650PF Data/10degC/Drive Cycles/03-28-17_12.51 10degC_Cycle_1_Pan18650PF.mat	2496164	a90db19e0336657d808e8238e705030dd0b68aeaa4f3b5b523c13e95b074bc24
17	10degC_Cycle_2	10degC	Cycle_2	2017-03-28T18:18	Panasonic 18650PF Data/10degC/Drive Cycles/03-28-17_18.18 10degC_Cycle_2_Pan18650PF.mat	2175419	0d256045162ad5be8ee23b11a331d1646bce92562e266b3270aca42397894d33
18	10degC_Cycle_3	10degC	Cycle_3	2017-04-05T17:04	Panasonic 18650PF Data/10degC/Drive Cycles/04-05-17_17.04 10degC_Cycle_3_Pan18650PF.mat	2721205	aec8445ad51a676cc1451444cd14f9aca62d6355b2fcb1c0b54d3e61655fb769
19	10degC_Cycle_4	10degC	Cycle_4	2017-04-05T22:50	Panasonic 18650PF Data/10degC/Drive Cycles/04-05-17_22.50 10degC_Cycle_4_Pan18650PF.mat	2667860	79a6fd2ab41341003f8c4a6451258bab7d29430fabb1b71a01298fd88edfb799
20	0degC_Cycle_1	0degC	Cycle_1	2017-05-30T12:56	Panasonic 18650PF Data/0degC/Drive cycles/05-30-17_12.56 0degC_Cycle_1_Pan18650PF.mat	2182675	b40c5d6cb7ee52b22e140f7b9fa22fd1ca03fe6c998edaa4ad54cad1786efaa1
21	0degC_Cycle_2	0degC	Cycle_2	2017-05-30T20:16	Panasonic 18650PF Data/0degC/Drive cycles/05-30-17_20.16 0degC_Cycle_2_Pan18650PF.mat	2103994	c3329eae2d18622cfc2a0aeb3b4c64bd6e426ad782166b4e6e452d7fd0d4c3e5
22	0degC_LA92	0degC	LA92	2017-06-01T10:36	Panasonic 18650PF Data/0degC/Drive cycles/06-01-17_10.36 0degC_LA92_Pan18650PF.mat	1997264	3225340cb1a3b8ef2527c703b71953ff7e47b853bf2442b9eb0185e37c5d7e4a
23	0degC_NN	0degC	NN	2017-06-01T10:36	Panasonic 18650PF Data/0degC/Drive cycles/06-01-17_10.36 0degC_NN_Pan18650PF.mat	1481656	697d8d0a1a79fceb1eb6e52609de815bcbceaf8bc336242f245ac4fda601522c
24	0degC_Cycle_3	0degC	Cycle_3	2017-06-01T15:36	Panasonic 18650PF Data/0degC/Drive cycles/06-01-17_15.36 0degC_Cycle_3_Pan18650PF.mat	1527906	6a37121c2ab6d7794dcb502b01e97aa1de1ca3f3ee6d0a628b56f2f96cb5de9c
25	0degC_Cycle_4	0degC	Cycle_4	2017-06-01T22:03	Panasonic 18650PF Data/0degC/Drive cycles/06-01-17_22.03 0degC_Cycle_4_Pan18650PF.mat	1815106	56f0ee7bd700df37cb272e8bafbb8618add3a324ad351199d59f596ea5c2be49
26	0degC_US06	0degC	US06	2017-06-02T04:58	Panasonic 18650PF Data/0degC/Drive cycles/06-02-17_04.58 0degC_US06_Pan18650PF.mat	986553	03707d28515c2d83ebcf9f29d52246c76706384b6846fd6a1adade88b624038e
27	0degC_HWFET	0degC	HWFET	2017-06-02T10:43	Panasonic 18650PF Data/0degC/Drive cycles/06-02-17_10.43 0degC_HWFET_Pan18650PF.mat	1593804	63e95c5d0c1c071f77137ad4518c1550845f20f9acded0440b8a34a8ce77927c
28	0degC_UDDS	0degC	UDDS	2017-06-02T17:14	Panasonic 18650PF Data/0degC/Drive cycles/06-02-17_17.14 0degC_UDDS_Pan18650PF.mat	2939920	f43128fcacbd3f2c65955e02a0431be32addd1c0c847677cbe30e9d9054c6aa5
29	n10degC_US06	-10degC	US06	2017-06-07T08:39	Panasonic 18650PF Data/-10degC/Drive Cycles/06-07-17_08.39 n10degC_US06_Pan18650PF.mat	739049	27bda635029b8366693a1820886cf0360ada6d35e7117a2781e319d923454bee
30	n10degC_HWFET	-10degC	HWFET	2017-06-07T08:39	Panasonic 18650PF Data/-10degC/Drive Cycles/06-07-17_08.39 n10degC_HWFET_Pan18650PF.mat	1182027	8fee9a3b05650435c1ca9333cf3594da8c8327a28d8fc348b6f6f82f4f6f0f00
31	n10degC_UDDS	-10degC	UDDS	2017-06-07T08:39	Panasonic 18650PF Data/-10degC/Drive Cycles/06-07-17_08.39 n10degC_UDDS_Pan18650PF.mat	2211870	51946cb4d4582f15ab43ae3c75b80a3fa2a8c5f653a78327322d35f3e19b8d88
32	n10degC_LA92	-10degC	LA92	2017-06-07T08:39	Panasonic 18650PF Data/-10degC/Drive Cycles/06-07-17_08.39 n10degC_LA92_Pan18650PF.mat	1482070	360f05f5919e5e1b4a83fe293df9e340eb1b1a3649e966aec64aebcbf10857e6
33	n10degC_Cycle_1	-10degC	Cycle_1	2017-06-10T11:25	Panasonic 18650PF Data/-10degC/Drive Cycles/06-10-17_11.25 n10degC_Cycle_1_Pan18650PF.mat	1279314	45ce47204c56d87aca39d6fa230c855e7a595cacf1196174a6e51e8a2c539be6
34	n10degC_Cycle_2	-10degC	Cycle_2	2017-06-10T18:35	Panasonic 18650PF Data/-10degC/Drive Cycles/06-10-17_18.35 n10degC_Cycle_2_Pan18650PF.mat	1275234	19005058e773e34b9aa5b09daa67a53a8c3bf614e0ca52838ae7b48110b99611
35	n10degC_Cycle_3	-10degC	Cycle_3	2017-06-11T01:39	Panasonic 18650PF Data/-10degC/Drive Cycles/06-11-17_01.39 n10degC_Cycle_3_Pan18650PF.mat	1215626	33a1280581ba58444000942801815488d5a7aaff7a1187fdf447260d3c4921bc
36	n10degC_Cycle_4	-10degC	Cycle_4	2017-06-11T08:42	Panasonic 18650PF Data/-10degC/Drive Cycles/06-11-17_08.42 n10degC_Cycle_4_Pan18650PF.mat	1306776	34fc0f4be078b6d2476c42905dc6df4f54b04b8f744ecf538e200d42db9b9056
37	n10degC_NN	-10degC	NN	2017-06-14T13:12	Panasonic 18650PF Data/-10degC/Drive Cycles/06-14-17_13.12 n10degC_NN_Pan18650PF.mat	1281733	ac1140d881ac4f3b28e2c84828116849355c053115dc57d96ec6ffc9a8628c61
38	n20degC_HWFET	-20degC	HWFET	2017-06-23T23:35	Panasonic 18650PF Data/-20degC/Drive cycles/06-23-17_23.35 n20degC_HWFET_Pan18650PF.mat	1232809	d85f64f4ba1ae0428287d7ac55d24842b1e37f0db1ffcd9178f326600fd9b1ac
39	n20degC_UDDS	-20degC	UDDS	2017-06-23T23:35	Panasonic 18650PF Data/-20degC/Drive cycles/06-23-17_23.35 n20degC_UDDS_Pan18650PF.mat	2289265	755a3a1aa8614eda9757ef19dedeb8d633ebd951d3c940af20e74b494f89b12f
40	n20degC_LA92	-20degC	LA92	2017-06-23T23:35	Panasonic 18650PF Data/-20degC/Drive cycles/06-23-17_23.35 n20degC_LA92_Pan18650PF.mat	1505859	840eb1c877bdc28ef6559f849acb29cd3a36cd9b04e3514aa20de4d43f130598
41	n20degC_NN	-20degC	NN	2017-06-23T23:35	Panasonic 18650PF Data/-20degC/Drive cycles/06-23-17_23.35 n20degC_NN_Pan18650PF.mat	1132531	97ddbdfe85d479c8b6dc6b109af1afe53a1785986d579d91bf759b3506f5b7b7
42	n20degC_Cycle_1	-20degC	Cycle_1	2017-06-24T04:29	Panasonic 18650PF Data/-20degC/Drive cycles/06-24-17_04.29 n20degC_Cycle_1_Pan18650PF.mat	1343593	0c89885a495a50105d80f04530a6e6fe5cf8d806c3e126867a59db03a68c1705
43	n20degC_Cycle_2	-20degC	Cycle_2	2017-06-24T11:58	Panasonic 18650PF Data/-20degC/Drive cycles/06-24-17_11.58 n20degC_Cycle_2_Pan18650PF.mat	1342100	016403f9ab3435caec1b1d151996924aa542902e60de8cf111eb2df9a7bfd97c
44	n20degC_Cycle_3	-20degC	Cycle_3	2017-06-24T19:29	Panasonic 18650PF Data/-20degC/Drive cycles/06-24-17_19.29 n20degC_Cycle_3_Pan18650PF.mat	1332724	170c2c38deea039341dc1291882c120f910b880618bf3586d44864a53d6a0b09
45	n20degC_Cycle_4	-20degC	Cycle_4	2017-06-25T03:01	Panasonic 18650PF Data/-20degC/Drive cycles/06-25-17_03.01 n20degC_Cycle_4_Pan18650PF.mat	1338446	5475ec49a322b735b3d10827624da05228eb4a64b17baf337f9e4e91e3c700b7
46	n20degC_US06	-20degC	US06	2017-06-25T10:31	Panasonic 18650PF Data/-20degC/Drive cycles/06-25-17_10.31 n20degC_US06_Pan18650PF.mat	754606	b8168027851a49846962ab121532384fed1dcc9a2900c45d0446d615d96567eb
47	n20degC_trise_Cycle_1	-20degC_trise	Cycle_1	2017-06-30T19:27	Panasonic 18650PF Data/-20degC Trise/06-30-17_19.27 n20degC_trise_Cycle_1_Pan18650PF.mat	1737478	d23df37595265c5cf488c650019b0308933382f7d658f6357329d593a71cf5a4
48	n20degC_trise_Cycle_2	-20degC_trise	Cycle_2	2017-07-01T01:30	Panasonic 18650PF Data/-20degC Trise/07-01-17_01.30 n20degC_trise_Cycle_2_Pan18650PF.mat	1742278	56a6238b216acdc1e362d278cba8243e6bfb12fcbc143e004eb9aac98fc53bbf
49	n20degC_trise_Cycle_3	-20degC_trise	Cycle_3	2017-07-01T07:36	Panasonic 18650PF Data/-20degC Trise/07-01-17_07.36 n20degC_trise_Cycle_3_Pan18650PF.mat	1538072	0b97379d00c4c80dcce4dfea17d483521ebb278aca27a4cf5d1082fd07f35443
50	n20degC_trise_Cycle_4	-20degC_trise	Cycle_4	2017-07-01T13:42	Panasonic 18650PF Data/-20degC Trise/07-01-17_13.42 n20degC_trise_Cycle_4_Pan18650PF.mat	1890358	3ad370f4f0c39a65d65857686756badc4ff69739ded0adefb407df40a2d61500
51	n20degC_trise_US06	-20degC_trise	US06	2017-07-01T19:59	Panasonic 18650PF Data/-20degC Trise/07-01-17_19.59 n20degC_trise_US06_Pan18650PF.mat	1001756	b9406091e7b96fd9f57f8732dccd9a3d50d07be009a7ae6cec150bb09be31f92
52	10degC_trise_Cycle_1	10degC_trise	Cycle_1	2017-07-09T19:11	Panasonic 18650PF Data/10degC Trise/07-09-17_19.11 10degC_trise_Cycle_1_Pan18650PF.mat	2604064	65a4189c46635ed6d14a9f2e3d6fcf2b717934428f0937b3ecfa5734d6337ced
53	10degC_trise_Cycle_2	10degC_trise	Cycle_2	2017-07-10T01:57	Panasonic 18650PF Data/10degC Trise/07-10-17_01.57 10degC_trise_Cycle_2_Pan18650PF.mat	2632903	15e580befeb91fd38a08f85739d3fc93023e563d95db08da6550fe92e0233cbb
54	10degC_trise_Cycle_3	10degC_trise	Cycle_3	2017-07-10T08:45	Panasonic 18650PF Data/10degC Trise/07-10-17_08.45 10degC_trise_Cycle_3_Pan18650PF.mat	2608329	2c59aff0335284dfa2a9f44d698b87644f0447ded1c29c34b639cb8b00d20067
55	10degC_trise_Cycle_4	10degC_trise	Cycle_4	2017-07-10T15:34	Panasonic 18650PF Data/10degC Trise/07-10-17_15.34 10degC_trise_Cycle_4_Pan18650PF.mat	2563778	b2df3bd51bfd92a77bbd8a1b7bdc86581e57f5964bd22f7025109b29a1899aeb
