member	local_header_offset	range_end	compressed_bytes	uncompressed_bytes	crc32	ping_count	survey_date
15CCT03_SSS_150528201100.xtf	726909853	746114348	19204438	34602624	e9b7f32e	1966	20150528
15CCT03_SSS_150528222700.xtf	1278567857	1296003893	17435979	38545024	973f2312	2190	20150528
15CCT03_SSS_150529155900.xtf	1760667971	1783593569	22925541	41501824	e1fe8301	2358	20150529
15CCT03_SSS_150529160500.xtf	1783593570	1803157850	19564223	35869824	cb1a6b11	2038	20150529
15CCT03_SSS_150529171200.xtf	1914033923	1928345759	14311779	29833024	f55ed188	1695	20150529
15CCT03_SSS_150531160000.xtf	4488791245	4497123719	8332417	17689024	174cd497	1005	20150531
15CCT03_SSS_150531165500.xtf	4710528316	4720951497	10423124	20786624	5ad427c9	1181	20150531
15CCT03_SSS_150531175600.xtf	4958547328	4969639439	11092054	22353024	dc9307ab	1270	20150531
15CCT03_SSS_150601164300.xtf	6334180873	6353706251	19525321	39741824	b6efef55	2258	20150601
15CCT03_SSS_150601175301.xtf	6613762169	6632178455	18416229	34866624	afec751c	1981	20150601
15CCT03_SSS_150601185000.xtf	6872516856	6899180680	26663767	43543424	08323950	2474	20150601
15CCT03_SSS_150601200700.xtf	7217151817	7241420921	24269047	47468224	f3bde713	2697	20150601
15CCT03_SSS_150602143100.xtf	7592686466	7616366591	23680068	41132224	094b30f2	2337	20150602
15CCT03_SSS_153_150602164000.xtf	8132423294	8154036133	21612778	43948224	10c9b2d9	2497	20150602
15CCT03_SSS_153_150602175100.xtf	8433704910	8460273741	26568770	40393024	e14e2915	2295	20150602
15CCT03_SSS_153_150602180300.xtf	8492873771	8507082267	14208435	21613824	4434085d	1228	20150602
15CCT03_SSS_153_150602181300.xtf	8540359159	8562832219	22472999	37682624	de53278d	2141	20150602
15CCT03_SSS_154_150603135900.xtf	9106220255	9120870920	14650604	26313024	72cee4f5	1495	20150603
15CCT03_SSS_154_150603142500.xtf	9208158660	9226491308	18332587	39953024	00ed7236	2270	20150603
15CCT03_SSS_154_150603153000.xtf	9455554184	9476995443	21441198	42892224	67916493	2437	20150603
15CCT03_SSS_154_150603163500.xtf	9754435660	9775892588	21456867	33493824	612a41a9	1903	20150603
15CCT03_SSS_154_150603164100.xtf	9775892589	9799604806	23712156	37946624	68d58a99	2156	20150603
15CCT03_SSS_154_150603164600.xtf	9799604807	9827907760	28302892	47116224	cc93ea3d	2677	20150603
15CCT03_SSS_154_150603165300.xtf	9827907761	9843600919	15693097	23461824	22ade3f4	1333	20150603
